path,label,source_path
data\processed\labelled_4232\Normal\images\Normal-2058.png,Normal,data\raw\radiography\COVID-19_Radiography_Dataset\Normal\images\Normal-2058.png
data\processed\labelled_4232\Normal\images\Normal-7356.png,Normal,data\raw\radiography\COVID-19_Radiography_Dataset\Normal\images\Normal-7356.png
data\processed\labelled_4232\Normal\images\Normal-6989.png,Normal,data\raw\radiography\COVID-19_Radiography_Dataset\Normal\images\Normal-6989.png
data\processed\labelled_4232\Normal\images\Normal-7179.png,Normal,data\raw\radiography\COVID-19_Radiography_Dataset\Normal\images\Normal-7179.png
data\processed\labelled_4232\Normal\images\Normal-3135.png,Normal,data\raw\radiography\COVID-19_Radiography_Dataset\Normal\images\Normal-3135.png
data\processed\labelled_4232\Normal\images\Normal-1866.png,Normal,data\raw\radiography\COVID-19_Radiography_Dataset\Normal\images\Normal-1866.png
data\processed\labelled_4232\Normal\images\Normal-4284.png,Normal,data\raw\radiography\COVID-19_Radiography_Dataset\Normal\images\Normal-4284.png
data\processed\labelled_4232\Normal\images\Normal-8496.png,Normal,data\raw\radiography\COVID-19_Radiography_Dataset\Normal\images\Normal-8496.png
data\processed\labelled_4232\Normal\images\Normal-70.png,Normal,data\raw\radiography\COVID-19_Radiography_Dataset\Normal\images\Normal-70.png
data\processed\labelled_4232\Normal\images\Normal-246.png,Normal,data\raw\radiography\COVID-19_Radiography_Dataset\Normal\images\Normal-246.png
data\processed\labelled_4232\Normal\images\Normal-5658.png,Normal,data\raw\radiography\COVID-19_Radiography_Dataset\Normal\images\Normal-5658.png
data\processed\labelled_4232\Normal\images\Normal-7961.png,Normal,data\raw\radiography\COVID-19_Radiography_Dataset\Normal\images\Normal-7961.png
data\processed\labelled_4232\Normal\images\Normal-2718.png,Normal,data\raw\radiography\COVID-19_Radiography_Dataset\Normal\images\Normal-2718.png
data\processed\labelled_4232\Normal\images\Normal-496.png,Normal,data\raw\radiography\COVID-19_Radiography_Dataset\Normal\images\Normal-496.png
data\processed\labelled_4232\Normal\images\Normal-1969.png,Normal,data\raw\radiography\COVID-19_Radiography_Dataset\Normal\images\Normal-1969.png
data\processed\labelled_4232\Normal\images\Normal-2079.png,Normal,data\raw\radiography\COVID-19_Radiography_Dataset\Normal\images\Normal-2079.png
data\processed\labelled_4232\Normal\images\Normal-1398.png,Normal,data\raw\radiography\COVID-19_Radiography_Dataset\Normal\images\Normal-1398.png
data\processed\labelled_4232\Normal\images\Normal-9194.png,Normal,data\raw\radiography\COVID-19_Radiography_Dataset\Normal\images\Normal-9194.png
data\processed\labelled_4232\Normal\images\Normal-2494.png,Normal,data\raw\radiography\COVID-19_Radiography_Dataset\Normal\images\Normal-2494.png
data\processed\labelled_4232\Normal\images\Normal-8254.png,Normal,data\raw\radiography\COVID-19_Radiography_Dataset\Normal\images\Normal-8254.png
data\processed\labelled_4232\Normal\images\Normal-9274.png,Normal,data\raw\radiography\COVID-19_Radiography_Dataset\Normal\images\Normal-9274.png
data\processed\labelled_4232\Normal\images\Normal-1392.png,Normal,data\raw\radiography\COVID-19_Radiography_Dataset\Normal\images\Normal-1392.png
data\processed\labelled_4232\Normal\images\Normal-2340.png,Normal,data\raw\radiography\COVID-19_Radiography_Dataset\Normal\images\Normal-2340.png
data\processed\labelled_4232\Normal\images\Normal-8402.png,Normal,data\raw\radiography\COVID-19_Radiography_Dataset\Normal\images\Normal-8402.png
data\processed\labelled_4232\Normal\images\Normal-785.png,Normal,data\raw\radiography\COVID-19_Radiography_Dataset\Normal\images\Normal-785.png
data\processed\labelled_4232\Normal\images\Normal-7482.png,Normal,data\raw\radiography\COVID-19_Radiography_Dataset\Normal\images\Normal-7482.png
data\processed\labelled_4232\Normal\images\Normal-10084.png,Normal,data\raw\radiography\COVID-19_Radiography_Dataset\Normal\images\Normal-10084.png
data\processed\labelled_4232\Normal\images\Normal-6827.png,Normal,data\raw\radiography\COVID-19_Radiography_Dataset\Normal\images\Normal-6827.png
data\processed\labelled_4232\Normal\images\Normal-8801.png,Normal,data\raw\radiography\COVID-19_Radiography_Dataset\Normal\images\Normal-8801.png
data\processed\labelled_4232\Normal\images\Normal-4333.png,Normal,data\raw\radiography\COVID-19_Radiography_Dataset\Normal\images\Normal-4333.png
data\processed\labelled_4232\Normal\images\Normal-531.png,Normal,data\raw\radiography\COVID-19_Radiography_Dataset\Normal\images\Normal-531.png
data\processed\labelled_4232\Normal\images\Normal-3069.png,Normal,data\raw\radiography\COVID-19_Radiography_Dataset\Normal\images\Normal-3069.png
data\processed\labelled_4232\Normal\images\Normal-8566.png,Normal,data\raw\radiography\COVID-19_Radiography_Dataset\Normal\images\Normal-8566.png
data\processed\labelled_4232\Normal\images\Normal-4851.png,Normal,data\raw\radiography\COVID-19_Radiography_Dataset\Normal\images\Normal-4851.png
data\processed\labelled_4232\Normal\images\Normal-3979.png,Normal,data\raw\radiography\COVID-19_Radiography_Dataset\Normal\images\Normal-3979.png
data\processed\labelled_4232\Normal\images\Normal-6972.png,Normal,data\raw\radiography\COVID-19_Radiography_Dataset\Normal\images\Normal-6972.png
data\processed\labelled_4232\Normal\images\Normal-9167.png,Normal,data\raw\radiography\COVID-19_Radiography_Dataset\Normal\images\Normal-9167.png
data\processed\labelled_4232\Normal\images\Normal-8755.png,Normal,data\raw\radiography\COVID-19_Radiography_Dataset\Normal\images\Normal-8755.png
data\processed\labelled_4232\Normal\images\Normal-1197.png,Normal,data\raw\radiography\COVID-19_Radiography_Dataset\Normal\images\Normal-1197.png
data\processed\labelled_4232\Normal\images\Normal-1876.png,Normal,data\raw\radiography\COVID-19_Radiography_Dataset\Normal\images\Normal-1876.png
data\processed\labelled_4232\Normal\images\Normal-7321.png,Normal,data\raw\radiography\COVID-19_Radiography_Dataset\Normal\images\Normal-7321.png
data\processed\labelled_4232\Normal\images\Normal-4025.png,Normal,data\raw\radiography\COVID-19_Radiography_Dataset\Normal\images\Normal-4025.png
data\processed\labelled_4232\Normal\images\Normal-603.png,Normal,data\raw\radiography\COVID-19_Radiography_Dataset\Normal\images\Normal-603.png
data\processed\labelled_4232\Normal\images\Normal-4382.png,Normal,data\raw\radiography\COVID-19_Radiography_Dataset\Normal\images\Normal-4382.png
data\processed\labelled_4232\Normal\images\Normal-8239.png,Normal,data\raw\radiography\COVID-19_Radiography_Dataset\Normal\images\Normal-8239.png
data\processed\labelled_4232\Normal\images\Normal-1347.png,Normal,data\raw\radiography\COVID-19_Radiography_Dataset\Normal\images\Normal-1347.png
data\processed\labelled_4232\Normal\images\Normal-9230.png,Normal,data\raw\radiography\COVID-19_Radiography_Dataset\Normal\images\Normal-9230.png
data\processed\labelled_4232\Normal\images\Normal-9390.png,Normal,data\raw\radiography\COVID-19_Radiography_Dataset\Normal\images\Normal-9390.png
data\processed\labelled_4232\Normal\images\Normal-6786.png,Normal,data\raw\radiography\COVID-19_Radiography_Dataset\Normal\images\Normal-6786.png
data\processed\labelled_4232\Normal\images\Normal-1492.png,Normal,data\raw\radiography\COVID-19_Radiography_Dataset\Normal\images\Normal-1492.png
data\processed\labelled_4232\Normal\images\Normal-1879.png,Normal,data\raw\radiography\COVID-19_Radiography_Dataset\Normal\images\Normal-1879.png
data\processed\labelled_4232\Normal\images\Normal-3928.png,Normal,data\raw\radiography\COVID-19_Radiography_Dataset\Normal\images\Normal-3928.png
data\processed\labelled_4232\Normal\images\Normal-7679.png,Normal,data\raw\radiography\COVID-19_Radiography_Dataset\Normal\images\Normal-7679.png
data\processed\labelled_4232\Normal\images\Normal-193.png,Normal,data\raw\radiography\COVID-19_Radiography_Dataset\Normal\images\Normal-193.png
data\processed\labelled_4232\Normal\images\Normal-7362.png,Normal,data\raw\radiography\COVID-19_Radiography_Dataset\Normal\images\Normal-7362.png
data\processed\labelled_4232\Normal\images\Normal-6092.png,Normal,data\raw\radiography\COVID-19_Radiography_Dataset\Normal\images\Normal-6092.png
data\processed\labelled_4232\Normal\images\Normal-722.png,Normal,data\raw\radiography\COVID-19_Radiography_Dataset\Normal\images\Normal-722.png
data\processed\labelled_4232\Normal\images\Normal-1684.png,Normal,data\raw\radiography\COVID-19_Radiography_Dataset\Normal\images\Normal-1684.png
data\processed\labelled_4232\Normal\images\Normal-2426.png,Normal,data\raw\radiography\COVID-19_Radiography_Dataset\Normal\images\Normal-2426.png
data\processed\labelled_4232\Normal\images\Normal-2028.png,Normal,data\raw\radiography\COVID-19_Radiography_Dataset\Normal\images\Normal-2028.png
data\processed\labelled_4232\Normal\images\Normal-1131.png,Normal,data\raw\radiography\COVID-19_Radiography_Dataset\Normal\images\Normal-1131.png
data\processed\labelled_4232\Normal\images\Normal-305.png,Normal,data\raw\radiography\COVID-19_Radiography_Dataset\Normal\images\Normal-305.png
data\processed\labelled_4232\Normal\images\Normal-3527.png,Normal,data\raw\radiography\COVID-19_Radiography_Dataset\Normal\images\Normal-3527.png
data\processed\labelled_4232\Normal\images\Normal-1356.png,Normal,data\raw\radiography\COVID-19_Radiography_Dataset\Normal\images\Normal-1356.png
data\processed\labelled_4232\Normal\images\Normal-9302.png,Normal,data\raw\radiography\COVID-19_Radiography_Dataset\Normal\images\Normal-9302.png
data\processed\labelled_4232\Normal\images\Normal-672.png,Normal,data\raw\radiography\COVID-19_Radiography_Dataset\Normal\images\Normal-672.png
data\processed\labelled_4232\Normal\images\Normal-1449.png,Normal,data\raw\radiography\COVID-19_Radiography_Dataset\Normal\images\Normal-1449.png
data\processed\labelled_4232\Normal\images\Normal-5251.png,Normal,data\raw\radiography\COVID-19_Radiography_Dataset\Normal\images\Normal-5251.png
data\processed\labelled_4232\Normal\images\Normal-814.png,Normal,data\raw\radiography\COVID-19_Radiography_Dataset\Normal\images\Normal-814.png
data\processed\labelled_4232\Normal\images\Normal-7431.png,Normal,data\raw\radiography\COVID-19_Radiography_Dataset\Normal\images\Normal-7431.png
data\processed\labelled_4232\Normal\images\Normal-6999.png,Normal,data\raw\radiography\COVID-19_Radiography_Dataset\Normal\images\Normal-6999.png
data\processed\labelled_4232\Normal\images\Normal-8882.png,Normal,data\raw\radiography\COVID-19_Radiography_Dataset\Normal\images\Normal-8882.png
data\processed\labelled_4232\Normal\images\Normal-675.png,Normal,data\raw\radiography\COVID-19_Radiography_Dataset\Normal\images\Normal-675.png
data\processed\labelled_4232\Normal\images\Normal-6945.png,Normal,data\raw\radiography\COVID-19_Radiography_Dataset\Normal\images\Normal-6945.png
data\processed\labelled_4232\Normal\images\Normal-7013.png,Normal,data\raw\radiography\COVID-19_Radiography_Dataset\Normal\images\Normal-7013.png
data\processed\labelled_4232\Normal\images\Normal-7298.png,Normal,data\raw\radiography\COVID-19_Radiography_Dataset\Normal\images\Normal-7298.png
data\processed\labelled_4232\Normal\images\Normal-856.png,Normal,data\raw\radiography\COVID-19_Radiography_Dataset\Normal\images\Normal-856.png
data\processed\labelled_4232\Normal\images\Normal-9340.png,Normal,data\raw\radiography\COVID-19_Radiography_Dataset\Normal\images\Normal-9340.png
data\processed\labelled_4232\Normal\images\Normal-6795.png,Normal,data\raw\radiography\COVID-19_Radiography_Dataset\Normal\images\Normal-6795.png
data\processed\labelled_4232\Normal\images\Normal-8062.png,Normal,data\raw\radiography\COVID-19_Radiography_Dataset\Normal\images\Normal-8062.png
data\processed\labelled_4232\Normal\images\Normal-3487.png,Normal,data\raw\radiography\COVID-19_Radiography_Dataset\Normal\images\Normal-3487.png
data\processed\labelled_4232\Normal\images\Normal-7669.png,Normal,data\raw\radiography\COVID-19_Radiography_Dataset\Normal\images\Normal-7669.png
data\processed\labelled_4232\Normal\images\Normal-10172.png,Normal,data\raw\radiography\COVID-19_Radiography_Dataset\Normal\images\Normal-10172.png
data\processed\labelled_4232\Normal\images\Normal-9858.png,Normal,data\raw\radiography\COVID-19_Radiography_Dataset\Normal\images\Normal-9858.png
data\processed\labelled_4232\Normal\images\Normal-1817.png,Normal,data\raw\radiography\COVID-19_Radiography_Dataset\Normal\images\Normal-1817.png
data\processed\labelled_4232\Normal\images\Normal-9607.png,Normal,data\raw\radiography\COVID-19_Radiography_Dataset\Normal\images\Normal-9607.png
data\processed\labelled_4232\Normal\images\Normal-4864.png,Normal,data\raw\radiography\COVID-19_Radiography_Dataset\Normal\images\Normal-4864.png
data\processed\labelled_4232\Normal\images\Normal-2202.png,Normal,data\raw\radiography\COVID-19_Radiography_Dataset\Normal\images\Normal-2202.png
data\processed\labelled_4232\Normal\images\Normal-8058.png,Normal,data\raw\radiography\COVID-19_Radiography_Dataset\Normal\images\Normal-8058.png
data\processed\labelled_4232\Normal\images\Normal-927.png,Normal,data\raw\radiography\COVID-19_Radiography_Dataset\Normal\images\Normal-927.png
data\processed\labelled_4232\Normal\images\Normal-8232.png,Normal,data\raw\radiography\COVID-19_Radiography_Dataset\Normal\images\Normal-8232.png
data\processed\labelled_4232\Normal\images\Normal-10091.png,Normal,data\raw\radiography\COVID-19_Radiography_Dataset\Normal\images\Normal-10091.png
data\processed\labelled_4232\Normal\images\Normal-83.png,Normal,data\raw\radiography\COVID-19_Radiography_Dataset\Normal\images\Normal-83.png
data\processed\labelled_4232\Normal\images\Normal-3734.png,Normal,data\raw\radiography\COVID-19_Radiography_Dataset\Normal\images\Normal-3734.png
data\processed\labelled_4232\Normal\images\Normal-2193.png,Normal,data\raw\radiography\COVID-19_Radiography_Dataset\Normal\images\Normal-2193.png
data\processed\labelled_4232\Normal\images\Normal-3073.png,Normal,data\raw\radiography\COVID-19_Radiography_Dataset\Normal\images\Normal-3073.png
data\processed\labelled_4232\Normal\images\Normal-1896.png,Normal,data\raw\radiography\COVID-19_Radiography_Dataset\Normal\images\Normal-1896.png
data\processed\labelled_4232\Normal\images\Normal-8997.png,Normal,data\raw\radiography\COVID-19_Radiography_Dataset\Normal\images\Normal-8997.png
data\processed\labelled_4232\Normal\images\Normal-5546.png,Normal,data\raw\radiography\COVID-19_Radiography_Dataset\Normal\images\Normal-5546.png
data\processed\labelled_4232\Normal\images\Normal-5511.png,Normal,data\raw\radiography\COVID-19_Radiography_Dataset\Normal\images\Normal-5511.png
data\processed\labelled_4232\Normal\images\Normal-5392.png,Normal,data\raw\radiography\COVID-19_Radiography_Dataset\Normal\images\Normal-5392.png
data\processed\labelled_4232\Normal\images\Normal-7102.png,Normal,data\raw\radiography\COVID-19_Radiography_Dataset\Normal\images\Normal-7102.png
data\processed\labelled_4232\Normal\images\Normal-1546.png,Normal,data\raw\radiography\COVID-19_Radiography_Dataset\Normal\images\Normal-1546.png
data\processed\labelled_4232\Normal\images\Normal-4623.png,Normal,data\raw\radiography\COVID-19_Radiography_Dataset\Normal\images\Normal-4623.png
data\processed\labelled_4232\Normal\images\Normal-6796.png,Normal,data\raw\radiography\COVID-19_Radiography_Dataset\Normal\images\Normal-6796.png
data\processed\labelled_4232\Normal\images\Normal-2414.png,Normal,data\raw\radiography\COVID-19_Radiography_Dataset\Normal\images\Normal-2414.png
data\processed\labelled_4232\Normal\images\Normal-7893.png,Normal,data\raw\radiography\COVID-19_Radiography_Dataset\Normal\images\Normal-7893.png
data\processed\labelled_4232\Normal\images\Normal-9204.png,Normal,data\raw\radiography\COVID-19_Radiography_Dataset\Normal\images\Normal-9204.png
data\processed\labelled_4232\Normal\images\Normal-2060.png,Normal,data\raw\radiography\COVID-19_Radiography_Dataset\Normal\images\Normal-2060.png
data\processed\labelled_4232\Normal\images\Normal-4707.png,Normal,data\raw\radiography\COVID-19_Radiography_Dataset\Normal\images\Normal-4707.png
data\processed\labelled_4232\Normal\images\Normal-2401.png,Normal,data\raw\radiography\COVID-19_Radiography_Dataset\Normal\images\Normal-2401.png
data\processed\labelled_4232\Normal\images\Normal-366.png,Normal,data\raw\radiography\COVID-19_Radiography_Dataset\Normal\images\Normal-366.png
data\processed\labelled_4232\Normal\images\Normal-6294.png,Normal,data\raw\radiography\COVID-19_Radiography_Dataset\Normal\images\Normal-6294.png
data\processed\labelled_4232\Normal\images\Normal-5155.png,Normal,data\raw\radiography\COVID-19_Radiography_Dataset\Normal\images\Normal-5155.png
data\processed\labelled_4232\Normal\images\Normal-4538.png,Normal,data\raw\radiography\COVID-19_Radiography_Dataset\Normal\images\Normal-4538.png
data\processed\labelled_4232\Normal\images\Normal-3221.png,Normal,data\raw\radiography\COVID-19_Radiography_Dataset\Normal\images\Normal-3221.png
data\processed\labelled_4232\Normal\images\Normal-6267.png,Normal,data\raw\radiography\COVID-19_Radiography_Dataset\Normal\images\Normal-6267.png
data\processed\labelled_4232\Normal\images\Normal-7380.png,Normal,data\raw\radiography\COVID-19_Radiography_Dataset\Normal\images\Normal-7380.png
data\processed\labelled_4232\Normal\images\Normal-4390.png,Normal,data\raw\radiography\COVID-19_Radiography_Dataset\Normal\images\Normal-4390.png
data\processed\labelled_4232\Normal\images\Normal-4204.png,Normal,data\raw\radiography\COVID-19_Radiography_Dataset\Normal\images\Normal-4204.png
data\processed\labelled_4232\Normal\images\Normal-1380.png,Normal,data\raw\radiography\COVID-19_Radiography_Dataset\Normal\images\Normal-1380.png
data\processed\labelled_4232\Normal\images\Normal-1674.png,Normal,data\raw\radiography\COVID-19_Radiography_Dataset\Normal\images\Normal-1674.png
data\processed\labelled_4232\Normal\images\Normal-8244.png,Normal,data\raw\radiography\COVID-19_Radiography_Dataset\Normal\images\Normal-8244.png
data\processed\labelled_4232\Normal\images\Normal-7415.png,Normal,data\raw\radiography\COVID-19_Radiography_Dataset\Normal\images\Normal-7415.png
data\processed\labelled_4232\Normal\images\Normal-6821.png,Normal,data\raw\radiography\COVID-19_Radiography_Dataset\Normal\images\Normal-6821.png
data\processed\labelled_4232\Normal\images\Normal-3795.png,Normal,data\raw\radiography\COVID-19_Radiography_Dataset\Normal\images\Normal-3795.png
data\processed\labelled_4232\Normal\images\Normal-8350.png,Normal,data\raw\radiography\COVID-19_Radiography_Dataset\Normal\images\Normal-8350.png
data\processed\labelled_4232\Normal\images\Normal-4954.png,Normal,data\raw\radiography\COVID-19_Radiography_Dataset\Normal\images\Normal-4954.png
data\processed\labelled_4232\Normal\images\Normal-602.png,Normal,data\raw\radiography\COVID-19_Radiography_Dataset\Normal\images\Normal-602.png
data\processed\labelled_4232\Normal\images\Normal-7788.png,Normal,data\raw\radiography\COVID-19_Radiography_Dataset\Normal\images\Normal-7788.png
data\processed\labelled_4232\Normal\images\Normal-166.png,Normal,data\raw\radiography\COVID-19_Radiography_Dataset\Normal\images\Normal-166.png
data\processed\labelled_4232\Normal\images\Normal-1956.png,Normal,data\raw\radiography\COVID-19_Radiography_Dataset\Normal\images\Normal-1956.png
data\processed\labelled_4232\Normal\images\Normal-2135.png,Normal,data\raw\radiography\COVID-19_Radiography_Dataset\Normal\images\Normal-2135.png
data\processed\labelled_4232\Normal\images\Normal-6766.png,Normal,data\raw\radiography\COVID-19_Radiography_Dataset\Normal\images\Normal-6766.png
data\processed\labelled_4232\Normal\images\Normal-5872.png,Normal,data\raw\radiography\COVID-19_Radiography_Dataset\Normal\images\Normal-5872.png
data\processed\labelled_4232\Normal\images\Normal-9108.png,Normal,data\raw\radiography\COVID-19_Radiography_Dataset\Normal\images\Normal-9108.png
data\processed\labelled_4232\Normal\images\Normal-8338.png,Normal,data\raw\radiography\COVID-19_Radiography_Dataset\Normal\images\Normal-8338.png
data\processed\labelled_4232\Normal\images\Normal-5285.png,Normal,data\raw\radiography\COVID-19_Radiography_Dataset\Normal\images\Normal-5285.png
data\processed\labelled_4232\Normal\images\Normal-9125.png,Normal,data\raw\radiography\COVID-19_Radiography_Dataset\Normal\images\Normal-9125.png
data\processed\labelled_4232\Normal\images\Normal-7244.png,Normal,data\raw\radiography\COVID-19_Radiography_Dataset\Normal\images\Normal-7244.png
data\processed\labelled_4232\Normal\images\Normal-4398.png,Normal,data\raw\radiography\COVID-19_Radiography_Dataset\Normal\images\Normal-4398.png
data\processed\labelled_4232\Normal\images\Normal-6137.png,Normal,data\raw\radiography\COVID-19_Radiography_Dataset\Normal\images\Normal-6137.png
data\processed\labelled_4232\Normal\images\Normal-1787.png,Normal,data\raw\radiography\COVID-19_Radiography_Dataset\Normal\images\Normal-1787.png
data\processed\labelled_4232\Normal\images\Normal-833.png,Normal,data\raw\radiography\COVID-19_Radiography_Dataset\Normal\images\Normal-833.png
data\processed\labelled_4232\Normal\images\Normal-2788.png,Normal,data\raw\radiography\COVID-19_Radiography_Dataset\Normal\images\Normal-2788.png
data\processed\labelled_4232\Normal\images\Normal-2224.png,Normal,data\raw\radiography\COVID-19_Radiography_Dataset\Normal\images\Normal-2224.png
data\processed\labelled_4232\Normal\images\Normal-883.png,Normal,data\raw\radiography\COVID-19_Radiography_Dataset\Normal\images\Normal-883.png
data\processed\labelled_4232\Normal\images\Normal-9758.png,Normal,data\raw\radiography\COVID-19_Radiography_Dataset\Normal\images\Normal-9758.png
data\processed\labelled_4232\Normal\images\Normal-5997.png,Normal,data\raw\radiography\COVID-19_Radiography_Dataset\Normal\images\Normal-5997.png
data\processed\labelled_4232\Normal\images\Normal-1346.png,Normal,data\raw\radiography\COVID-19_Radiography_Dataset\Normal\images\Normal-1346.png
data\processed\labelled_4232\Normal\images\Normal-2923.png,Normal,data\raw\radiography\COVID-19_Radiography_Dataset\Normal\images\Normal-2923.png
data\processed\labelled_4232\Normal\images\Normal-5516.png,Normal,data\raw\radiography\COVID-19_Radiography_Dataset\Normal\images\Normal-5516.png
data\processed\labelled_4232\Normal\images\Normal-9203.png,Normal,data\raw\radiography\COVID-19_Radiography_Dataset\Normal\images\Normal-9203.png
data\processed\labelled_4232\Normal\images\Normal-6166.png,Normal,data\raw\radiography\COVID-19_Radiography_Dataset\Normal\images\Normal-6166.png
data\processed\labelled_4232\Normal\images\Normal-2725.png,Normal,data\raw\radiography\COVID-19_Radiography_Dataset\Normal\images\Normal-2725.png
data\processed\labelled_4232\Normal\images\Normal-5484.png,Normal,data\raw\radiography\COVID-19_Radiography_Dataset\Normal\images\Normal-5484.png
data\processed\labelled_4232\Normal\images\Normal-934.png,Normal,data\raw\radiography\COVID-19_Radiography_Dataset\Normal\images\Normal-934.png
data\processed\labelled_4232\Normal\images\Normal-4657.png,Normal,data\raw\radiography\COVID-19_Radiography_Dataset\Normal\images\Normal-4657.png
data\processed\labelled_4232\Normal\images\Normal-3501.png,Normal,data\raw\radiography\COVID-19_Radiography_Dataset\Normal\images\Normal-3501.png
data\processed\labelled_4232\Normal\images\Normal-92.png,Normal,data\raw\radiography\COVID-19_Radiography_Dataset\Normal\images\Normal-92.png
data\processed\labelled_4232\Normal\images\Normal-7488.png,Normal,data\raw\radiography\COVID-19_Radiography_Dataset\Normal\images\Normal-7488.png
data\processed\labelled_4232\Normal\images\Normal-3006.png,Normal,data\raw\radiography\COVID-19_Radiography_Dataset\Normal\images\Normal-3006.png
data\processed\labelled_4232\Normal\images\Normal-5310.png,Normal,data\raw\radiography\COVID-19_Radiography_Dataset\Normal\images\Normal-5310.png
data\processed\labelled_4232\Normal\images\Normal-6381.png,Normal,data\raw\radiography\COVID-19_Radiography_Dataset\Normal\images\Normal-6381.png
data\processed\labelled_4232\Normal\images\Normal-1313.png,Normal,data\raw\radiography\COVID-19_Radiography_Dataset\Normal\images\Normal-1313.png
data\processed\labelled_4232\Normal\images\Normal-5319.png,Normal,data\raw\radiography\COVID-19_Radiography_Dataset\Normal\images\Normal-5319.png
data\processed\labelled_4232\Normal\images\Normal-5430.png,Normal,data\raw\radiography\COVID-19_Radiography_Dataset\Normal\images\Normal-5430.png
data\processed\labelled_4232\Normal\images\Normal-5294.png,Normal,data\raw\radiography\COVID-19_Radiography_Dataset\Normal\images\Normal-5294.png
data\processed\labelled_4232\Normal\images\Normal-948.png,Normal,data\raw\radiography\COVID-19_Radiography_Dataset\Normal\images\Normal-948.png
data\processed\labelled_4232\Normal\images\Normal-4014.png,Normal,data\raw\radiography\COVID-19_Radiography_Dataset\Normal\images\Normal-4014.png
data\processed\labelled_4232\Normal\images\Normal-7953.png,Normal,data\raw\radiography\COVID-19_Radiography_Dataset\Normal\images\Normal-7953.png
data\processed\labelled_4232\Normal\images\Normal-8470.png,Normal,data\raw\radiography\COVID-19_Radiography_Dataset\Normal\images\Normal-8470.png
data\processed\labelled_4232\Normal\images\Normal-7098.png,Normal,data\raw\radiography\COVID-19_Radiography_Dataset\Normal\images\Normal-7098.png
data\processed\labelled_4232\Normal\images\Normal-2830.png,Normal,data\raw\radiography\COVID-19_Radiography_Dataset\Normal\images\Normal-2830.png
data\processed\labelled_4232\Normal\images\Normal-1177.png,Normal,data\raw\radiography\COVID-19_Radiography_Dataset\Normal\images\Normal-1177.png
data\processed\labelled_4232\Normal\images\Normal-1548.png,Normal,data\raw\radiography\COVID-19_Radiography_Dataset\Normal\images\Normal-1548.png
data\processed\labelled_4232\Normal\images\Normal-9889.png,Normal,data\raw\radiography\COVID-19_Radiography_Dataset\Normal\images\Normal-9889.png
data\processed\labelled_4232\Normal\images\Normal-4924.png,Normal,data\raw\radiography\COVID-19_Radiography_Dataset\Normal\images\Normal-4924.png
data\processed\labelled_4232\Normal\images\Normal-121.png,Normal,data\raw\radiography\COVID-19_Radiography_Dataset\Normal\images\Normal-121.png
data\processed\labelled_4232\Normal\images\Normal-3207.png,Normal,data\raw\radiography\COVID-19_Radiography_Dataset\Normal\images\Normal-3207.png
data\processed\labelled_4232\Normal\images\Normal-6031.png,Normal,data\raw\radiography\COVID-19_Radiography_Dataset\Normal\images\Normal-6031.png
data\processed\labelled_4232\Normal\images\Normal-10030.png,Normal,data\raw\radiography\COVID-19_Radiography_Dataset\Normal\images\Normal-10030.png
data\processed\labelled_4232\Normal\images\Normal-4412.png,Normal,data\raw\radiography\COVID-19_Radiography_Dataset\Normal\images\Normal-4412.png
data\processed\labelled_4232\Normal\images\Normal-3699.png,Normal,data\raw\radiography\COVID-19_Radiography_Dataset\Normal\images\Normal-3699.png
data\processed\labelled_4232\Normal\images\Normal-9927.png,Normal,data\raw\radiography\COVID-19_Radiography_Dataset\Normal\images\Normal-9927.png
data\processed\labelled_4232\Normal\images\Normal-1963.png,Normal,data\raw\radiography\COVID-19_Radiography_Dataset\Normal\images\Normal-1963.png
data\processed\labelled_4232\Normal\images\Normal-1539.png,Normal,data\raw\radiography\COVID-19_Radiography_Dataset\Normal\images\Normal-1539.png
data\processed\labelled_4232\Normal\images\Normal-3893.png,Normal,data\raw\radiography\COVID-19_Radiography_Dataset\Normal\images\Normal-3893.png
data\processed\labelled_4232\Normal\images\Normal-1941.png,Normal,data\raw\radiography\COVID-19_Radiography_Dataset\Normal\images\Normal-1941.png
data\processed\labelled_4232\Normal\images\Normal-6693.png,Normal,data\raw\radiography\COVID-19_Radiography_Dataset\Normal\images\Normal-6693.png
data\processed\labelled_4232\Normal\images\Normal-1218.png,Normal,data\raw\radiography\COVID-19_Radiography_Dataset\Normal\images\Normal-1218.png
data\processed\labelled_4232\Normal\images\Normal-1661.png,Normal,data\raw\radiography\COVID-19_Radiography_Dataset\Normal\images\Normal-1661.png
data\processed\labelled_4232\Normal\images\Normal-2083.png,Normal,data\raw\radiography\COVID-19_Radiography_Dataset\Normal\images\Normal-2083.png
data\processed\labelled_4232\Normal\images\Normal-4920.png,Normal,data\raw\radiography\COVID-19_Radiography_Dataset\Normal\images\Normal-4920.png
data\processed\labelled_4232\Normal\images\Normal-3375.png,Normal,data\raw\radiography\COVID-19_Radiography_Dataset\Normal\images\Normal-3375.png
data\processed\labelled_4232\Normal\images\Normal-4205.png,Normal,data\raw\radiography\COVID-19_Radiography_Dataset\Normal\images\Normal-4205.png
data\processed\labelled_4232\Normal\images\Normal-7346.png,Normal,data\raw\radiography\COVID-19_Radiography_Dataset\Normal\images\Normal-7346.png
data\processed\labelled_4232\Normal\images\Normal-77.png,Normal,data\raw\radiography\COVID-19_Radiography_Dataset\Normal\images\Normal-77.png
data\processed\labelled_4232\Normal\images\Normal-1884.png,Normal,data\raw\radiography\COVID-19_Radiography_Dataset\Normal\images\Normal-1884.png
data\processed\labelled_4232\Normal\images\Normal-861.png,Normal,data\raw\radiography\COVID-19_Radiography_Dataset\Normal\images\Normal-861.png
data\processed\labelled_4232\Normal\images\Normal-7563.png,Normal,data\raw\radiography\COVID-19_Radiography_Dataset\Normal\images\Normal-7563.png
data\processed\labelled_4232\Normal\images\Normal-3256.png,Normal,data\raw\radiography\COVID-19_Radiography_Dataset\Normal\images\Normal-3256.png
data\processed\labelled_4232\Normal\images\Normal-9995.png,Normal,data\raw\radiography\COVID-19_Radiography_Dataset\Normal\images\Normal-9995.png
data\processed\labelled_4232\Normal\images\Normal-9772.png,Normal,data\raw\radiography\COVID-19_Radiography_Dataset\Normal\images\Normal-9772.png
data\processed\labelled_4232\Normal\images\Normal-1742.png,Normal,data\raw\radiography\COVID-19_Radiography_Dataset\Normal\images\Normal-1742.png
data\processed\labelled_4232\Normal\images\Normal-4664.png,Normal,data\raw\radiography\COVID-19_Radiography_Dataset\Normal\images\Normal-4664.png
data\processed\labelled_4232\Normal\images\Normal-5426.png,Normal,data\raw\radiography\COVID-19_Radiography_Dataset\Normal\images\Normal-5426.png
data\processed\labelled_4232\Normal\images\Normal-533.png,Normal,data\raw\radiography\COVID-19_Radiography_Dataset\Normal\images\Normal-533.png
data\processed\labelled_4232\Normal\images\Normal-8336.png,Normal,data\raw\radiography\COVID-19_Radiography_Dataset\Normal\images\Normal-8336.png
data\processed\labelled_4232\Normal\images\Normal-1154.png,Normal,data\raw\radiography\COVID-19_Radiography_Dataset\Normal\images\Normal-1154.png
data\processed\labelled_4232\Normal\images\Normal-2579.png,Normal,data\raw\radiography\COVID-19_Radiography_Dataset\Normal\images\Normal-2579.png
data\processed\labelled_4232\Normal\images\Normal-6735.png,Normal,data\raw\radiography\COVID-19_Radiography_Dataset\Normal\images\Normal-6735.png
data\processed\labelled_4232\Normal\images\Normal-5574.png,Normal,data\raw\radiography\COVID-19_Radiography_Dataset\Normal\images\Normal-5574.png
data\processed\labelled_4232\Normal\images\Normal-6753.png,Normal,data\raw\radiography\COVID-19_Radiography_Dataset\Normal\images\Normal-6753.png
data\processed\labelled_4232\Normal\images\Normal-2892.png,Normal,data\raw\radiography\COVID-19_Radiography_Dataset\Normal\images\Normal-2892.png
data\processed\labelled_4232\Normal\images\Normal-7636.png,Normal,data\raw\radiography\COVID-19_Radiography_Dataset\Normal\images\Normal-7636.png
data\processed\labelled_4232\Normal\images\Normal-8701.png,Normal,data\raw\radiography\COVID-19_Radiography_Dataset\Normal\images\Normal-8701.png
data\processed\labelled_4232\Normal\images\Normal-1677.png,Normal,data\raw\radiography\COVID-19_Radiography_Dataset\Normal\images\Normal-1677.png
data\processed\labelled_4232\Normal\images\Normal-2021.png,Normal,data\raw\radiography\COVID-19_Radiography_Dataset\Normal\images\Normal-2021.png
data\processed\labelled_4232\Normal\images\Normal-22.png,Normal,data\raw\radiography\COVID-19_Radiography_Dataset\Normal\images\Normal-22.png
data\processed\labelled_4232\Normal\images\Normal-3543.png,Normal,data\raw\radiography\COVID-19_Radiography_Dataset\Normal\images\Normal-3543.png
data\processed\labelled_4232\Normal\images\Normal-2298.png,Normal,data\raw\radiography\COVID-19_Radiography_Dataset\Normal\images\Normal-2298.png
data\processed\labelled_4232\Normal\images\Normal-6835.png,Normal,data\raw\radiography\COVID-19_Radiography_Dataset\Normal\images\Normal-6835.png
data\processed\labelled_4232\Normal\images\Normal-2165.png,Normal,data\raw\radiography\COVID-19_Radiography_Dataset\Normal\images\Normal-2165.png
data\processed\labelled_4232\Normal\images\Normal-7590.png,Normal,data\raw\radiography\COVID-19_Radiography_Dataset\Normal\images\Normal-7590.png
data\processed\labelled_4232\Normal\images\Normal-9487.png,Normal,data\raw\radiography\COVID-19_Radiography_Dataset\Normal\images\Normal-9487.png
data\processed\labelled_4232\Normal\images\Normal-3225.png,Normal,data\raw\radiography\COVID-19_Radiography_Dataset\Normal\images\Normal-3225.png
data\processed\labelled_4232\Normal\images\Normal-658.png,Normal,data\raw\radiography\COVID-19_Radiography_Dataset\Normal\images\Normal-658.png
data\processed\labelled_4232\Normal\images\Normal-1615.png,Normal,data\raw\radiography\COVID-19_Radiography_Dataset\Normal\images\Normal-1615.png
data\processed\labelled_4232\Normal\images\Normal-4975.png,Normal,data\raw\radiography\COVID-19_Radiography_Dataset\Normal\images\Normal-4975.png
data\processed\labelled_4232\Normal\images\Normal-3217.png,Normal,data\raw\radiography\COVID-19_Radiography_Dataset\Normal\images\Normal-3217.png
data\processed\labelled_4232\Normal\images\Normal-200.png,Normal,data\raw\radiography\COVID-19_Radiography_Dataset\Normal\images\Normal-200.png
data\processed\labelled_4232\Normal\images\Normal-5028.png,Normal,data\raw\radiography\COVID-19_Radiography_Dataset\Normal\images\Normal-5028.png
data\processed\labelled_4232\Normal\images\Normal-9032.png,Normal,data\raw\radiography\COVID-19_Radiography_Dataset\Normal\images\Normal-9032.png
data\processed\labelled_4232\Normal\images\Normal-6098.png,Normal,data\raw\radiography\COVID-19_Radiography_Dataset\Normal\images\Normal-6098.png
data\processed\labelled_4232\Normal\images\Normal-1379.png,Normal,data\raw\radiography\COVID-19_Radiography_Dataset\Normal\images\Normal-1379.png
data\processed\labelled_4232\Normal\images\Normal-9283.png,Normal,data\raw\radiography\COVID-19_Radiography_Dataset\Normal\images\Normal-9283.png
data\processed\labelled_4232\Normal\images\Normal-8136.png,Normal,data\raw\radiography\COVID-19_Radiography_Dataset\Normal\images\Normal-8136.png
data\processed\labelled_4232\Normal\images\Normal-2468.png,Normal,data\raw\radiography\COVID-19_Radiography_Dataset\Normal\images\Normal-2468.png
data\processed\labelled_4232\Normal\images\Normal-6413.png,Normal,data\raw\radiography\COVID-19_Radiography_Dataset\Normal\images\Normal-6413.png
data\processed\labelled_4232\Normal\images\Normal-3070.png,Normal,data\raw\radiography\COVID-19_Radiography_Dataset\Normal\images\Normal-3070.png
data\processed\labelled_4232\Normal\images\Normal-5235.png,Normal,data\raw\radiography\COVID-19_Radiography_Dataset\Normal\images\Normal-5235.png
data\processed\labelled_4232\Normal\images\Normal-3991.png,Normal,data\raw\radiography\COVID-19_Radiography_Dataset\Normal\images\Normal-3991.png
data\processed\labelled_4232\Normal\images\Normal-4742.png,Normal,data\raw\radiography\COVID-19_Radiography_Dataset\Normal\images\Normal-4742.png
data\processed\labelled_4232\Normal\images\Normal-975.png,Normal,data\raw\radiography\COVID-19_Radiography_Dataset\Normal\images\Normal-975.png
data\processed\labelled_4232\Normal\images\Normal-8693.png,Normal,data\raw\radiography\COVID-19_Radiography_Dataset\Normal\images\Normal-8693.png
data\processed\labelled_4232\Normal\images\Normal-2505.png,Normal,data\raw\radiography\COVID-19_Radiography_Dataset\Normal\images\Normal-2505.png
data\processed\labelled_4232\Normal\images\Normal-7196.png,Normal,data\raw\radiography\COVID-19_Radiography_Dataset\Normal\images\Normal-7196.png
data\processed\labelled_4232\Normal\images\Normal-4508.png,Normal,data\raw\radiography\COVID-19_Radiography_Dataset\Normal\images\Normal-4508.png
data\processed\labelled_4232\Normal\images\Normal-3879.png,Normal,data\raw\radiography\COVID-19_Radiography_Dataset\Normal\images\Normal-3879.png
data\processed\labelled_4232\Normal\images\Normal-1561.png,Normal,data\raw\radiography\COVID-19_Radiography_Dataset\Normal\images\Normal-1561.png
data\processed\labelled_4232\Normal\images\Normal-8270.png,Normal,data\raw\radiography\COVID-19_Radiography_Dataset\Normal\images\Normal-8270.png
data\processed\labelled_4232\Normal\images\Normal-6932.png,Normal,data\raw\radiography\COVID-19_Radiography_Dataset\Normal\images\Normal-6932.png
data\processed\labelled_4232\Normal\images\Normal-4743.png,Normal,data\raw\radiography\COVID-19_Radiography_Dataset\Normal\images\Normal-4743.png
data\processed\labelled_4232\Normal\images\Normal-5451.png,Normal,data\raw\radiography\COVID-19_Radiography_Dataset\Normal\images\Normal-5451.png
data\processed\labelled_4232\Normal\images\Normal-3333.png,Normal,data\raw\radiography\COVID-19_Radiography_Dataset\Normal\images\Normal-3333.png
data\processed\labelled_4232\Normal\images\Normal-640.png,Normal,data\raw\radiography\COVID-19_Radiography_Dataset\Normal\images\Normal-640.png
data\processed\labelled_4232\Normal\images\Normal-4928.png,Normal,data\raw\radiography\COVID-19_Radiography_Dataset\Normal\images\Normal-4928.png
data\processed\labelled_4232\Normal\images\Normal-3737.png,Normal,data\raw\radiography\COVID-19_Radiography_Dataset\Normal\images\Normal-3737.png
data\processed\labelled_4232\Normal\images\Normal-7358.png,Normal,data\raw\radiography\COVID-19_Radiography_Dataset\Normal\images\Normal-7358.png
data\processed\labelled_4232\Normal\images\Normal-470.png,Normal,data\raw\radiography\COVID-19_Radiography_Dataset\Normal\images\Normal-470.png
data\processed\labelled_4232\Normal\images\Normal-9856.png,Normal,data\raw\radiography\COVID-19_Radiography_Dataset\Normal\images\Normal-9856.png
data\processed\labelled_4232\Normal\images\Normal-7768.png,Normal,data\raw\radiography\COVID-19_Radiography_Dataset\Normal\images\Normal-7768.png
data\processed\labelled_4232\Normal\images\Normal-3166.png,Normal,data\raw\radiography\COVID-19_Radiography_Dataset\Normal\images\Normal-3166.png
data\processed\labelled_4232\Normal\images\Normal-4931.png,Normal,data\raw\radiography\COVID-19_Radiography_Dataset\Normal\images\Normal-4931.png
data\processed\labelled_4232\Normal\images\Normal-559.png,Normal,data\raw\radiography\COVID-19_Radiography_Dataset\Normal\images\Normal-559.png
data\processed\labelled_4232\Normal\images\Normal-4809.png,Normal,data\raw\radiography\COVID-19_Radiography_Dataset\Normal\images\Normal-4809.png
data\processed\labelled_4232\Normal\images\Normal-5288.png,Normal,data\raw\radiography\COVID-19_Radiography_Dataset\Normal\images\Normal-5288.png
data\processed\labelled_4232\Normal\images\Normal-3707.png,Normal,data\raw\radiography\COVID-19_Radiography_Dataset\Normal\images\Normal-3707.png
data\processed\labelled_4232\Normal\images\Normal-4260.png,Normal,data\raw\radiography\COVID-19_Radiography_Dataset\Normal\images\Normal-4260.png
data\processed\labelled_4232\Normal\images\Normal-7529.png,Normal,data\raw\radiography\COVID-19_Radiography_Dataset\Normal\images\Normal-7529.png
data\processed\labelled_4232\Normal\images\Normal-9301.png,Normal,data\raw\radiography\COVID-19_Radiography_Dataset\Normal\images\Normal-9301.png
data\processed\labelled_4232\Normal\images\Normal-6446.png,Normal,data\raw\radiography\COVID-19_Radiography_Dataset\Normal\images\Normal-6446.png
data\processed\labelled_4232\Normal\images\Normal-331.png,Normal,data\raw\radiography\COVID-19_Radiography_Dataset\Normal\images\Normal-331.png
data\processed\labelled_4232\Normal\images\Normal-2803.png,Normal,data\raw\radiography\COVID-19_Radiography_Dataset\Normal\images\Normal-2803.png
data\processed\labelled_4232\Normal\images\Normal-3732.png,Normal,data\raw\radiography\COVID-19_Radiography_Dataset\Normal\images\Normal-3732.png
data\processed\labelled_4232\Normal\images\Normal-6463.png,Normal,data\raw\radiography\COVID-19_Radiography_Dataset\Normal\images\Normal-6463.png
data\processed\labelled_4232\Normal\images\Normal-136.png,Normal,data\raw\radiography\COVID-19_Radiography_Dataset\Normal\images\Normal-136.png
data\processed\labelled_4232\Normal\images\Normal-8349.png,Normal,data\raw\radiography\COVID-19_Radiography_Dataset\Normal\images\Normal-8349.png
data\processed\labelled_4232\Normal\images\Normal-1849.png,Normal,data\raw\radiography\COVID-19_Radiography_Dataset\Normal\images\Normal-1849.png
data\processed\labelled_4232\Normal\images\Normal-4795.png,Normal,data\raw\radiography\COVID-19_Radiography_Dataset\Normal\images\Normal-4795.png
data\processed\labelled_4232\Normal\images\Normal-3751.png,Normal,data\raw\radiography\COVID-19_Radiography_Dataset\Normal\images\Normal-3751.png
data\processed\labelled_4232\Normal\images\Normal-3455.png,Normal,data\raw\radiography\COVID-19_Radiography_Dataset\Normal\images\Normal-3455.png
data\processed\labelled_4232\Normal\images\Normal-9352.png,Normal,data\raw\radiography\COVID-19_Radiography_Dataset\Normal\images\Normal-9352.png
data\processed\labelled_4232\Normal\images\Normal-7777.png,Normal,data\raw\radiography\COVID-19_Radiography_Dataset\Normal\images\Normal-7777.png
data\processed\labelled_4232\Normal\images\Normal-3416.png,Normal,data\raw\radiography\COVID-19_Radiography_Dataset\Normal\images\Normal-3416.png
data\processed\labelled_4232\Normal\images\Normal-6701.png,Normal,data\raw\radiography\COVID-19_Radiography_Dataset\Normal\images\Normal-6701.png
data\processed\labelled_4232\Normal\images\Normal-8193.png,Normal,data\raw\radiography\COVID-19_Radiography_Dataset\Normal\images\Normal-8193.png
data\processed\labelled_4232\Normal\images\Normal-5883.png,Normal,data\raw\radiography\COVID-19_Radiography_Dataset\Normal\images\Normal-5883.png
data\processed\labelled_4232\Normal\images\Normal-7027.png,Normal,data\raw\radiography\COVID-19_Radiography_Dataset\Normal\images\Normal-7027.png
data\processed\labelled_4232\Normal\images\Normal-1118.png,Normal,data\raw\radiography\COVID-19_Radiography_Dataset\Normal\images\Normal-1118.png
data\processed\labelled_4232\Normal\images\Normal-7799.png,Normal,data\raw\radiography\COVID-19_Radiography_Dataset\Normal\images\Normal-7799.png
data\processed\labelled_4232\Normal\images\Normal-8718.png,Normal,data\raw\radiography\COVID-19_Radiography_Dataset\Normal\images\Normal-8718.png
data\processed\labelled_4232\Normal\images\Normal-8436.png,Normal,data\raw\radiography\COVID-19_Radiography_Dataset\Normal\images\Normal-8436.png
data\processed\labelled_4232\Normal\images\Normal-4825.png,Normal,data\raw\radiography\COVID-19_Radiography_Dataset\Normal\images\Normal-4825.png
data\processed\labelled_4232\Normal\images\Normal-146.png,Normal,data\raw\radiography\COVID-19_Radiography_Dataset\Normal\images\Normal-146.png
data\processed\labelled_4232\Normal\images\Normal-8228.png,Normal,data\raw\radiography\COVID-19_Radiography_Dataset\Normal\images\Normal-8228.png
data\processed\labelled_4232\Normal\images\Normal-3717.png,Normal,data\raw\radiography\COVID-19_Radiography_Dataset\Normal\images\Normal-3717.png
data\processed\labelled_4232\Normal\images\Normal-4048.png,Normal,data\raw\radiography\COVID-19_Radiography_Dataset\Normal\images\Normal-4048.png
data\processed\labelled_4232\Normal\images\Normal-6469.png,Normal,data\raw\radiography\COVID-19_Radiography_Dataset\Normal\images\Normal-6469.png
data\processed\labelled_4232\Normal\images\Normal-7525.png,Normal,data\raw\radiography\COVID-19_Radiography_Dataset\Normal\images\Normal-7525.png
data\processed\labelled_4232\Normal\images\Normal-8570.png,Normal,data\raw\radiography\COVID-19_Radiography_Dataset\Normal\images\Normal-8570.png
data\processed\labelled_4232\Normal\images\Normal-3817.png,Normal,data\raw\radiography\COVID-19_Radiography_Dataset\Normal\images\Normal-3817.png
data\processed\labelled_4232\Normal\images\Normal-3426.png,Normal,data\raw\radiography\COVID-19_Radiography_Dataset\Normal\images\Normal-3426.png
data\processed\labelled_4232\Normal\images\Normal-2874.png,Normal,data\raw\radiography\COVID-19_Radiography_Dataset\Normal\images\Normal-2874.png
data\processed\labelled_4232\Normal\images\Normal-9266.png,Normal,data\raw\radiography\COVID-19_Radiography_Dataset\Normal\images\Normal-9266.png
data\processed\labelled_4232\Normal\images\Normal-4947.png,Normal,data\raw\radiography\COVID-19_Radiography_Dataset\Normal\images\Normal-4947.png
data\processed\labelled_4232\Normal\images\Normal-7899.png,Normal,data\raw\radiography\COVID-19_Radiography_Dataset\Normal\images\Normal-7899.png
data\processed\labelled_4232\Normal\images\Normal-8797.png,Normal,data\raw\radiography\COVID-19_Radiography_Dataset\Normal\images\Normal-8797.png
data\processed\labelled_4232\Normal\images\Normal-8203.png,Normal,data\raw\radiography\COVID-19_Radiography_Dataset\Normal\images\Normal-8203.png
data\processed\labelled_4232\Normal\images\Normal-3343.png,Normal,data\raw\radiography\COVID-19_Radiography_Dataset\Normal\images\Normal-3343.png
data\processed\labelled_4232\Normal\images\Normal-6597.png,Normal,data\raw\radiography\COVID-19_Radiography_Dataset\Normal\images\Normal-6597.png
data\processed\labelled_4232\Normal\images\Normal-6939.png,Normal,data\raw\radiography\COVID-19_Radiography_Dataset\Normal\images\Normal-6939.png
data\processed\labelled_4232\Normal\images\Normal-3692.png,Normal,data\raw\radiography\COVID-19_Radiography_Dataset\Normal\images\Normal-3692.png
data\processed\labelled_4232\Normal\images\Normal-7314.png,Normal,data\raw\radiography\COVID-19_Radiography_Dataset\Normal\images\Normal-7314.png
data\processed\labelled_4232\Normal\images\Normal-1158.png,Normal,data\raw\radiography\COVID-19_Radiography_Dataset\Normal\images\Normal-1158.png
data\processed\labelled_4232\Normal\images\Normal-2353.png,Normal,data\raw\radiography\COVID-19_Radiography_Dataset\Normal\images\Normal-2353.png
data\processed\labelled_4232\Normal\images\Normal-739.png,Normal,data\raw\radiography\COVID-19_Radiography_Dataset\Normal\images\Normal-739.png
data\processed\labelled_4232\Normal\images\Normal-3295.png,Normal,data\raw\radiography\COVID-19_Radiography_Dataset\Normal\images\Normal-3295.png
data\processed\labelled_4232\Normal\images\Normal-831.png,Normal,data\raw\radiography\COVID-19_Radiography_Dataset\Normal\images\Normal-831.png
data\processed\labelled_4232\Normal\images\Normal-9401.png,Normal,data\raw\radiography\COVID-19_Radiography_Dataset\Normal\images\Normal-9401.png
data\processed\labelled_4232\Normal\images\Normal-347.png,Normal,data\raw\radiography\COVID-19_Radiography_Dataset\Normal\images\Normal-347.png
data\processed\labelled_4232\Normal\images\Normal-3989.png,Normal,data\raw\radiography\COVID-19_Radiography_Dataset\Normal\images\Normal-3989.png
data\processed\labelled_4232\Normal\images\Normal-5885.png,Normal,data\raw\radiography\COVID-19_Radiography_Dataset\Normal\images\Normal-5885.png
data\processed\labelled_4232\Normal\images\Normal-6684.png,Normal,data\raw\radiography\COVID-19_Radiography_Dataset\Normal\images\Normal-6684.png
data\processed\labelled_4232\Normal\images\Normal-8265.png,Normal,data\raw\radiography\COVID-19_Radiography_Dataset\Normal\images\Normal-8265.png
data\processed\labelled_4232\Normal\images\Normal-1683.png,Normal,data\raw\radiography\COVID-19_Radiography_Dataset\Normal\images\Normal-1683.png
data\processed\labelled_4232\Normal\images\Normal-5371.png,Normal,data\raw\radiography\COVID-19_Radiography_Dataset\Normal\images\Normal-5371.png
data\processed\labelled_4232\Normal\images\Normal-8981.png,Normal,data\raw\radiography\COVID-19_Radiography_Dataset\Normal\images\Normal-8981.png
data\processed\labelled_4232\Normal\images\Normal-5347.png,Normal,data\raw\radiography\COVID-19_Radiography_Dataset\Normal\images\Normal-5347.png
data\processed\labelled_4232\Normal\images\Normal-112.png,Normal,data\raw\radiography\COVID-19_Radiography_Dataset\Normal\images\Normal-112.png
data\processed\labelled_4232\Normal\images\Normal-9713.png,Normal,data\raw\radiography\COVID-19_Radiography_Dataset\Normal\images\Normal-9713.png
data\processed\labelled_4232\Normal\images\Normal-6566.png,Normal,data\raw\radiography\COVID-19_Radiography_Dataset\Normal\images\Normal-6566.png
data\processed\labelled_4232\Normal\images\Normal-4697.png,Normal,data\raw\radiography\COVID-19_Radiography_Dataset\Normal\images\Normal-4697.png
data\processed\labelled_4232\Normal\images\Normal-9097.png,Normal,data\raw\radiography\COVID-19_Radiography_Dataset\Normal\images\Normal-9097.png
data\processed\labelled_4232\Normal\images\Normal-7221.png,Normal,data\raw\radiography\COVID-19_Radiography_Dataset\Normal\images\Normal-7221.png
data\processed\labelled_4232\Normal\images\Normal-9953.png,Normal,data\raw\radiography\COVID-19_Radiography_Dataset\Normal\images\Normal-9953.png
data\processed\labelled_4232\Normal\images\Normal-7291.png,Normal,data\raw\radiography\COVID-19_Radiography_Dataset\Normal\images\Normal-7291.png
data\processed\labelled_4232\Normal\images\Normal-5622.png,Normal,data\raw\radiography\COVID-19_Radiography_Dataset\Normal\images\Normal-5622.png
data\processed\labelled_4232\Normal\images\Normal-3649.png,Normal,data\raw\radiography\COVID-19_Radiography_Dataset\Normal\images\Normal-3649.png
data\processed\labelled_4232\Normal\images\Normal-5907.png,Normal,data\raw\radiography\COVID-19_Radiography_Dataset\Normal\images\Normal-5907.png
data\processed\labelled_4232\Normal\images\Normal-5326.png,Normal,data\raw\radiography\COVID-19_Radiography_Dataset\Normal\images\Normal-5326.png
data\processed\labelled_4232\Normal\images\Normal-4818.png,Normal,data\raw\radiography\COVID-19_Radiography_Dataset\Normal\images\Normal-4818.png
data\processed\labelled_4232\Normal\images\Normal-1593.png,Normal,data\raw\radiography\COVID-19_Radiography_Dataset\Normal\images\Normal-1593.png
data\processed\labelled_4232\Normal\images\Normal-8277.png,Normal,data\raw\radiography\COVID-19_Radiography_Dataset\Normal\images\Normal-8277.png
data\processed\labelled_4232\Normal\images\Normal-4766.png,Normal,data\raw\radiography\COVID-19_Radiography_Dataset\Normal\images\Normal-4766.png
data\processed\labelled_4232\Normal\images\Normal-8144.png,Normal,data\raw\radiography\COVID-19_Radiography_Dataset\Normal\images\Normal-8144.png
data\processed\labelled_4232\Normal\images\Normal-3498.png,Normal,data\raw\radiography\COVID-19_Radiography_Dataset\Normal\images\Normal-3498.png
data\processed\labelled_4232\Normal\images\Normal-7107.png,Normal,data\raw\radiography\COVID-19_Radiography_Dataset\Normal\images\Normal-7107.png
data\processed\labelled_4232\Normal\images\Normal-5144.png,Normal,data\raw\radiography\COVID-19_Radiography_Dataset\Normal\images\Normal-5144.png
data\processed\labelled_4232\Normal\images\Normal-9458.png,Normal,data\raw\radiography\COVID-19_Radiography_Dataset\Normal\images\Normal-9458.png
data\processed\labelled_4232\Normal\images\Normal-4951.png,Normal,data\raw\radiography\COVID-19_Radiography_Dataset\Normal\images\Normal-4951.png
data\processed\labelled_4232\Normal\images\Normal-3140.png,Normal,data\raw\radiography\COVID-19_Radiography_Dataset\Normal\images\Normal-3140.png
data\processed\labelled_4232\Normal\images\Normal-4125.png,Normal,data\raw\radiography\COVID-19_Radiography_Dataset\Normal\images\Normal-4125.png
data\processed\labelled_4232\Normal\images\Normal-6508.png,Normal,data\raw\radiography\COVID-19_Radiography_Dataset\Normal\images\Normal-6508.png
data\processed\labelled_4232\Normal\images\Normal-4201.png,Normal,data\raw\radiography\COVID-19_Radiography_Dataset\Normal\images\Normal-4201.png
data\processed\labelled_4232\Normal\images\Normal-639.png,Normal,data\raw\radiography\COVID-19_Radiography_Dataset\Normal\images\Normal-639.png
data\processed\labelled_4232\Normal\images\Normal-8638.png,Normal,data\raw\radiography\COVID-19_Radiography_Dataset\Normal\images\Normal-8638.png
data\processed\labelled_4232\Normal\images\Normal-114.png,Normal,data\raw\radiography\COVID-19_Radiography_Dataset\Normal\images\Normal-114.png
data\processed\labelled_4232\Normal\images\Normal-4684.png,Normal,data\raw\radiography\COVID-19_Radiography_Dataset\Normal\images\Normal-4684.png
data\processed\labelled_4232\Normal\images\Normal-1881.png,Normal,data\raw\radiography\COVID-19_Radiography_Dataset\Normal\images\Normal-1881.png
data\processed\labelled_4232\Normal\images\Normal-907.png,Normal,data\raw\radiography\COVID-19_Radiography_Dataset\Normal\images\Normal-907.png
data\processed\labelled_4232\Normal\images\Normal-3099.png,Normal,data\raw\radiography\COVID-19_Radiography_Dataset\Normal\images\Normal-3099.png
data\processed\labelled_4232\Normal\images\Normal-6289.png,Normal,data\raw\radiography\COVID-19_Radiography_Dataset\Normal\images\Normal-6289.png
data\processed\labelled_4232\Normal\images\Normal-1914.png,Normal,data\raw\radiography\COVID-19_Radiography_Dataset\Normal\images\Normal-1914.png
data\processed\labelled_4232\Normal\images\Normal-4165.png,Normal,data\raw\radiography\COVID-19_Radiography_Dataset\Normal\images\Normal-4165.png
data\processed\labelled_4232\Normal\images\Normal-8009.png,Normal,data\raw\radiography\COVID-19_Radiography_Dataset\Normal\images\Normal-8009.png
data\processed\labelled_4232\Normal\images\Normal-5844.png,Normal,data\raw\radiography\COVID-19_Radiography_Dataset\Normal\images\Normal-5844.png
data\processed\labelled_4232\Normal\images\Normal-4824.png,Normal,data\raw\radiography\COVID-19_Radiography_Dataset\Normal\images\Normal-4824.png
data\processed\labelled_4232\Normal\images\Normal-1156.png,Normal,data\raw\radiography\COVID-19_Radiography_Dataset\Normal\images\Normal-1156.png
data\processed\labelled_4232\Normal\images\Normal-8707.png,Normal,data\raw\radiography\COVID-19_Radiography_Dataset\Normal\images\Normal-8707.png
data\processed\labelled_4232\Normal\images\Normal-6333.png,Normal,data\raw\radiography\COVID-19_Radiography_Dataset\Normal\images\Normal-6333.png
data\processed\labelled_4232\Normal\images\Normal-7627.png,Normal,data\raw\radiography\COVID-19_Radiography_Dataset\Normal\images\Normal-7627.png
data\processed\labelled_4232\Normal\images\Normal-9550.png,Normal,data\raw\radiography\COVID-19_Radiography_Dataset\Normal\images\Normal-9550.png
data\processed\labelled_4232\Normal\images\Normal-4106.png,Normal,data\raw\radiography\COVID-19_Radiography_Dataset\Normal\images\Normal-4106.png
data\processed\labelled_4232\Normal\images\Normal-8528.png,Normal,data\raw\radiography\COVID-19_Radiography_Dataset\Normal\images\Normal-8528.png
data\processed\labelled_4232\Normal\images\Normal-6723.png,Normal,data\raw\radiography\COVID-19_Radiography_Dataset\Normal\images\Normal-6723.png
data\processed\labelled_4232\Normal\images\Normal-5780.png,Normal,data\raw\radiography\COVID-19_Radiography_Dataset\Normal\images\Normal-5780.png
data\processed\labelled_4232\Normal\images\Normal-3806.png,Normal,data\raw\radiography\COVID-19_Radiography_Dataset\Normal\images\Normal-3806.png
data\processed\labelled_4232\Normal\images\Normal-5735.png,Normal,data\raw\radiography\COVID-19_Radiography_Dataset\Normal\images\Normal-5735.png
data\processed\labelled_4232\Normal\images\Normal-7616.png,Normal,data\raw\radiography\COVID-19_Radiography_Dataset\Normal\images\Normal-7616.png
data\processed\labelled_4232\Normal\images\Normal-9624.png,Normal,data\raw\radiography\COVID-19_Radiography_Dataset\Normal\images\Normal-9624.png
data\processed\labelled_4232\Normal\images\Normal-6884.png,Normal,data\raw\radiography\COVID-19_Radiography_Dataset\Normal\images\Normal-6884.png
data\processed\labelled_4232\Normal\images\Normal-2362.png,Normal,data\raw\radiography\COVID-19_Radiography_Dataset\Normal\images\Normal-2362.png
data\processed\labelled_4232\Normal\images\Normal-9279.png,Normal,data\raw\radiography\COVID-19_Radiography_Dataset\Normal\images\Normal-9279.png
data\processed\labelled_4232\Normal\images\Normal-4129.png,Normal,data\raw\radiography\COVID-19_Radiography_Dataset\Normal\images\Normal-4129.png
data\processed\labelled_4232\Normal\images\Normal-6391.png,Normal,data\raw\radiography\COVID-19_Radiography_Dataset\Normal\images\Normal-6391.png
data\processed\labelled_4232\Normal\images\Normal-2161.png,Normal,data\raw\radiography\COVID-19_Radiography_Dataset\Normal\images\Normal-2161.png
data\processed\labelled_4232\Normal\images\Normal-8292.png,Normal,data\raw\radiography\COVID-19_Radiography_Dataset\Normal\images\Normal-8292.png
data\processed\labelled_4232\Normal\images\Normal-9886.png,Normal,data\raw\radiography\COVID-19_Radiography_Dataset\Normal\images\Normal-9886.png
data\processed\labelled_4232\Normal\images\Normal-8834.png,Normal,data\raw\radiography\COVID-19_Radiography_Dataset\Normal\images\Normal-8834.png
data\processed\labelled_4232\Normal\images\Normal-159.png,Normal,data\raw\radiography\COVID-19_Radiography_Dataset\Normal\images\Normal-159.png
data\processed\labelled_4232\Normal\images\Normal-477.png,Normal,data\raw\radiography\COVID-19_Radiography_Dataset\Normal\images\Normal-477.png
data\processed\labelled_4232\Normal\images\Normal-4384.png,Normal,data\raw\radiography\COVID-19_Radiography_Dataset\Normal\images\Normal-4384.png
data\processed\labelled_4232\Normal\images\Normal-6861.png,Normal,data\raw\radiography\COVID-19_Radiography_Dataset\Normal\images\Normal-6861.png
data\processed\labelled_4232\Normal\images\Normal-2955.png,Normal,data\raw\radiography\COVID-19_Radiography_Dataset\Normal\images\Normal-2955.png
data\processed\labelled_4232\Normal\images\Normal-5918.png,Normal,data\raw\radiography\COVID-19_Radiography_Dataset\Normal\images\Normal-5918.png
data\processed\labelled_4232\Normal\images\Normal-2124.png,Normal,data\raw\radiography\COVID-19_Radiography_Dataset\Normal\images\Normal-2124.png
data\processed\labelled_4232\Normal\images\Normal-3750.png,Normal,data\raw\radiography\COVID-19_Radiography_Dataset\Normal\images\Normal-3750.png
data\processed\labelled_4232\Normal\images\Normal-5178.png,Normal,data\raw\radiography\COVID-19_Radiography_Dataset\Normal\images\Normal-5178.png
data\processed\labelled_4232\Normal\images\Normal-2731.png,Normal,data\raw\radiography\COVID-19_Radiography_Dataset\Normal\images\Normal-2731.png
data\processed\labelled_4232\Normal\images\Normal-9399.png,Normal,data\raw\radiography\COVID-19_Radiography_Dataset\Normal\images\Normal-9399.png
data\processed\labelled_4232\Normal\images\Normal-1068.png,Normal,data\raw\radiography\COVID-19_Radiography_Dataset\Normal\images\Normal-1068.png
data\processed\labelled_4232\Normal\images\Normal-4588.png,Normal,data\raw\radiography\COVID-19_Radiography_Dataset\Normal\images\Normal-4588.png
data\processed\labelled_4232\Normal\images\Normal-3887.png,Normal,data\raw\radiography\COVID-19_Radiography_Dataset\Normal\images\Normal-3887.png
data\processed\labelled_4232\Normal\images\Normal-9794.png,Normal,data\raw\radiography\COVID-19_Radiography_Dataset\Normal\images\Normal-9794.png
data\processed\labelled_4232\Normal\images\Normal-289.png,Normal,data\raw\radiography\COVID-19_Radiography_Dataset\Normal\images\Normal-289.png
data\processed\labelled_4232\Normal\images\Normal-9852.png,Normal,data\raw\radiography\COVID-19_Radiography_Dataset\Normal\images\Normal-9852.png
data\processed\labelled_4232\Normal\images\Normal-1062.png,Normal,data\raw\radiography\COVID-19_Radiography_Dataset\Normal\images\Normal-1062.png
data\processed\labelled_4232\Normal\images\Normal-332.png,Normal,data\raw\radiography\COVID-19_Radiography_Dataset\Normal\images\Normal-332.png
data\processed\labelled_4232\Normal\images\Normal-3036.png,Normal,data\raw\radiography\COVID-19_Radiography_Dataset\Normal\images\Normal-3036.png
data\processed\labelled_4232\Normal\images\Normal-784.png,Normal,data\raw\radiography\COVID-19_Radiography_Dataset\Normal\images\Normal-784.png
data\processed\labelled_4232\Normal\images\Normal-9168.png,Normal,data\raw\radiography\COVID-19_Radiography_Dataset\Normal\images\Normal-9168.png
data\processed\labelled_4232\Normal\images\Normal-9616.png,Normal,data\raw\radiography\COVID-19_Radiography_Dataset\Normal\images\Normal-9616.png
data\processed\labelled_4232\Normal\images\Normal-2709.png,Normal,data\raw\radiography\COVID-19_Radiography_Dataset\Normal\images\Normal-2709.png
data\processed\labelled_4232\Normal\images\Normal-10166.png,Normal,data\raw\radiography\COVID-19_Radiography_Dataset\Normal\images\Normal-10166.png
data\processed\labelled_4232\Normal\images\Normal-8490.png,Normal,data\raw\radiography\COVID-19_Radiography_Dataset\Normal\images\Normal-8490.png
data\processed\labelled_4232\Normal\images\Normal-2610.png,Normal,data\raw\radiography\COVID-19_Radiography_Dataset\Normal\images\Normal-2610.png
data\processed\labelled_4232\Normal\images\Normal-8949.png,Normal,data\raw\radiography\COVID-19_Radiography_Dataset\Normal\images\Normal-8949.png
data\processed\labelled_4232\Normal\images\Normal-736.png,Normal,data\raw\radiography\COVID-19_Radiography_Dataset\Normal\images\Normal-736.png
data\processed\labelled_4232\Normal\images\Normal-638.png,Normal,data\raw\radiography\COVID-19_Radiography_Dataset\Normal\images\Normal-638.png
data\processed\labelled_4232\Normal\images\Normal-5840.png,Normal,data\raw\radiography\COVID-19_Radiography_Dataset\Normal\images\Normal-5840.png
data\processed\labelled_4232\Normal\images\Normal-4429.png,Normal,data\raw\radiography\COVID-19_Radiography_Dataset\Normal\images\Normal-4429.png
data\processed\labelled_4232\Normal\images\Normal-8925.png,Normal,data\raw\radiography\COVID-19_Radiography_Dataset\Normal\images\Normal-8925.png
data\processed\labelled_4232\Normal\images\Normal-10126.png,Normal,data\raw\radiography\COVID-19_Radiography_Dataset\Normal\images\Normal-10126.png
data\processed\labelled_4232\Normal\images\Normal-2063.png,Normal,data\raw\radiography\COVID-19_Radiography_Dataset\Normal\images\Normal-2063.png
data\processed\labelled_4232\Normal\images\Normal-1309.png,Normal,data\raw\radiography\COVID-19_Radiography_Dataset\Normal\images\Normal-1309.png
data\processed\labelled_4232\Normal\images\Normal-3481.png,Normal,data\raw\radiography\COVID-19_Radiography_Dataset\Normal\images\Normal-3481.png
data\processed\labelled_4232\Normal\images\Normal-8279.png,Normal,data\raw\radiography\COVID-19_Radiography_Dataset\Normal\images\Normal-8279.png
data\processed\labelled_4232\Normal\images\Normal-5905.png,Normal,data\raw\radiography\COVID-19_Radiography_Dataset\Normal\images\Normal-5905.png
data\processed\labelled_4232\Normal\images\Normal-7297.png,Normal,data\raw\radiography\COVID-19_Radiography_Dataset\Normal\images\Normal-7297.png
data\processed\labelled_4232\Normal\images\Normal-6626.png,Normal,data\raw\radiography\COVID-19_Radiography_Dataset\Normal\images\Normal-6626.png
data\processed\labelled_4232\Normal\images\Normal-1077.png,Normal,data\raw\radiography\COVID-19_Radiography_Dataset\Normal\images\Normal-1077.png
data\processed\labelled_4232\Normal\images\Normal-10130.png,Normal,data\raw\radiography\COVID-19_Radiography_Dataset\Normal\images\Normal-10130.png
data\processed\labelled_4232\Normal\images\Normal-5917.png,Normal,data\raw\radiography\COVID-19_Radiography_Dataset\Normal\images\Normal-5917.png
data\processed\labelled_4232\Normal\images\Normal-9077.png,Normal,data\raw\radiography\COVID-19_Radiography_Dataset\Normal\images\Normal-9077.png
data\processed\labelled_4232\Normal\images\Normal-8838.png,Normal,data\raw\radiography\COVID-19_Radiography_Dataset\Normal\images\Normal-8838.png
data\processed\labelled_4232\Normal\images\Normal-7846.png,Normal,data\raw\radiography\COVID-19_Radiography_Dataset\Normal\images\Normal-7846.png
data\processed\labelled_4232\Normal\images\Normal-6325.png,Normal,data\raw\radiography\COVID-19_Radiography_Dataset\Normal\images\Normal-6325.png
data\processed\labelled_4232\Normal\images\Normal-7440.png,Normal,data\raw\radiography\COVID-19_Radiography_Dataset\Normal\images\Normal-7440.png
data\processed\labelled_4232\Normal\images\Normal-4254.png,Normal,data\raw\radiography\COVID-19_Radiography_Dataset\Normal\images\Normal-4254.png
data\processed\labelled_4232\Normal\images\Normal-2727.png,Normal,data\raw\radiography\COVID-19_Radiography_Dataset\Normal\images\Normal-2727.png
data\processed\labelled_4232\Normal\images\Normal-9843.png,Normal,data\raw\radiography\COVID-19_Radiography_Dataset\Normal\images\Normal-9843.png
data\processed\labelled_4232\Normal\images\Normal-9463.png,Normal,data\raw\radiography\COVID-19_Radiography_Dataset\Normal\images\Normal-9463.png
data\processed\labelled_4232\Normal\images\Normal-8001.png,Normal,data\raw\radiography\COVID-19_Radiography_Dataset\Normal\images\Normal-8001.png
data\processed\labelled_4232\Normal\images\Normal-904.png,Normal,data\raw\radiography\COVID-19_Radiography_Dataset\Normal\images\Normal-904.png
data\processed\labelled_4232\Normal\images\Normal-4476.png,Normal,data\raw\radiography\COVID-19_Radiography_Dataset\Normal\images\Normal-4476.png
data\processed\labelled_4232\Normal\images\Normal-7382.png,Normal,data\raw\radiography\COVID-19_Radiography_Dataset\Normal\images\Normal-7382.png
data\processed\labelled_4232\Normal\images\Normal-2109.png,Normal,data\raw\radiography\COVID-19_Radiography_Dataset\Normal\images\Normal-2109.png
data\processed\labelled_4232\Normal\images\Normal-9581.png,Normal,data\raw\radiography\COVID-19_Radiography_Dataset\Normal\images\Normal-9581.png
data\processed\labelled_4232\Normal\images\Normal-5119.png,Normal,data\raw\radiography\COVID-19_Radiography_Dataset\Normal\images\Normal-5119.png
data\processed\labelled_4232\Normal\images\Normal-8805.png,Normal,data\raw\radiography\COVID-19_Radiography_Dataset\Normal\images\Normal-8805.png
data\processed\labelled_4232\Normal\images\Normal-4112.png,Normal,data\raw\radiography\COVID-19_Radiography_Dataset\Normal\images\Normal-4112.png
data\processed\labelled_4232\Normal\images\Normal-8086.png,Normal,data\raw\radiography\COVID-19_Radiography_Dataset\Normal\images\Normal-8086.png
data\processed\labelled_4232\Normal\images\Normal-1594.png,Normal,data\raw\radiography\COVID-19_Radiography_Dataset\Normal\images\Normal-1594.png
data\processed\labelled_4232\Normal\images\Normal-3200.png,Normal,data\raw\radiography\COVID-19_Radiography_Dataset\Normal\images\Normal-3200.png
data\processed\labelled_4232\Normal\images\Normal-7910.png,Normal,data\raw\radiography\COVID-19_Radiography_Dataset\Normal\images\Normal-7910.png
data\processed\labelled_4232\Normal\images\Normal-8298.png,Normal,data\raw\radiography\COVID-19_Radiography_Dataset\Normal\images\Normal-8298.png
data\processed\labelled_4232\Normal\images\Normal-8206.png,Normal,data\raw\radiography\COVID-19_Radiography_Dataset\Normal\images\Normal-8206.png
data\processed\labelled_4232\Normal\images\Normal-6799.png,Normal,data\raw\radiography\COVID-19_Radiography_Dataset\Normal\images\Normal-6799.png
data\processed\labelled_4232\Normal\images\Normal-9243.png,Normal,data\raw\radiography\COVID-19_Radiography_Dataset\Normal\images\Normal-9243.png
data\processed\labelled_4232\Normal\images\Normal-7652.png,Normal,data\raw\radiography\COVID-19_Radiography_Dataset\Normal\images\Normal-7652.png
data\processed\labelled_4232\Normal\images\Normal-2656.png,Normal,data\raw\radiography\COVID-19_Radiography_Dataset\Normal\images\Normal-2656.png
data\processed\labelled_4232\Normal\images\Normal-653.png,Normal,data\raw\radiography\COVID-19_Radiography_Dataset\Normal\images\Normal-653.png
data\processed\labelled_4232\Normal\images\Normal-4143.png,Normal,data\raw\radiography\COVID-19_Radiography_Dataset\Normal\images\Normal-4143.png
data\processed\labelled_4232\Normal\images\Normal-9853.png,Normal,data\raw\radiography\COVID-19_Radiography_Dataset\Normal\images\Normal-9853.png
data\processed\labelled_4232\Normal\images\Normal-3571.png,Normal,data\raw\radiography\COVID-19_Radiography_Dataset\Normal\images\Normal-3571.png
data\processed\labelled_4232\Normal\images\Normal-2050.png,Normal,data\raw\radiography\COVID-19_Radiography_Dataset\Normal\images\Normal-2050.png
data\processed\labelled_4232\Normal\images\Normal-175.png,Normal,data\raw\radiography\COVID-19_Radiography_Dataset\Normal\images\Normal-175.png
data\processed\labelled_4232\Normal\images\Normal-1268.png,Normal,data\raw\radiography\COVID-19_Radiography_Dataset\Normal\images\Normal-1268.png
data\processed\labelled_4232\Normal\images\Normal-1634.png,Normal,data\raw\radiography\COVID-19_Radiography_Dataset\Normal\images\Normal-1634.png
data\processed\labelled_4232\Normal\images\Normal-5325.png,Normal,data\raw\radiography\COVID-19_Radiography_Dataset\Normal\images\Normal-5325.png
data\processed\labelled_4232\Normal\images\Normal-6329.png,Normal,data\raw\radiography\COVID-19_Radiography_Dataset\Normal\images\Normal-6329.png
data\processed\labelled_4232\Normal\images\Normal-1513.png,Normal,data\raw\radiography\COVID-19_Radiography_Dataset\Normal\images\Normal-1513.png
data\processed\labelled_4232\Normal\images\Normal-1711.png,Normal,data\raw\radiography\COVID-19_Radiography_Dataset\Normal\images\Normal-1711.png
data\processed\labelled_4232\Normal\images\Normal-7166.png,Normal,data\raw\radiography\COVID-19_Radiography_Dataset\Normal\images\Normal-7166.png
data\processed\labelled_4232\Normal\images\Normal-3322.png,Normal,data\raw\radiography\COVID-19_Radiography_Dataset\Normal\images\Normal-3322.png
data\processed\labelled_4232\Normal\images\Normal-9891.png,Normal,data\raw\radiography\COVID-19_Radiography_Dataset\Normal\images\Normal-9891.png
data\processed\labelled_4232\Normal\images\Normal-9727.png,Normal,data\raw\radiography\COVID-19_Radiography_Dataset\Normal\images\Normal-9727.png
data\processed\labelled_4232\Normal\images\Normal-4960.png,Normal,data\raw\radiography\COVID-19_Radiography_Dataset\Normal\images\Normal-4960.png
data\processed\labelled_4232\Normal\images\Normal-4722.png,Normal,data\raw\radiography\COVID-19_Radiography_Dataset\Normal\images\Normal-4722.png
data\processed\labelled_4232\Normal\images\Normal-9745.png,Normal,data\raw\radiography\COVID-19_Radiography_Dataset\Normal\images\Normal-9745.png
data\processed\labelled_4232\Normal\images\Normal-3063.png,Normal,data\raw\radiography\COVID-19_Radiography_Dataset\Normal\images\Normal-3063.png
data\processed\labelled_4232\Normal\images\Normal-109.png,Normal,data\raw\radiography\COVID-19_Radiography_Dataset\Normal\images\Normal-109.png
data\processed\labelled_4232\Normal\images\Normal-2312.png,Normal,data\raw\radiography\COVID-19_Radiography_Dataset\Normal\images\Normal-2312.png
data\processed\labelled_4232\Normal\images\Normal-2999.png,Normal,data\raw\radiography\COVID-19_Radiography_Dataset\Normal\images\Normal-2999.png
data\processed\labelled_4232\Normal\images\Normal-117.png,Normal,data\raw\radiography\COVID-19_Radiography_Dataset\Normal\images\Normal-117.png
data\processed\labelled_4232\Normal\images\Normal-8744.png,Normal,data\raw\radiography\COVID-19_Radiography_Dataset\Normal\images\Normal-8744.png
data\processed\labelled_4232\Normal\images\Normal-8536.png,Normal,data\raw\radiography\COVID-19_Radiography_Dataset\Normal\images\Normal-8536.png
data\processed\labelled_4232\Normal\images\Normal-2866.png,Normal,data\raw\radiography\COVID-19_Radiography_Dataset\Normal\images\Normal-2866.png
data\processed\labelled_4232\Normal\images\Normal-6105.png,Normal,data\raw\radiography\COVID-19_Radiography_Dataset\Normal\images\Normal-6105.png
data\processed\labelled_4232\Normal\images\Normal-9965.png,Normal,data\raw\radiography\COVID-19_Radiography_Dataset\Normal\images\Normal-9965.png
data\processed\labelled_4232\Normal\images\Normal-9594.png,Normal,data\raw\radiography\COVID-19_Radiography_Dataset\Normal\images\Normal-9594.png
data\processed\labelled_4232\Normal\images\Normal-5114.png,Normal,data\raw\radiography\COVID-19_Radiography_Dataset\Normal\images\Normal-5114.png
data\processed\labelled_4232\Normal\images\Normal-6206.png,Normal,data\raw\radiography\COVID-19_Radiography_Dataset\Normal\images\Normal-6206.png
data\processed\labelled_4232\Normal\images\Normal-8208.png,Normal,data\raw\radiography\COVID-19_Radiography_Dataset\Normal\images\Normal-8208.png
data\processed\labelled_4232\Normal\images\Normal-7067.png,Normal,data\raw\radiography\COVID-19_Radiography_Dataset\Normal\images\Normal-7067.png
data\processed\labelled_4232\Normal\images\Normal-326.png,Normal,data\raw\radiography\COVID-19_Radiography_Dataset\Normal\images\Normal-326.png
data\processed\labelled_4232\Normal\images\Normal-9091.png,Normal,data\raw\radiography\COVID-19_Radiography_Dataset\Normal\images\Normal-9091.png
data\processed\labelled_4232\Normal\images\Normal-1542.png,Normal,data\raw\radiography\COVID-19_Radiography_Dataset\Normal\images\Normal-1542.png
data\processed\labelled_4232\Normal\images\Normal-723.png,Normal,data\raw\radiography\COVID-19_Radiography_Dataset\Normal\images\Normal-723.png
data\processed\labelled_4232\Normal\images\Normal-2899.png,Normal,data\raw\radiography\COVID-19_Radiography_Dataset\Normal\images\Normal-2899.png
data\processed\labelled_4232\Normal\images\Normal-6576.png,Normal,data\raw\radiography\COVID-19_Radiography_Dataset\Normal\images\Normal-6576.png
data\processed\labelled_4232\Normal\images\Normal-3730.png,Normal,data\raw\radiography\COVID-19_Radiography_Dataset\Normal\images\Normal-3730.png
data\processed\labelled_4232\Normal\images\Normal-8253.png,Normal,data\raw\radiography\COVID-19_Radiography_Dataset\Normal\images\Normal-8253.png
data\processed\labelled_4232\Normal\images\Normal-3412.png,Normal,data\raw\radiography\COVID-19_Radiography_Dataset\Normal\images\Normal-3412.png
data\processed\labelled_4232\Normal\images\Normal-1704.png,Normal,data\raw\radiography\COVID-19_Radiography_Dataset\Normal\images\Normal-1704.png
data\processed\labelled_4232\Normal\images\Normal-229.png,Normal,data\raw\radiography\COVID-19_Radiography_Dataset\Normal\images\Normal-229.png
data\processed\labelled_4232\Normal\images\Normal-1829.png,Normal,data\raw\radiography\COVID-19_Radiography_Dataset\Normal\images\Normal-1829.png
data\processed\labelled_4232\Normal\images\Normal-8189.png,Normal,data\raw\radiography\COVID-19_Radiography_Dataset\Normal\images\Normal-8189.png
data\processed\labelled_4232\Normal\images\Normal-1578.png,Normal,data\raw\radiography\COVID-19_Radiography_Dataset\Normal\images\Normal-1578.png
data\processed\labelled_4232\Normal\images\Normal-7227.png,Normal,data\raw\radiography\COVID-19_Radiography_Dataset\Normal\images\Normal-7227.png
data\processed\labelled_4232\Normal\images\Normal-2711.png,Normal,data\raw\radiography\COVID-19_Radiography_Dataset\Normal\images\Normal-2711.png
data\processed\labelled_4232\Normal\images\Normal-8611.png,Normal,data\raw\radiography\COVID-19_Radiography_Dataset\Normal\images\Normal-8611.png
data\processed\labelled_4232\Normal\images\Normal-6220.png,Normal,data\raw\radiography\COVID-19_Radiography_Dataset\Normal\images\Normal-6220.png
data\processed\labelled_4232\Normal\images\Normal-1119.png,Normal,data\raw\radiography\COVID-19_Radiography_Dataset\Normal\images\Normal-1119.png
data\processed\labelled_4232\Normal\images\Normal-6504.png,Normal,data\raw\radiography\COVID-19_Radiography_Dataset\Normal\images\Normal-6504.png
data\processed\labelled_4232\Normal\images\Normal-4850.png,Normal,data\raw\radiography\COVID-19_Radiography_Dataset\Normal\images\Normal-4850.png
data\processed\labelled_4232\Normal\images\Normal-8561.png,Normal,data\raw\radiography\COVID-19_Radiography_Dataset\Normal\images\Normal-8561.png
data\processed\labelled_4232\Normal\images\Normal-10055.png,Normal,data\raw\radiography\COVID-19_Radiography_Dataset\Normal\images\Normal-10055.png
data\processed\labelled_4232\Normal\images\Normal-157.png,Normal,data\raw\radiography\COVID-19_Radiography_Dataset\Normal\images\Normal-157.png
data\processed\labelled_4232\Normal\images\Normal-1889.png,Normal,data\raw\radiography\COVID-19_Radiography_Dataset\Normal\images\Normal-1889.png
data\processed\labelled_4232\Normal\images\Normal-8682.png,Normal,data\raw\radiography\COVID-19_Radiography_Dataset\Normal\images\Normal-8682.png
data\processed\labelled_4232\Normal\images\Normal-3771.png,Normal,data\raw\radiography\COVID-19_Radiography_Dataset\Normal\images\Normal-3771.png
data\processed\labelled_4232\Normal\images\Normal-5931.png,Normal,data\raw\radiography\COVID-19_Radiography_Dataset\Normal\images\Normal-5931.png
data\processed\labelled_4232\Normal\images\Normal-3484.png,Normal,data\raw\radiography\COVID-19_Radiography_Dataset\Normal\images\Normal-3484.png
data\processed\labelled_4232\Normal\images\Normal-7379.png,Normal,data\raw\radiography\COVID-19_Radiography_Dataset\Normal\images\Normal-7379.png
data\processed\labelled_4232\Normal\images\Normal-3126.png,Normal,data\raw\radiography\COVID-19_Radiography_Dataset\Normal\images\Normal-3126.png
data\processed\labelled_4232\Normal\images\Normal-4376.png,Normal,data\raw\radiography\COVID-19_Radiography_Dataset\Normal\images\Normal-4376.png
data\processed\labelled_4232\Normal\images\Normal-5518.png,Normal,data\raw\radiography\COVID-19_Radiography_Dataset\Normal\images\Normal-5518.png
data\processed\labelled_4232\Normal\images\Normal-5548.png,Normal,data\raw\radiography\COVID-19_Radiography_Dataset\Normal\images\Normal-5548.png
data\processed\labelled_4232\Normal\images\Normal-2112.png,Normal,data\raw\radiography\COVID-19_Radiography_Dataset\Normal\images\Normal-2112.png
data\processed\labelled_4232\Normal\images\Normal-6482.png,Normal,data\raw\radiography\COVID-19_Radiography_Dataset\Normal\images\Normal-6482.png
data\processed\labelled_4232\Normal\images\Normal-5491.png,Normal,data\raw\radiography\COVID-19_Radiography_Dataset\Normal\images\Normal-5491.png
data\processed\labelled_4232\Normal\images\Normal-1130.png,Normal,data\raw\radiography\COVID-19_Radiography_Dataset\Normal\images\Normal-1130.png
data\processed\labelled_4232\Normal\images\Normal-1796.png,Normal,data\raw\radiography\COVID-19_Radiography_Dataset\Normal\images\Normal-1796.png
data\processed\labelled_4232\Normal\images\Normal-6872.png,Normal,data\raw\radiography\COVID-19_Radiography_Dataset\Normal\images\Normal-6872.png
data\processed\labelled_4232\Normal\images\Normal-3145.png,Normal,data\raw\radiography\COVID-19_Radiography_Dataset\Normal\images\Normal-3145.png
data\processed\labelled_4232\Normal\images\Normal-188.png,Normal,data\raw\radiography\COVID-19_Radiography_Dataset\Normal\images\Normal-188.png
data\processed\labelled_4232\Normal\images\Normal-7089.png,Normal,data\raw\radiography\COVID-19_Radiography_Dataset\Normal\images\Normal-7089.png
data\processed\labelled_4232\Normal\images\Normal-9388.png,Normal,data\raw\radiography\COVID-19_Radiography_Dataset\Normal\images\Normal-9388.png
data\processed\labelled_4232\Normal\images\Normal-6473.png,Normal,data\raw\radiography\COVID-19_Radiography_Dataset\Normal\images\Normal-6473.png
data\processed\labelled_4232\Normal\images\Normal-3655.png,Normal,data\raw\radiography\COVID-19_Radiography_Dataset\Normal\images\Normal-3655.png
data\processed\labelled_4232\Normal\images\Normal-8879.png,Normal,data\raw\radiography\COVID-19_Radiography_Dataset\Normal\images\Normal-8879.png
data\processed\labelled_4232\Normal\images\Normal-860.png,Normal,data\raw\radiography\COVID-19_Radiography_Dataset\Normal\images\Normal-860.png
data\processed\labelled_4232\Normal\images\Normal-353.png,Normal,data\raw\radiography\COVID-19_Radiography_Dataset\Normal\images\Normal-353.png
data\processed\labelled_4232\Normal\images\Normal-3574.png,Normal,data\raw\radiography\COVID-19_Radiography_Dataset\Normal\images\Normal-3574.png
data\processed\labelled_4232\Normal\images\Normal-5314.png,Normal,data\raw\radiography\COVID-19_Radiography_Dataset\Normal\images\Normal-5314.png
data\processed\labelled_4232\Normal\images\Normal-10158.png,Normal,data\raw\radiography\COVID-19_Radiography_Dataset\Normal\images\Normal-10158.png
data\processed\labelled_4232\Normal\images\Normal-4484.png,Normal,data\raw\radiography\COVID-19_Radiography_Dataset\Normal\images\Normal-4484.png
data\processed\labelled_4232\Normal\images\Normal-1497.png,Normal,data\raw\radiography\COVID-19_Radiography_Dataset\Normal\images\Normal-1497.png
data\processed\labelled_4232\Normal\images\Normal-1680.png,Normal,data\raw\radiography\COVID-19_Radiography_Dataset\Normal\images\Normal-1680.png
data\processed\labelled_4232\Normal\images\Normal-10077.png,Normal,data\raw\radiography\COVID-19_Radiography_Dataset\Normal\images\Normal-10077.png
data\processed\labelled_4232\Normal\images\Normal-5927.png,Normal,data\raw\radiography\COVID-19_Radiography_Dataset\Normal\images\Normal-5927.png
data\processed\labelled_4232\Normal\images\Normal-7538.png,Normal,data\raw\radiography\COVID-19_Radiography_Dataset\Normal\images\Normal-7538.png
data\processed\labelled_4232\Normal\images\Normal-1271.png,Normal,data\raw\radiography\COVID-19_Radiography_Dataset\Normal\images\Normal-1271.png
data\processed\labelled_4232\Normal\images\Normal-8743.png,Normal,data\raw\radiography\COVID-19_Radiography_Dataset\Normal\images\Normal-8743.png
data\processed\labelled_4232\Normal\images\Normal-9483.png,Normal,data\raw\radiography\COVID-19_Radiography_Dataset\Normal\images\Normal-9483.png
data\processed\labelled_4232\Normal\images\Normal-6560.png,Normal,data\raw\radiography\COVID-19_Radiography_Dataset\Normal\images\Normal-6560.png
data\processed\labelled_4232\Normal\images\Normal-4409.png,Normal,data\raw\radiography\COVID-19_Radiography_Dataset\Normal\images\Normal-4409.png
data\processed\labelled_4232\Normal\images\Normal-1021.png,Normal,data\raw\radiography\COVID-19_Radiography_Dataset\Normal\images\Normal-1021.png
data\processed\labelled_4232\Normal\images\Normal-8002.png,Normal,data\raw\radiography\COVID-19_Radiography_Dataset\Normal\images\Normal-8002.png
data\processed\labelled_4232\Normal\images\Normal-1448.png,Normal,data\raw\radiography\COVID-19_Radiography_Dataset\Normal\images\Normal-1448.png
data\processed\labelled_4232\Normal\images\Normal-3920.png,Normal,data\raw\radiography\COVID-19_Radiography_Dataset\Normal\images\Normal-3920.png
data\processed\labelled_4232\Normal\images\Normal-3672.png,Normal,data\raw\radiography\COVID-19_Radiography_Dataset\Normal\images\Normal-3672.png
data\processed\labelled_4232\Normal\images\Normal-5698.png,Normal,data\raw\radiography\COVID-19_Radiography_Dataset\Normal\images\Normal-5698.png
data\processed\labelled_4232\Normal\images\Normal-2647.png,Normal,data\raw\radiography\COVID-19_Radiography_Dataset\Normal\images\Normal-2647.png
data\processed\labelled_4232\Normal\images\Normal-5601.png,Normal,data\raw\radiography\COVID-19_Radiography_Dataset\Normal\images\Normal-5601.png
data\processed\labelled_4232\Normal\images\Normal-8161.png,Normal,data\raw\radiography\COVID-19_Radiography_Dataset\Normal\images\Normal-8161.png
data\processed\labelled_4232\Normal\images\Normal-8121.png,Normal,data\raw\radiography\COVID-19_Radiography_Dataset\Normal\images\Normal-8121.png
data\processed\labelled_4232\Normal\images\Normal-7959.png,Normal,data\raw\radiography\COVID-19_Radiography_Dataset\Normal\images\Normal-7959.png
data\processed\labelled_4232\Normal\images\Normal-4166.png,Normal,data\raw\radiography\COVID-19_Radiography_Dataset\Normal\images\Normal-4166.png
data\processed\labelled_4232\Normal\images\Normal-549.png,Normal,data\raw\radiography\COVID-19_Radiography_Dataset\Normal\images\Normal-549.png
data\processed\labelled_4232\Normal\images\Normal-8568.png,Normal,data\raw\radiography\COVID-19_Radiography_Dataset\Normal\images\Normal-8568.png
data\processed\labelled_4232\Normal\images\Normal-6232.png,Normal,data\raw\radiography\COVID-19_Radiography_Dataset\Normal\images\Normal-6232.png
data\processed\labelled_4232\Normal\images\Normal-8084.png,Normal,data\raw\radiography\COVID-19_Radiography_Dataset\Normal\images\Normal-8084.png
data\processed\labelled_4232\Normal\images\Normal-560.png,Normal,data\raw\radiography\COVID-19_Radiography_Dataset\Normal\images\Normal-560.png
data\processed\labelled_4232\Normal\images\Normal-1098.png,Normal,data\raw\radiography\COVID-19_Radiography_Dataset\Normal\images\Normal-1098.png
data\processed\labelled_4232\Normal\images\Normal-1142.png,Normal,data\raw\radiography\COVID-19_Radiography_Dataset\Normal\images\Normal-1142.png
data\processed\labelled_4232\Normal\images\Normal-138.png,Normal,data\raw\radiography\COVID-19_Radiography_Dataset\Normal\images\Normal-138.png
data\processed\labelled_4232\Normal\images\Normal-6277.png,Normal,data\raw\radiography\COVID-19_Radiography_Dataset\Normal\images\Normal-6277.png
data\processed\labelled_4232\Normal\images\Normal-4865.png,Normal,data\raw\radiography\COVID-19_Radiography_Dataset\Normal\images\Normal-4865.png
data\processed\labelled_4232\Normal\images\Normal-7062.png,Normal,data\raw\radiography\COVID-19_Radiography_Dataset\Normal\images\Normal-7062.png
data\processed\labelled_4232\Normal\images\Normal-4941.png,Normal,data\raw\radiography\COVID-19_Radiography_Dataset\Normal\images\Normal-4941.png
data\processed\labelled_4232\Normal\images\Normal-5571.png,Normal,data\raw\radiography\COVID-19_Radiography_Dataset\Normal\images\Normal-5571.png
data\processed\labelled_4232\Normal\images\Normal-388.png,Normal,data\raw\radiography\COVID-19_Radiography_Dataset\Normal\images\Normal-388.png
data\processed\labelled_4232\Normal\images\Normal-781.png,Normal,data\raw\radiography\COVID-19_Radiography_Dataset\Normal\images\Normal-781.png
data\processed\labelled_4232\Normal\images\Normal-7607.png,Normal,data\raw\radiography\COVID-19_Radiography_Dataset\Normal\images\Normal-7607.png
data\processed\labelled_4232\Normal\images\Normal-1908.png,Normal,data\raw\radiography\COVID-19_Radiography_Dataset\Normal\images\Normal-1908.png
data\processed\labelled_4232\Normal\images\Normal-851.png,Normal,data\raw\radiography\COVID-19_Radiography_Dataset\Normal\images\Normal-851.png
data\processed\labelled_4232\Normal\images\Normal-7700.png,Normal,data\raw\radiography\COVID-19_Radiography_Dataset\Normal\images\Normal-7700.png
data\processed\labelled_4232\Normal\images\Normal-7666.png,Normal,data\raw\radiography\COVID-19_Radiography_Dataset\Normal\images\Normal-7666.png
data\processed\labelled_4232\Normal\images\Normal-8901.png,Normal,data\raw\radiography\COVID-19_Radiography_Dataset\Normal\images\Normal-8901.png
data\processed\labelled_4232\Normal\images\Normal-4406.png,Normal,data\raw\radiography\COVID-19_Radiography_Dataset\Normal\images\Normal-4406.png
data\processed\labelled_4232\Normal\images\Normal-2651.png,Normal,data\raw\radiography\COVID-19_Radiography_Dataset\Normal\images\Normal-2651.png
data\processed\labelled_4232\Normal\images\Normal-5060.png,Normal,data\raw\radiography\COVID-19_Radiography_Dataset\Normal\images\Normal-5060.png
data\processed\labelled_4232\Normal\images\Normal-263.png,Normal,data\raw\radiography\COVID-19_Radiography_Dataset\Normal\images\Normal-263.png
data\processed\labelled_4232\Normal\images\Normal-7439.png,Normal,data\raw\radiography\COVID-19_Radiography_Dataset\Normal\images\Normal-7439.png
data\processed\labelled_4232\Normal\images\Normal-3897.png,Normal,data\raw\radiography\COVID-19_Radiography_Dataset\Normal\images\Normal-3897.png
data\processed\labelled_4232\Normal\images\Normal-9173.png,Normal,data\raw\radiography\COVID-19_Radiography_Dataset\Normal\images\Normal-9173.png
data\processed\labelled_4232\Normal\images\Normal-213.png,Normal,data\raw\radiography\COVID-19_Radiography_Dataset\Normal\images\Normal-213.png
data\processed\labelled_4232\Normal\images\Normal-5346.png,Normal,data\raw\radiography\COVID-19_Radiography_Dataset\Normal\images\Normal-5346.png
data\processed\labelled_4232\Normal\images\Normal-1584.png,Normal,data\raw\radiography\COVID-19_Radiography_Dataset\Normal\images\Normal-1584.png
data\processed\labelled_4232\Normal\images\Normal-3301.png,Normal,data\raw\radiography\COVID-19_Radiography_Dataset\Normal\images\Normal-3301.png
data\processed\labelled_4232\Normal\images\Normal-660.png,Normal,data\raw\radiography\COVID-19_Radiography_Dataset\Normal\images\Normal-660.png
data\processed\labelled_4232\Normal\images\Normal-4336.png,Normal,data\raw\radiography\COVID-19_Radiography_Dataset\Normal\images\Normal-4336.png
data\processed\labelled_4232\Normal\images\Normal-6587.png,Normal,data\raw\radiography\COVID-19_Radiography_Dataset\Normal\images\Normal-6587.png
data\processed\labelled_4232\Normal\images\Normal-8593.png,Normal,data\raw\radiography\COVID-19_Radiography_Dataset\Normal\images\Normal-8593.png
data\processed\labelled_4232\Normal\images\Normal-9085.png,Normal,data\raw\radiography\COVID-19_Radiography_Dataset\Normal\images\Normal-9085.png
data\processed\labelled_4232\Normal\images\Normal-10143.png,Normal,data\raw\radiography\COVID-19_Radiography_Dataset\Normal\images\Normal-10143.png
data\processed\labelled_4232\Normal\images\Normal-7493.png,Normal,data\raw\radiography\COVID-19_Radiography_Dataset\Normal\images\Normal-7493.png
data\processed\labelled_4232\Normal\images\Normal-819.png,Normal,data\raw\radiography\COVID-19_Radiography_Dataset\Normal\images\Normal-819.png
data\processed\labelled_4232\Normal\images\Normal-6435.png,Normal,data\raw\radiography\COVID-19_Radiography_Dataset\Normal\images\Normal-6435.png
data\processed\labelled_4232\Normal\images\Normal-9329.png,Normal,data\raw\radiography\COVID-19_Radiography_Dataset\Normal\images\Normal-9329.png
data\processed\labelled_4232\Normal\images\Normal-1765.png,Normal,data\raw\radiography\COVID-19_Radiography_Dataset\Normal\images\Normal-1765.png
data\processed\labelled_4232\Normal\images\Normal-344.png,Normal,data\raw\radiography\COVID-19_Radiography_Dataset\Normal\images\Normal-344.png
data\processed\labelled_4232\Normal\images\Normal-5903.png,Normal,data\raw\radiography\COVID-19_Radiography_Dataset\Normal\images\Normal-5903.png
data\processed\labelled_4232\Normal\images\Normal-7396.png,Normal,data\raw\radiography\COVID-19_Radiography_Dataset\Normal\images\Normal-7396.png
data\processed\labelled_4232\Normal\images\Normal-4794.png,Normal,data\raw\radiography\COVID-19_Radiography_Dataset\Normal\images\Normal-4794.png
data\processed\labelled_4232\Normal\images\Normal-135.png,Normal,data\raw\radiography\COVID-19_Radiography_Dataset\Normal\images\Normal-135.png
data\processed\labelled_4232\Normal\images\Normal-9561.png,Normal,data\raw\radiography\COVID-19_Radiography_Dataset\Normal\images\Normal-9561.png
data\processed\labelled_4232\Normal\images\Normal-6068.png,Normal,data\raw\radiography\COVID-19_Radiography_Dataset\Normal\images\Normal-6068.png
data\processed\labelled_4232\Normal\images\Normal-2847.png,Normal,data\raw\radiography\COVID-19_Radiography_Dataset\Normal\images\Normal-2847.png
data\processed\labelled_4232\Normal\images\Normal-7946.png,Normal,data\raw\radiography\COVID-19_Radiography_Dataset\Normal\images\Normal-7946.png
data\processed\labelled_4232\Normal\images\Normal-9951.png,Normal,data\raw\radiography\COVID-19_Radiography_Dataset\Normal\images\Normal-9951.png
data\processed\labelled_4232\Normal\images\Normal-4758.png,Normal,data\raw\radiography\COVID-19_Radiography_Dataset\Normal\images\Normal-4758.png
data\processed\labelled_4232\Normal\images\Normal-980.png,Normal,data\raw\radiography\COVID-19_Radiography_Dataset\Normal\images\Normal-980.png
data\processed\labelled_4232\Normal\images\Normal-6271.png,Normal,data\raw\radiography\COVID-19_Radiography_Dataset\Normal\images\Normal-6271.png
data\processed\labelled_4232\Normal\images\Normal-1092.png,Normal,data\raw\radiography\COVID-19_Radiography_Dataset\Normal\images\Normal-1092.png
data\processed\labelled_4232\Normal\images\Normal-4752.png,Normal,data\raw\radiography\COVID-19_Radiography_Dataset\Normal\images\Normal-4752.png
data\processed\labelled_4232\Normal\images\Normal-6590.png,Normal,data\raw\radiography\COVID-19_Radiography_Dataset\Normal\images\Normal-6590.png
data\processed\labelled_4232\Normal\images\Normal-9795.png,Normal,data\raw\radiography\COVID-19_Radiography_Dataset\Normal\images\Normal-9795.png
data\processed\labelled_4232\Normal\images\Normal-699.png,Normal,data\raw\radiography\COVID-19_Radiography_Dataset\Normal\images\Normal-699.png
data\processed\labelled_4232\Normal\images\Normal-890.png,Normal,data\raw\radiography\COVID-19_Radiography_Dataset\Normal\images\Normal-890.png
data\processed\labelled_4232\Normal\images\Normal-7282.png,Normal,data\raw\radiography\COVID-19_Radiography_Dataset\Normal\images\Normal-7282.png
data\processed\labelled_4232\Normal\images\Normal-8321.png,Normal,data\raw\radiography\COVID-19_Radiography_Dataset\Normal\images\Normal-8321.png
data\processed\labelled_4232\Normal\images\Normal-5782.png,Normal,data\raw\radiography\COVID-19_Radiography_Dataset\Normal\images\Normal-5782.png
data\processed\labelled_4232\Normal\images\Normal-8750.png,Normal,data\raw\radiography\COVID-19_Radiography_Dataset\Normal\images\Normal-8750.png
data\processed\labelled_4232\Normal\images\Normal-176.png,Normal,data\raw\radiography\COVID-19_Radiography_Dataset\Normal\images\Normal-176.png
data\processed\labelled_4232\Normal\images\Normal-3854.png,Normal,data\raw\radiography\COVID-19_Radiography_Dataset\Normal\images\Normal-3854.png
data\processed\labelled_4232\Normal\images\Normal-7870.png,Normal,data\raw\radiography\COVID-19_Radiography_Dataset\Normal\images\Normal-7870.png
data\processed\labelled_4232\Normal\images\Normal-6987.png,Normal,data\raw\radiography\COVID-19_Radiography_Dataset\Normal\images\Normal-6987.png
data\processed\labelled_4232\Normal\images\Normal-5238.png,Normal,data\raw\radiography\COVID-19_Radiography_Dataset\Normal\images\Normal-5238.png
data\processed\labelled_4232\Normal\images\Normal-169.png,Normal,data\raw\radiography\COVID-19_Radiography_Dataset\Normal\images\Normal-169.png
data\processed\labelled_4232\Normal\images\Normal-6562.png,Normal,data\raw\radiography\COVID-19_Radiography_Dataset\Normal\images\Normal-6562.png
data\processed\labelled_4232\Normal\images\Normal-8029.png,Normal,data\raw\radiography\COVID-19_Radiography_Dataset\Normal\images\Normal-8029.png
data\processed\labelled_4232\Normal\images\Normal-3401.png,Normal,data\raw\radiography\COVID-19_Radiography_Dataset\Normal\images\Normal-3401.png
data\processed\labelled_4232\Normal\images\Normal-8580.png,Normal,data\raw\radiography\COVID-19_Radiography_Dataset\Normal\images\Normal-8580.png
data\processed\labelled_4232\Normal\images\Normal-5822.png,Normal,data\raw\radiography\COVID-19_Radiography_Dataset\Normal\images\Normal-5822.png
data\processed\labelled_4232\Normal\images\Normal-579.png,Normal,data\raw\radiography\COVID-19_Radiography_Dataset\Normal\images\Normal-579.png
data\processed\labelled_4232\Normal\images\Normal-7839.png,Normal,data\raw\radiography\COVID-19_Radiography_Dataset\Normal\images\Normal-7839.png
data\processed\labelled_4232\Normal\images\Normal-6182.png,Normal,data\raw\radiography\COVID-19_Radiography_Dataset\Normal\images\Normal-6182.png
data\processed\labelled_4232\Normal\images\Normal-3285.png,Normal,data\raw\radiography\COVID-19_Radiography_Dataset\Normal\images\Normal-3285.png
data\processed\labelled_4232\Normal\images\Normal-1652.png,Normal,data\raw\radiography\COVID-19_Radiography_Dataset\Normal\images\Normal-1652.png
data\processed\labelled_4232\Normal\images\Normal-7150.png,Normal,data\raw\radiography\COVID-19_Radiography_Dataset\Normal\images\Normal-7150.png
data\processed\labelled_4232\Normal\images\Normal-2919.png,Normal,data\raw\radiography\COVID-19_Radiography_Dataset\Normal\images\Normal-2919.png
data\processed\labelled_4232\Normal\images\Normal-7369.png,Normal,data\raw\radiography\COVID-19_Radiography_Dataset\Normal\images\Normal-7369.png
data\processed\labelled_4232\Normal\images\Normal-6218.png,Normal,data\raw\radiography\COVID-19_Radiography_Dataset\Normal\images\Normal-6218.png
data\processed\labelled_4232\Normal\images\Normal-2594.png,Normal,data\raw\radiography\COVID-19_Radiography_Dataset\Normal\images\Normal-2594.png
data\processed\labelled_4232\Normal\images\Normal-5022.png,Normal,data\raw\radiography\COVID-19_Radiography_Dataset\Normal\images\Normal-5022.png
data\processed\labelled_4232\Normal\images\Normal-3702.png,Normal,data\raw\radiography\COVID-19_Radiography_Dataset\Normal\images\Normal-3702.png
data\processed\labelled_4232\Normal\images\Normal-7904.png,Normal,data\raw\radiography\COVID-19_Radiography_Dataset\Normal\images\Normal-7904.png
data\processed\labelled_4232\Normal\images\Normal-7435.png,Normal,data\raw\radiography\COVID-19_Radiography_Dataset\Normal\images\Normal-7435.png
data\processed\labelled_4232\Normal\images\Normal-4521.png,Normal,data\raw\radiography\COVID-19_Radiography_Dataset\Normal\images\Normal-4521.png
data\processed\labelled_4232\Normal\images\Normal-9492.png,Normal,data\raw\radiography\COVID-19_Radiography_Dataset\Normal\images\Normal-9492.png
data\processed\labelled_4232\Normal\images\Normal-1232.png,Normal,data\raw\radiography\COVID-19_Radiography_Dataset\Normal\images\Normal-1232.png
data\processed\labelled_4232\Normal\images\Normal-1324.png,Normal,data\raw\radiography\COVID-19_Radiography_Dataset\Normal\images\Normal-1324.png
data\processed\labelled_4232\Normal\images\Normal-2301.png,Normal,data\raw\radiography\COVID-19_Radiography_Dataset\Normal\images\Normal-2301.png
data\processed\labelled_4232\Normal\images\Normal-671.png,Normal,data\raw\radiography\COVID-19_Radiography_Dataset\Normal\images\Normal-671.png
data\processed\labelled_4232\Normal\images\Normal-5216.png,Normal,data\raw\radiography\COVID-19_Radiography_Dataset\Normal\images\Normal-5216.png
data\processed\labelled_4232\Normal\images\Normal-3474.png,Normal,data\raw\radiography\COVID-19_Radiography_Dataset\Normal\images\Normal-3474.png
data\processed\labelled_4232\Normal\images\Normal-6448.png,Normal,data\raw\radiography\COVID-19_Radiography_Dataset\Normal\images\Normal-6448.png
data\processed\labelled_4232\Normal\images\Normal-8311.png,Normal,data\raw\radiography\COVID-19_Radiography_Dataset\Normal\images\Normal-8311.png
data\processed\labelled_4232\Normal\images\Normal-6045.png,Normal,data\raw\radiography\COVID-19_Radiography_Dataset\Normal\images\Normal-6045.png
data\processed\labelled_4232\Normal\images\Normal-2614.png,Normal,data\raw\radiography\COVID-19_Radiography_Dataset\Normal\images\Normal-2614.png
data\processed\labelled_4232\Normal\images\Normal-8727.png,Normal,data\raw\radiography\COVID-19_Radiography_Dataset\Normal\images\Normal-8727.png
data\processed\labelled_4232\Normal\images\Normal-916.png,Normal,data\raw\radiography\COVID-19_Radiography_Dataset\Normal\images\Normal-916.png
data\processed\labelled_4232\Normal\images\Normal-339.png,Normal,data\raw\radiography\COVID-19_Radiography_Dataset\Normal\images\Normal-339.png
data\processed\labelled_4232\Normal\images\Normal-7051.png,Normal,data\raw\radiography\COVID-19_Radiography_Dataset\Normal\images\Normal-7051.png
data\processed\labelled_4232\Normal\images\Normal-9278.png,Normal,data\raw\radiography\COVID-19_Radiography_Dataset\Normal\images\Normal-9278.png
data\processed\labelled_4232\Normal\images\Normal-10065.png,Normal,data\raw\radiography\COVID-19_Radiography_Dataset\Normal\images\Normal-10065.png
data\processed\labelled_4232\Normal\images\Normal-4013.png,Normal,data\raw\radiography\COVID-19_Radiography_Dataset\Normal\images\Normal-4013.png
data\processed\labelled_4232\Normal\images\Normal-9137.png,Normal,data\raw\radiography\COVID-19_Radiography_Dataset\Normal\images\Normal-9137.png
data\processed\labelled_4232\Normal\images\Normal-8185.png,Normal,data\raw\radiography\COVID-19_Radiography_Dataset\Normal\images\Normal-8185.png
data\processed\labelled_4232\Normal\images\Normal-5859.png,Normal,data\raw\radiography\COVID-19_Radiography_Dataset\Normal\images\Normal-5859.png
data\processed\labelled_4232\Normal\images\Normal-9254.png,Normal,data\raw\radiography\COVID-19_Radiography_Dataset\Normal\images\Normal-9254.png
data\processed\labelled_4232\Normal\images\Normal-3640.png,Normal,data\raw\radiography\COVID-19_Radiography_Dataset\Normal\images\Normal-3640.png
data\processed\labelled_4232\Normal\images\Normal-8931.png,Normal,data\raw\radiography\COVID-19_Radiography_Dataset\Normal\images\Normal-8931.png
data\processed\labelled_4232\Normal\images\Normal-2767.png,Normal,data\raw\radiography\COVID-19_Radiography_Dataset\Normal\images\Normal-2767.png
data\processed\labelled_4232\Normal\images\Normal-6927.png,Normal,data\raw\radiography\COVID-19_Radiography_Dataset\Normal\images\Normal-6927.png
data\processed\labelled_4232\Normal\images\Normal-1786.png,Normal,data\raw\radiography\COVID-19_Radiography_Dataset\Normal\images\Normal-1786.png
data\processed\labelled_4232\Normal\images\Normal-7105.png,Normal,data\raw\radiography\COVID-19_Radiography_Dataset\Normal\images\Normal-7105.png
data\processed\labelled_4232\Normal\images\Normal-4861.png,Normal,data\raw\radiography\COVID-19_Radiography_Dataset\Normal\images\Normal-4861.png
data\processed\labelled_4232\Normal\images\Normal-5211.png,Normal,data\raw\radiography\COVID-19_Radiography_Dataset\Normal\images\Normal-5211.png
data\processed\labelled_4232\Normal\images\Normal-889.png,Normal,data\raw\radiography\COVID-19_Radiography_Dataset\Normal\images\Normal-889.png
data\processed\labelled_4232\Normal\images\Normal-7975.png,Normal,data\raw\radiography\COVID-19_Radiography_Dataset\Normal\images\Normal-7975.png
data\processed\labelled_4232\Normal\images\Normal-7205.png,Normal,data\raw\radiography\COVID-19_Radiography_Dataset\Normal\images\Normal-7205.png
data\processed\labelled_4232\Normal\images\Normal-3493.png,Normal,data\raw\radiography\COVID-19_Radiography_Dataset\Normal\images\Normal-3493.png
data\processed\labelled_4232\Normal\images\Normal-6380.png,Normal,data\raw\radiography\COVID-19_Radiography_Dataset\Normal\images\Normal-6380.png
data\processed\labelled_4232\Normal\images\Normal-8344.png,Normal,data\raw\radiography\COVID-19_Radiography_Dataset\Normal\images\Normal-8344.png
data\processed\labelled_4232\Normal\images\Normal-1113.png,Normal,data\raw\radiography\COVID-19_Radiography_Dataset\Normal\images\Normal-1113.png
data\processed\labelled_4232\Normal\images\Normal-1984.png,Normal,data\raw\radiography\COVID-19_Radiography_Dataset\Normal\images\Normal-1984.png
data\processed\labelled_4232\Normal\images\Normal-2780.png,Normal,data\raw\radiography\COVID-19_Radiography_Dataset\Normal\images\Normal-2780.png
data\processed\labelled_4232\Normal\images\Normal-7479.png,Normal,data\raw\radiography\COVID-19_Radiography_Dataset\Normal\images\Normal-7479.png
data\processed\labelled_4232\Normal\images\Normal-769.png,Normal,data\raw\radiography\COVID-19_Radiography_Dataset\Normal\images\Normal-769.png
data\processed\labelled_4232\Normal\images\Normal-222.png,Normal,data\raw\radiography\COVID-19_Radiography_Dataset\Normal\images\Normal-222.png
data\processed\labelled_4232\Normal\images\Normal-4122.png,Normal,data\raw\radiography\COVID-19_Radiography_Dataset\Normal\images\Normal-4122.png
data\processed\labelled_4232\Normal\images\Normal-8306.png,Normal,data\raw\radiography\COVID-19_Radiography_Dataset\Normal\images\Normal-8306.png
data\processed\labelled_4232\Normal\images\Normal-9185.png,Normal,data\raw\radiography\COVID-19_Radiography_Dataset\Normal\images\Normal-9185.png
data\processed\labelled_4232\Normal\images\Normal-2242.png,Normal,data\raw\radiography\COVID-19_Radiography_Dataset\Normal\images\Normal-2242.png
data\processed\labelled_4232\Normal\images\Normal-8073.png,Normal,data\raw\radiography\COVID-19_Radiography_Dataset\Normal\images\Normal-8073.png
data\processed\labelled_4232\Normal\images\Normal-7255.png,Normal,data\raw\radiography\COVID-19_Radiography_Dataset\Normal\images\Normal-7255.png
data\processed\labelled_4232\Normal\images\Normal-3273.png,Normal,data\raw\radiography\COVID-19_Radiography_Dataset\Normal\images\Normal-3273.png
data\processed\labelled_4232\Normal\images\Normal-832.png,Normal,data\raw\radiography\COVID-19_Radiography_Dataset\Normal\images\Normal-832.png
data\processed\labelled_4232\Normal\images\Normal-3752.png,Normal,data\raw\radiography\COVID-19_Radiography_Dataset\Normal\images\Normal-3752.png
data\processed\labelled_4232\Normal\images\Normal-1026.png,Normal,data\raw\radiography\COVID-19_Radiography_Dataset\Normal\images\Normal-1026.png
data\processed\labelled_4232\Normal\images\Normal-2635.png,Normal,data\raw\radiography\COVID-19_Radiography_Dataset\Normal\images\Normal-2635.png
data\processed\labelled_4232\Normal\images\Normal-6572.png,Normal,data\raw\radiography\COVID-19_Radiography_Dataset\Normal\images\Normal-6572.png
data\processed\labelled_4232\Normal\images\Normal-7478.png,Normal,data\raw\radiography\COVID-19_Radiography_Dataset\Normal\images\Normal-7478.png
data\processed\labelled_4232\Normal\images\Normal-340.png,Normal,data\raw\radiography\COVID-19_Radiography_Dataset\Normal\images\Normal-340.png
data\processed\labelled_4232\Normal\images\Normal-5111.png,Normal,data\raw\radiography\COVID-19_Radiography_Dataset\Normal\images\Normal-5111.png
data\processed\labelled_4232\Normal\images\Normal-2199.png,Normal,data\raw\radiography\COVID-19_Radiography_Dataset\Normal\images\Normal-2199.png
data\processed\labelled_4232\Normal\images\Normal-6456.png,Normal,data\raw\radiography\COVID-19_Radiography_Dataset\Normal\images\Normal-6456.png
data\processed\labelled_4232\Normal\images\Normal-1454.png,Normal,data\raw\radiography\COVID-19_Radiography_Dataset\Normal\images\Normal-1454.png
data\processed\labelled_4232\Normal\images\Normal-9580.png,Normal,data\raw\radiography\COVID-19_Radiography_Dataset\Normal\images\Normal-9580.png
data\processed\labelled_4232\Normal\images\Normal-1779.png,Normal,data\raw\radiography\COVID-19_Radiography_Dataset\Normal\images\Normal-1779.png
data\processed\labelled_4232\Normal\images\Normal-494.png,Normal,data\raw\radiography\COVID-19_Radiography_Dataset\Normal\images\Normal-494.png
data\processed\labelled_4232\Normal\images\Normal-9846.png,Normal,data\raw\radiography\COVID-19_Radiography_Dataset\Normal\images\Normal-9846.png
data\processed\labelled_4232\Normal\images\Normal-1668.png,Normal,data\raw\radiography\COVID-19_Radiography_Dataset\Normal\images\Normal-1668.png
data\processed\labelled_4232\Normal\images\Normal-8710.png,Normal,data\raw\radiography\COVID-19_Radiography_Dataset\Normal\images\Normal-8710.png
data\processed\labelled_4232\Normal\images\Normal-2551.png,Normal,data\raw\radiography\COVID-19_Radiography_Dataset\Normal\images\Normal-2551.png
data\processed\labelled_4232\Normal\images\Normal-2488.png,Normal,data\raw\radiography\COVID-19_Radiography_Dataset\Normal\images\Normal-2488.png
data\processed\labelled_4232\Normal\images\Normal-3235.png,Normal,data\raw\radiography\COVID-19_Radiography_Dataset\Normal\images\Normal-3235.png
data\processed\labelled_4232\Normal\images\Normal-897.png,Normal,data\raw\radiography\COVID-19_Radiography_Dataset\Normal\images\Normal-897.png
data\processed\labelled_4232\Normal\images\Normal-7926.png,Normal,data\raw\radiography\COVID-19_Radiography_Dataset\Normal\images\Normal-7926.png
data\processed\labelled_4232\Normal\images\Normal-6089.png,Normal,data\raw\radiography\COVID-19_Radiography_Dataset\Normal\images\Normal-6089.png
data\processed\labelled_4232\Normal\images\Normal-6168.png,Normal,data\raw\radiography\COVID-19_Radiography_Dataset\Normal\images\Normal-6168.png
data\processed\labelled_4232\Normal\images\Normal-1292.png,Normal,data\raw\radiography\COVID-19_Radiography_Dataset\Normal\images\Normal-1292.png
data\processed\labelled_4232\Normal\images\Normal-2315.png,Normal,data\raw\radiography\COVID-19_Radiography_Dataset\Normal\images\Normal-2315.png
data\processed\labelled_4232\Normal\images\Normal-3710.png,Normal,data\raw\radiography\COVID-19_Radiography_Dataset\Normal\images\Normal-3710.png
data\processed\labelled_4232\Normal\images\Normal-9733.png,Normal,data\raw\radiography\COVID-19_Radiography_Dataset\Normal\images\Normal-9733.png
data\processed\labelled_4232\Normal\images\Normal-8650.png,Normal,data\raw\radiography\COVID-19_Radiography_Dataset\Normal\images\Normal-8650.png
data\processed\labelled_4232\Normal\images\Normal-8820.png,Normal,data\raw\radiography\COVID-19_Radiography_Dataset\Normal\images\Normal-8820.png
data\processed\labelled_4232\Normal\images\Normal-6556.png,Normal,data\raw\radiography\COVID-19_Radiography_Dataset\Normal\images\Normal-6556.png
data\processed\labelled_4232\Normal\images\Normal-5104.png,Normal,data\raw\radiography\COVID-19_Radiography_Dataset\Normal\images\Normal-5104.png
data\processed\labelled_4232\Normal\images\Normal-6201.png,Normal,data\raw\radiography\COVID-19_Radiography_Dataset\Normal\images\Normal-6201.png
data\processed\labelled_4232\Normal\images\Normal-28.png,Normal,data\raw\radiography\COVID-19_Radiography_Dataset\Normal\images\Normal-28.png
data\processed\labelled_4232\Normal\images\Normal-8964.png,Normal,data\raw\radiography\COVID-19_Radiography_Dataset\Normal\images\Normal-8964.png
data\processed\labelled_4232\Normal\images\Normal-1904.png,Normal,data\raw\radiography\COVID-19_Radiography_Dataset\Normal\images\Normal-1904.png
data\processed\labelled_4232\Normal\images\Normal-6214.png,Normal,data\raw\radiography\COVID-19_Radiography_Dataset\Normal\images\Normal-6214.png
data\processed\labelled_4232\Normal\images\Normal-5752.png,Normal,data\raw\radiography\COVID-19_Radiography_Dataset\Normal\images\Normal-5752.png
data\processed\labelled_4232\Normal\images\Normal-3803.png,Normal,data\raw\radiography\COVID-19_Radiography_Dataset\Normal\images\Normal-3803.png
data\processed\labelled_4232\Normal\images\Normal-2388.png,Normal,data\raw\radiography\COVID-19_Radiography_Dataset\Normal\images\Normal-2388.png
data\processed\labelled_4232\Normal\images\Normal-2379.png,Normal,data\raw\radiography\COVID-19_Radiography_Dataset\Normal\images\Normal-2379.png
data\processed\labelled_4232\Normal\images\Normal-1389.png,Normal,data\raw\radiography\COVID-19_Radiography_Dataset\Normal\images\Normal-1389.png
data\processed\labelled_4232\Normal\images\Normal-1262.png,Normal,data\raw\radiography\COVID-19_Radiography_Dataset\Normal\images\Normal-1262.png
data\processed\labelled_4232\Normal\images\Normal-495.png,Normal,data\raw\radiography\COVID-19_Radiography_Dataset\Normal\images\Normal-495.png
data\processed\labelled_4232\Normal\images\Normal-6529.png,Normal,data\raw\radiography\COVID-19_Radiography_Dataset\Normal\images\Normal-6529.png
data\processed\labelled_4232\Normal\images\Normal-415.png,Normal,data\raw\radiography\COVID-19_Radiography_Dataset\Normal\images\Normal-415.png
data\processed\labelled_4232\Normal\images\Normal-6081.png,Normal,data\raw\radiography\COVID-19_Radiography_Dataset\Normal\images\Normal-6081.png
data\processed\labelled_4232\Normal\images\Normal-6699.png,Normal,data\raw\radiography\COVID-19_Radiography_Dataset\Normal\images\Normal-6699.png
data\processed\labelled_4232\Normal\images\Normal-3738.png,Normal,data\raw\radiography\COVID-19_Radiography_Dataset\Normal\images\Normal-3738.png
data\processed\labelled_4232\Normal\images\Normal-2229.png,Normal,data\raw\radiography\COVID-19_Radiography_Dataset\Normal\images\Normal-2229.png
data\processed\labelled_4232\Normal\images\Normal-1864.png,Normal,data\raw\radiography\COVID-19_Radiography_Dataset\Normal\images\Normal-1864.png
data\processed\labelled_4232\Normal\images\Normal-1329.png,Normal,data\raw\radiography\COVID-19_Radiography_Dataset\Normal\images\Normal-1329.png
data\processed\labelled_4232\Normal\images\Normal-3789.png,Normal,data\raw\radiography\COVID-19_Radiography_Dataset\Normal\images\Normal-3789.png
data\processed\labelled_4232\Normal\images\Normal-4043.png,Normal,data\raw\radiography\COVID-19_Radiography_Dataset\Normal\images\Normal-4043.png
data\processed\labelled_4232\Normal\images\Normal-9982.png,Normal,data\raw\radiography\COVID-19_Radiography_Dataset\Normal\images\Normal-9982.png
data\processed\labelled_4232\Normal\images\Normal-9027.png,Normal,data\raw\radiography\COVID-19_Radiography_Dataset\Normal\images\Normal-9027.png
data\processed\labelled_4232\Normal\images\Normal-5681.png,Normal,data\raw\radiography\COVID-19_Radiography_Dataset\Normal\images\Normal-5681.png
data\processed\labelled_4232\Normal\images\Normal-6540.png,Normal,data\raw\radiography\COVID-19_Radiography_Dataset\Normal\images\Normal-6540.png
data\processed\labelled_4232\Normal\images\Normal-6050.png,Normal,data\raw\radiography\COVID-19_Radiography_Dataset\Normal\images\Normal-6050.png
data\processed\labelled_4232\Normal\images\Normal-5391.png,Normal,data\raw\radiography\COVID-19_Radiography_Dataset\Normal\images\Normal-5391.png
data\processed\labelled_4232\Normal\images\Normal-9488.png,Normal,data\raw\radiography\COVID-19_Radiography_Dataset\Normal\images\Normal-9488.png
data\processed\labelled_4232\Normal\images\Normal-1394.png,Normal,data\raw\radiography\COVID-19_Radiography_Dataset\Normal\images\Normal-1394.png
data\processed\labelled_4232\Normal\images\Normal-4329.png,Normal,data\raw\radiography\COVID-19_Radiography_Dataset\Normal\images\Normal-4329.png
data\processed\labelled_4232\Normal\images\Normal-4627.png,Normal,data\raw\radiography\COVID-19_Radiography_Dataset\Normal\images\Normal-4627.png
data\processed\labelled_4232\Normal\images\Normal-441.png,Normal,data\raw\radiography\COVID-19_Radiography_Dataset\Normal\images\Normal-441.png
data\processed\labelled_4232\Normal\images\Normal-6392.png,Normal,data\raw\radiography\COVID-19_Radiography_Dataset\Normal\images\Normal-6392.png
data\processed\labelled_4232\Normal\images\Normal-2857.png,Normal,data\raw\radiography\COVID-19_Radiography_Dataset\Normal\images\Normal-2857.png
data\processed\labelled_4232\Normal\images\Normal-9370.png,Normal,data\raw\radiography\COVID-19_Radiography_Dataset\Normal\images\Normal-9370.png
data\processed\labelled_4232\Normal\images\Normal-3284.png,Normal,data\raw\radiography\COVID-19_Radiography_Dataset\Normal\images\Normal-3284.png
data\processed\labelled_4232\Normal\images\Normal-5089.png,Normal,data\raw\radiography\COVID-19_Radiography_Dataset\Normal\images\Normal-5089.png
data\processed\labelled_4232\Normal\images\Normal-9752.png,Normal,data\raw\radiography\COVID-19_Radiography_Dataset\Normal\images\Normal-9752.png
data\processed\labelled_4232\Normal\images\Normal-4765.png,Normal,data\raw\radiography\COVID-19_Radiography_Dataset\Normal\images\Normal-4765.png
data\processed\labelled_4232\Normal\images\Normal-1319.png,Normal,data\raw\radiography\COVID-19_Radiography_Dataset\Normal\images\Normal-1319.png
data\processed\labelled_4232\Normal\images\Normal-2089.png,Normal,data\raw\radiography\COVID-19_Radiography_Dataset\Normal\images\Normal-2089.png
data\processed\labelled_4232\Normal\images\Normal-2280.png,Normal,data\raw\radiography\COVID-19_Radiography_Dataset\Normal\images\Normal-2280.png
data\processed\labelled_4232\Normal\images\Normal-1352.png,Normal,data\raw\radiography\COVID-19_Radiography_Dataset\Normal\images\Normal-1352.png
data\processed\labelled_4232\Normal\images\Normal-215.png,Normal,data\raw\radiography\COVID-19_Radiography_Dataset\Normal\images\Normal-215.png
data\processed\labelled_4232\Normal\images\Normal-4178.png,Normal,data\raw\radiography\COVID-19_Radiography_Dataset\Normal\images\Normal-4178.png
data\processed\labelled_4232\Normal\images\Normal-2617.png,Normal,data\raw\radiography\COVID-19_Radiography_Dataset\Normal\images\Normal-2617.png
data\processed\labelled_4232\Normal\images\Normal-6846.png,Normal,data\raw\radiography\COVID-19_Radiography_Dataset\Normal\images\Normal-6846.png
data\processed\labelled_4232\Normal\images\Normal-9253.png,Normal,data\raw\radiography\COVID-19_Radiography_Dataset\Normal\images\Normal-9253.png
data\processed\labelled_4232\Normal\images\Normal-4985.png,Normal,data\raw\radiography\COVID-19_Radiography_Dataset\Normal\images\Normal-4985.png
data\processed\labelled_4232\Normal\images\Normal-4360.png,Normal,data\raw\radiography\COVID-19_Radiography_Dataset\Normal\images\Normal-4360.png
data\processed\labelled_4232\Normal\images\Normal-6652.png,Normal,data\raw\radiography\COVID-19_Radiography_Dataset\Normal\images\Normal-6652.png
data\processed\labelled_4232\Normal\images\Normal-2974.png,Normal,data\raw\radiography\COVID-19_Radiography_Dataset\Normal\images\Normal-2974.png
data\processed\labelled_4232\Normal\images\Normal-10182.png,Normal,data\raw\radiography\COVID-19_Radiography_Dataset\Normal\images\Normal-10182.png
data\processed\labelled_4232\Normal\images\Normal-7939.png,Normal,data\raw\radiography\COVID-19_Radiography_Dataset\Normal\images\Normal-7939.png
data\processed\labelled_4232\Normal\images\Normal-154.png,Normal,data\raw\radiography\COVID-19_Radiography_Dataset\Normal\images\Normal-154.png
data\processed\labelled_4232\Normal\images\Normal-9338.png,Normal,data\raw\radiography\COVID-19_Radiography_Dataset\Normal\images\Normal-9338.png
data\processed\labelled_4232\Normal\images\Normal-9081.png,Normal,data\raw\radiography\COVID-19_Radiography_Dataset\Normal\images\Normal-9081.png
data\processed\labelled_4232\Normal\images\Normal-7025.png,Normal,data\raw\radiography\COVID-19_Radiography_Dataset\Normal\images\Normal-7025.png
data\processed\labelled_4232\Normal\images\Normal-8256.png,Normal,data\raw\radiography\COVID-19_Radiography_Dataset\Normal\images\Normal-8256.png
data\processed\labelled_4232\Normal\images\Normal-2142.png,Normal,data\raw\radiography\COVID-19_Radiography_Dataset\Normal\images\Normal-2142.png
data\processed\labelled_4232\Normal\images\Normal-5453.png,Normal,data\raw\radiography\COVID-19_Radiography_Dataset\Normal\images\Normal-5453.png
data\processed\labelled_4232\Normal\images\Normal-2438.png,Normal,data\raw\radiography\COVID-19_Radiography_Dataset\Normal\images\Normal-2438.png
data\processed\labelled_4232\Normal\images\Normal-5509.png,Normal,data\raw\radiography\COVID-19_Radiography_Dataset\Normal\images\Normal-5509.png
data\processed\labelled_4232\Normal\images\Normal-4698.png,Normal,data\raw\radiography\COVID-19_Radiography_Dataset\Normal\images\Normal-4698.png
data\processed\labelled_4232\Normal\images\Normal-2307.png,Normal,data\raw\radiography\COVID-19_Radiography_Dataset\Normal\images\Normal-2307.png
data\processed\labelled_4232\Normal\images\Normal-6187.png,Normal,data\raw\radiography\COVID-19_Radiography_Dataset\Normal\images\Normal-6187.png
data\processed\labelled_4232\Normal\images\Normal-3687.png,Normal,data\raw\radiography\COVID-19_Radiography_Dataset\Normal\images\Normal-3687.png
data\processed\labelled_4232\Normal\images\Normal-8748.png,Normal,data\raw\radiography\COVID-19_Radiography_Dataset\Normal\images\Normal-8748.png
data\processed\labelled_4232\Normal\images\Normal-760.png,Normal,data\raw\radiography\COVID-19_Radiography_Dataset\Normal\images\Normal-760.png
data\processed\labelled_4232\Normal\images\Normal-741.png,Normal,data\raw\radiography\COVID-19_Radiography_Dataset\Normal\images\Normal-741.png
data\processed\labelled_4232\Normal\images\Normal-5760.png,Normal,data\raw\radiography\COVID-19_Radiography_Dataset\Normal\images\Normal-5760.png
data\processed\labelled_4232\Normal\images\Normal-6312.png,Normal,data\raw\radiography\COVID-19_Radiography_Dataset\Normal\images\Normal-6312.png
data\processed\labelled_4232\Normal\images\Normal-5770.png,Normal,data\raw\radiography\COVID-19_Radiography_Dataset\Normal\images\Normal-5770.png
data\processed\labelled_4232\Normal\images\Normal-7941.png,Normal,data\raw\radiography\COVID-19_Radiography_Dataset\Normal\images\Normal-7941.png
data\processed\labelled_4232\Normal\images\Normal-7286.png,Normal,data\raw\radiography\COVID-19_Radiography_Dataset\Normal\images\Normal-7286.png
data\processed\labelled_4232\Normal\images\Normal-3503.png,Normal,data\raw\radiography\COVID-19_Radiography_Dataset\Normal\images\Normal-3503.png
data\processed\labelled_4232\Normal\images\Normal-1604.png,Normal,data\raw\radiography\COVID-19_Radiography_Dataset\Normal\images\Normal-1604.png
data\processed\labelled_4232\Normal\images\Normal-5083.png,Normal,data\raw\radiography\COVID-19_Radiography_Dataset\Normal\images\Normal-5083.png
data\processed\labelled_4232\Normal\images\Normal-1283.png,Normal,data\raw\radiography\COVID-19_Radiography_Dataset\Normal\images\Normal-1283.png
data\processed\labelled_4232\Normal\images\Normal-4068.png,Normal,data\raw\radiography\COVID-19_Radiography_Dataset\Normal\images\Normal-4068.png
data\processed\labelled_4232\Normal\images\Normal-984.png,Normal,data\raw\radiography\COVID-19_Radiography_Dataset\Normal\images\Normal-984.png
data\processed\labelled_4232\Normal\images\Normal-6557.png,Normal,data\raw\radiography\COVID-19_Radiography_Dataset\Normal\images\Normal-6557.png
data\processed\labelled_4232\Normal\images\Normal-9153.png,Normal,data\raw\radiography\COVID-19_Radiography_Dataset\Normal\images\Normal-9153.png
data\processed\labelled_4232\Normal\images\Normal-1645.png,Normal,data\raw\radiography\COVID-19_Radiography_Dataset\Normal\images\Normal-1645.png
data\processed\labelled_4232\Normal\images\Normal-10171.png,Normal,data\raw\radiography\COVID-19_Radiography_Dataset\Normal\images\Normal-10171.png
data\processed\labelled_4232\Normal\images\Normal-9918.png,Normal,data\raw\radiography\COVID-19_Radiography_Dataset\Normal\images\Normal-9918.png
data\processed\labelled_4232\Normal\images\Normal-386.png,Normal,data\raw\radiography\COVID-19_Radiography_Dataset\Normal\images\Normal-386.png
data\processed\labelled_4232\Normal\images\Normal-9073.png,Normal,data\raw\radiography\COVID-19_Radiography_Dataset\Normal\images\Normal-9073.png
data\processed\labelled_4232\Normal\images\Normal-5183.png,Normal,data\raw\radiography\COVID-19_Radiography_Dataset\Normal\images\Normal-5183.png
data\processed\labelled_4232\Normal\images\Normal-1067.png,Normal,data\raw\radiography\COVID-19_Radiography_Dataset\Normal\images\Normal-1067.png
data\processed\labelled_4232\Normal\images\Normal-5201.png,Normal,data\raw\radiography\COVID-19_Radiography_Dataset\Normal\images\Normal-5201.png
data\processed\labelled_4232\Normal\images\Normal-3788.png,Normal,data\raw\radiography\COVID-19_Radiography_Dataset\Normal\images\Normal-3788.png
data\processed\labelled_4232\Normal\images\Normal-6792.png,Normal,data\raw\radiography\COVID-19_Radiography_Dataset\Normal\images\Normal-6792.png
data\processed\labelled_4232\Normal\images\Normal-6956.png,Normal,data\raw\radiography\COVID-19_Radiography_Dataset\Normal\images\Normal-6956.png
data\processed\labelled_4232\Normal\images\Normal-3560.png,Normal,data\raw\radiography\COVID-19_Radiography_Dataset\Normal\images\Normal-3560.png
data\processed\labelled_4232\Normal\images\Normal-5221.png,Normal,data\raw\radiography\COVID-19_Radiography_Dataset\Normal\images\Normal-5221.png
data\processed\labelled_4232\Normal\images\Normal-1495.png,Normal,data\raw\radiography\COVID-19_Radiography_Dataset\Normal\images\Normal-1495.png
data\processed\labelled_4232\Normal\images\Normal-2833.png,Normal,data\raw\radiography\COVID-19_Radiography_Dataset\Normal\images\Normal-2833.png
data\processed\labelled_4232\Normal\images\Normal-8412.png,Normal,data\raw\radiography\COVID-19_Radiography_Dataset\Normal\images\Normal-8412.png
data\processed\labelled_4232\Normal\images\Normal-2859.png,Normal,data\raw\radiography\COVID-19_Radiography_Dataset\Normal\images\Normal-2859.png
data\processed\labelled_4232\Normal\images\Normal-8757.png,Normal,data\raw\radiography\COVID-19_Radiography_Dataset\Normal\images\Normal-8757.png
data\processed\labelled_4232\Normal\images\Normal-2094.png,Normal,data\raw\radiography\COVID-19_Radiography_Dataset\Normal\images\Normal-2094.png
data\processed\labelled_4232\Normal\images\Normal-4592.png,Normal,data\raw\radiography\COVID-19_Radiography_Dataset\Normal\images\Normal-4592.png
data\processed\labelled_4232\Normal\images\Normal-6724.png,Normal,data\raw\radiography\COVID-19_Radiography_Dataset\Normal\images\Normal-6724.png
data\processed\labelled_4232\Normal\images\Normal-8367.png,Normal,data\raw\radiography\COVID-19_Radiography_Dataset\Normal\images\Normal-8367.png
data\processed\labelled_4232\Normal\images\Normal-3538.png,Normal,data\raw\radiography\COVID-19_Radiography_Dataset\Normal\images\Normal-3538.png
data\processed\labelled_4232\Normal\images\Normal-10173.png,Normal,data\raw\radiography\COVID-19_Radiography_Dataset\Normal\images\Normal-10173.png
data\processed\labelled_4232\Normal\images\Normal-8950.png,Normal,data\raw\radiography\COVID-19_Radiography_Dataset\Normal\images\Normal-8950.png
data\processed\labelled_4232\Normal\images\Normal-42.png,Normal,data\raw\radiography\COVID-19_Radiography_Dataset\Normal\images\Normal-42.png
data\processed\labelled_4232\Normal\images\Normal-3807.png,Normal,data\raw\radiography\COVID-19_Radiography_Dataset\Normal\images\Normal-3807.png
data\processed\labelled_4232\Normal\images\Normal-5264.png,Normal,data\raw\radiography\COVID-19_Radiography_Dataset\Normal\images\Normal-5264.png
data\processed\labelled_4232\Normal\images\Normal-4926.png,Normal,data\raw\radiography\COVID-19_Radiography_Dataset\Normal\images\Normal-4926.png
data\processed\labelled_4232\Normal\images\Normal-2086.png,Normal,data\raw\radiography\COVID-19_Radiography_Dataset\Normal\images\Normal-2086.png
data\processed\labelled_4232\Normal\images\Normal-5163.png,Normal,data\raw\radiography\COVID-19_Radiography_Dataset\Normal\images\Normal-5163.png
data\processed\labelled_4232\Normal\images\Normal-2559.png,Normal,data\raw\radiography\COVID-19_Radiography_Dataset\Normal\images\Normal-2559.png
data\processed\labelled_4232\Normal\images\Normal-9677.png,Normal,data\raw\radiography\COVID-19_Radiography_Dataset\Normal\images\Normal-9677.png
data\processed\labelled_4232\Normal\images\Normal-9460.png,Normal,data\raw\radiography\COVID-19_Radiography_Dataset\Normal\images\Normal-9460.png
data\processed\labelled_4232\Normal\images\Normal-244.png,Normal,data\raw\radiography\COVID-19_Radiography_Dataset\Normal\images\Normal-244.png
data\processed\labelled_4232\Normal\images\Normal-796.png,Normal,data\raw\radiography\COVID-19_Radiography_Dataset\Normal\images\Normal-796.png
data\processed\labelled_4232\Normal\images\Normal-2665.png,Normal,data\raw\radiography\COVID-19_Radiography_Dataset\Normal\images\Normal-2665.png
data\processed\labelled_4232\Normal\images\Normal-9837.png,Normal,data\raw\radiography\COVID-19_Radiography_Dataset\Normal\images\Normal-9837.png
data\processed\labelled_4232\Normal\images\Normal-5244.png,Normal,data\raw\radiography\COVID-19_Radiography_Dataset\Normal\images\Normal-5244.png
data\processed\labelled_4232\Normal\images\Normal-10146.png,Normal,data\raw\radiography\COVID-19_Radiography_Dataset\Normal\images\Normal-10146.png
data\processed\labelled_4232\Normal\images\Normal-7763.png,Normal,data\raw\radiography\COVID-19_Radiography_Dataset\Normal\images\Normal-7763.png
data\processed\labelled_4232\Normal\images\Normal-815.png,Normal,data\raw\radiography\COVID-19_Radiography_Dataset\Normal\images\Normal-815.png
data\processed\labelled_4232\Normal\images\Normal-7645.png,Normal,data\raw\radiography\COVID-19_Radiography_Dataset\Normal\images\Normal-7645.png
data\processed\labelled_4232\Normal\images\Normal-1715.png,Normal,data\raw\radiography\COVID-19_Radiography_Dataset\Normal\images\Normal-1715.png
data\processed\labelled_4232\Normal\images\Normal-9847.png,Normal,data\raw\radiography\COVID-19_Radiography_Dataset\Normal\images\Normal-9847.png
data\processed\labelled_4232\Normal\images\Normal-4296.png,Normal,data\raw\radiography\COVID-19_Radiography_Dataset\Normal\images\Normal-4296.png
data\processed\labelled_4232\Normal\images\Normal-7363.png,Normal,data\raw\radiography\COVID-19_Radiography_Dataset\Normal\images\Normal-7363.png
data\processed\labelled_4232\Normal\images\Normal-947.png,Normal,data\raw\radiography\COVID-19_Radiography_Dataset\Normal\images\Normal-947.png
data\processed\labelled_4232\Normal\images\Normal-6910.png,Normal,data\raw\radiography\COVID-19_Radiography_Dataset\Normal\images\Normal-6910.png
data\processed\labelled_4232\Normal\images\Normal-6588.png,Normal,data\raw\radiography\COVID-19_Radiography_Dataset\Normal\images\Normal-6588.png
data\processed\labelled_4232\Normal\images\Normal-10137.png,Normal,data\raw\radiography\COVID-19_Radiography_Dataset\Normal\images\Normal-10137.png
data\processed\labelled_4232\Normal\images\Normal-5004.png,Normal,data\raw\radiography\COVID-19_Radiography_Dataset\Normal\images\Normal-5004.png
data\processed\labelled_4232\Normal\images\Normal-5497.png,Normal,data\raw\radiography\COVID-19_Radiography_Dataset\Normal\images\Normal-5497.png
data\processed\labelled_4232\Normal\images\Normal-9165.png,Normal,data\raw\radiography\COVID-19_Radiography_Dataset\Normal\images\Normal-9165.png
data\processed\labelled_4232\Normal\images\Normal-1938.png,Normal,data\raw\radiography\COVID-19_Radiography_Dataset\Normal\images\Normal-1938.png
data\processed\labelled_4232\Normal\images\Normal-3554.png,Normal,data\raw\radiography\COVID-19_Radiography_Dataset\Normal\images\Normal-3554.png
data\processed\labelled_4232\Normal\images\Normal-9058.png,Normal,data\raw\radiography\COVID-19_Radiography_Dataset\Normal\images\Normal-9058.png
data\processed\labelled_4232\Normal\images\Normal-1991.png,Normal,data\raw\radiography\COVID-19_Radiography_Dataset\Normal\images\Normal-1991.png
data\processed\labelled_4232\Normal\images\Normal-2726.png,Normal,data\raw\radiography\COVID-19_Radiography_Dataset\Normal\images\Normal-2726.png
data\processed\labelled_4232\Normal\images\Normal-1887.png,Normal,data\raw\radiography\COVID-19_Radiography_Dataset\Normal\images\Normal-1887.png
data\processed\labelled_4232\Normal\images\Normal-413.png,Normal,data\raw\radiography\COVID-19_Radiography_Dataset\Normal\images\Normal-413.png
data\processed\labelled_4232\Normal\images\Normal-2092.png,Normal,data\raw\radiography\COVID-19_Radiography_Dataset\Normal\images\Normal-2092.png
data\processed\labelled_4232\Normal\images\Normal-506.png,Normal,data\raw\radiography\COVID-19_Radiography_Dataset\Normal\images\Normal-506.png
data\processed\labelled_4232\Normal\images\Normal-9247.png,Normal,data\raw\radiography\COVID-19_Radiography_Dataset\Normal\images\Normal-9247.png
data\processed\labelled_4232\Normal\images\Normal-5914.png,Normal,data\raw\radiography\COVID-19_Radiography_Dataset\Normal\images\Normal-5914.png
data\processed\labelled_4232\Normal\images\Normal-1445.png,Normal,data\raw\radiography\COVID-19_Radiography_Dataset\Normal\images\Normal-1445.png
data\processed\labelled_4232\Normal\images\Normal-3441.png,Normal,data\raw\radiography\COVID-19_Radiography_Dataset\Normal\images\Normal-3441.png
data\processed\labelled_4232\Normal\images\Normal-8873.png,Normal,data\raw\radiography\COVID-19_Radiography_Dataset\Normal\images\Normal-8873.png
data\processed\labelled_4232\Normal\images\Normal-381.png,Normal,data\raw\radiography\COVID-19_Radiography_Dataset\Normal\images\Normal-381.png
data\processed\labelled_4232\Normal\images\Normal-5655.png,Normal,data\raw\radiography\COVID-19_Radiography_Dataset\Normal\images\Normal-5655.png
data\processed\labelled_4232\Normal\images\Normal-2305.png,Normal,data\raw\radiography\COVID-19_Radiography_Dataset\Normal\images\Normal-2305.png
data\processed\labelled_4232\Normal\images\Normal-3798.png,Normal,data\raw\radiography\COVID-19_Radiography_Dataset\Normal\images\Normal-3798.png
data\processed\labelled_4232\Normal\images\Normal-2216.png,Normal,data\raw\radiography\COVID-19_Radiography_Dataset\Normal\images\Normal-2216.png
data\processed\labelled_4232\Normal\images\Normal-6291.png,Normal,data\raw\radiography\COVID-19_Radiography_Dataset\Normal\images\Normal-6291.png
data\processed\labelled_4232\Normal\images\Normal-615.png,Normal,data\raw\radiography\COVID-19_Radiography_Dataset\Normal\images\Normal-615.png
data\processed\labelled_4232\Normal\images\Normal-3188.png,Normal,data\raw\radiography\COVID-19_Radiography_Dataset\Normal\images\Normal-3188.png
data\processed\labelled_4232\Normal\images\Normal-8984.png,Normal,data\raw\radiography\COVID-19_Radiography_Dataset\Normal\images\Normal-8984.png
data\processed\labelled_4232\Normal\images\Normal-9008.png,Normal,data\raw\radiography\COVID-19_Radiography_Dataset\Normal\images\Normal-9008.png
data\processed\labelled_4232\Normal\images\Normal-1525.png,Normal,data\raw\radiography\COVID-19_Radiography_Dataset\Normal\images\Normal-1525.png
data\processed\labelled_4232\Normal\images\Normal-1675.png,Normal,data\raw\radiography\COVID-19_Radiography_Dataset\Normal\images\Normal-1675.png
data\processed\labelled_4232\Normal\images\Normal-4782.png,Normal,data\raw\radiography\COVID-19_Radiography_Dataset\Normal\images\Normal-4782.png
data\processed\labelled_4232\Normal\images\Normal-3144.png,Normal,data\raw\radiography\COVID-19_Radiography_Dataset\Normal\images\Normal-3144.png
data\processed\labelled_4232\Normal\images\Normal-3700.png,Normal,data\raw\radiography\COVID-19_Radiography_Dataset\Normal\images\Normal-3700.png
data\processed\labelled_4232\Normal\images\Normal-4305.png,Normal,data\raw\radiography\COVID-19_Radiography_Dataset\Normal\images\Normal-4305.png
data\processed\labelled_4232\Normal\images\Normal-4269.png,Normal,data\raw\radiography\COVID-19_Radiography_Dataset\Normal\images\Normal-4269.png
data\processed\labelled_4232\Normal\images\Normal-858.png,Normal,data\raw\radiography\COVID-19_Radiography_Dataset\Normal\images\Normal-858.png
data\processed\labelled_4232\Normal\images\Normal-4213.png,Normal,data\raw\radiography\COVID-19_Radiography_Dataset\Normal\images\Normal-4213.png
data\processed\labelled_4232\Normal\images\Normal-8794.png,Normal,data\raw\radiography\COVID-19_Radiography_Dataset\Normal\images\Normal-8794.png
data\processed\labelled_4232\Normal\images\Normal-7082.png,Normal,data\raw\radiography\COVID-19_Radiography_Dataset\Normal\images\Normal-7082.png
data\processed\labelled_4232\Normal\images\Normal-228.png,Normal,data\raw\radiography\COVID-19_Radiography_Dataset\Normal\images\Normal-228.png
data\processed\labelled_4232\Normal\images\Normal-1105.png,Normal,data\raw\radiography\COVID-19_Radiography_Dataset\Normal\images\Normal-1105.png
data\processed\labelled_4232\Normal\images\Normal-8782.png,Normal,data\raw\radiography\COVID-19_Radiography_Dataset\Normal\images\Normal-8782.png
data\processed\labelled_4232\Normal\images\Normal-2560.png,Normal,data\raw\radiography\COVID-19_Radiography_Dataset\Normal\images\Normal-2560.png
data\processed\labelled_4232\Normal\images\Normal-5136.png,Normal,data\raw\radiography\COVID-19_Radiography_Dataset\Normal\images\Normal-5136.png
data\processed\labelled_4232\Normal\images\Normal-1720.png,Normal,data\raw\radiography\COVID-19_Radiography_Dataset\Normal\images\Normal-1720.png
data\processed\labelled_4232\Normal\images\Normal-52.png,Normal,data\raw\radiography\COVID-19_Radiography_Dataset\Normal\images\Normal-52.png
data\processed\labelled_4232\Normal\images\Normal-3534.png,Normal,data\raw\radiography\COVID-19_Radiography_Dataset\Normal\images\Normal-3534.png
data\processed\labelled_4232\Normal\images\Normal-7800.png,Normal,data\raw\radiography\COVID-19_Radiography_Dataset\Normal\images\Normal-7800.png
data\processed\labelled_4232\Normal\images\Normal-7862.png,Normal,data\raw\radiography\COVID-19_Radiography_Dataset\Normal\images\Normal-7862.png
data\processed\labelled_4232\Normal\images\Normal-2540.png,Normal,data\raw\radiography\COVID-19_Radiography_Dataset\Normal\images\Normal-2540.png
data\processed\labelled_4232\Normal\images\Normal-880.png,Normal,data\raw\radiography\COVID-19_Radiography_Dataset\Normal\images\Normal-880.png
data\processed\labelled_4232\Normal\images\Normal-5880.png,Normal,data\raw\radiography\COVID-19_Radiography_Dataset\Normal\images\Normal-5880.png
data\processed\labelled_4232\Normal\images\Normal-5784.png,Normal,data\raw\radiography\COVID-19_Radiography_Dataset\Normal\images\Normal-5784.png
data\processed\labelled_4232\Normal\images\Normal-7551.png,Normal,data\raw\radiography\COVID-19_Radiography_Dataset\Normal\images\Normal-7551.png
data\processed\labelled_4232\Normal\images\Normal-90.png,Normal,data\raw\radiography\COVID-19_Radiography_Dataset\Normal\images\Normal-90.png
data\processed\labelled_4232\Normal\images\Normal-1149.png,Normal,data\raw\radiography\COVID-19_Radiography_Dataset\Normal\images\Normal-1149.png
data\processed\labelled_4232\Normal\images\Normal-8476.png,Normal,data\raw\radiography\COVID-19_Radiography_Dataset\Normal\images\Normal-8476.png
data\processed\labelled_4232\Normal\images\Normal-8763.png,Normal,data\raw\radiography\COVID-19_Radiography_Dataset\Normal\images\Normal-8763.png
data\processed\labelled_4232\Normal\images\Normal-4981.png,Normal,data\raw\radiography\COVID-19_Radiography_Dataset\Normal\images\Normal-4981.png
data\processed\labelled_4232\Normal\images\Normal-1613.png,Normal,data\raw\radiography\COVID-19_Radiography_Dataset\Normal\images\Normal-1613.png
data\processed\labelled_4232\Normal\images\Normal-4109.png,Normal,data\raw\radiography\COVID-19_Radiography_Dataset\Normal\images\Normal-4109.png
data\processed\labelled_4232\Normal\images\Normal-3465.png,Normal,data\raw\radiography\COVID-19_Radiography_Dataset\Normal\images\Normal-3465.png
data\processed\labelled_4232\Normal\images\Normal-6862.png,Normal,data\raw\radiography\COVID-19_Radiography_Dataset\Normal\images\Normal-6862.png
data\processed\labelled_4232\Normal\images\Normal-859.png,Normal,data\raw\radiography\COVID-19_Radiography_Dataset\Normal\images\Normal-859.png
data\processed\labelled_4232\Normal\images\Normal-6988.png,Normal,data\raw\radiography\COVID-19_Radiography_Dataset\Normal\images\Normal-6988.png
data\processed\labelled_4232\Normal\images\Normal-8295.png,Normal,data\raw\radiography\COVID-19_Radiography_Dataset\Normal\images\Normal-8295.png
data\processed\labelled_4232\Normal\images\Normal-7885.png,Normal,data\raw\radiography\COVID-19_Radiography_Dataset\Normal\images\Normal-7885.png
data\processed\labelled_4232\Normal\images\Normal-443.png,Normal,data\raw\radiography\COVID-19_Radiography_Dataset\Normal\images\Normal-443.png
data\processed\labelled_4232\Normal\images\Normal-6305.png,Normal,data\raw\radiography\COVID-19_Radiography_Dataset\Normal\images\Normal-6305.png
data\processed\labelled_4232\Normal\images\Normal-2697.png,Normal,data\raw\radiography\COVID-19_Radiography_Dataset\Normal\images\Normal-2697.png
data\processed\labelled_4232\Normal\images\Normal-4890.png,Normal,data\raw\radiography\COVID-19_Radiography_Dataset\Normal\images\Normal-4890.png
data\processed\labelled_4232\Normal\images\Normal-406.png,Normal,data\raw\radiography\COVID-19_Radiography_Dataset\Normal\images\Normal-406.png
data\processed\labelled_4232\Normal\images\Normal-6076.png,Normal,data\raw\radiography\COVID-19_Radiography_Dataset\Normal\images\Normal-6076.png
data\processed\labelled_4232\Normal\images\Normal-2090.png,Normal,data\raw\radiography\COVID-19_Radiography_Dataset\Normal\images\Normal-2090.png
data\processed\labelled_4232\Normal\images\Normal-2013.png,Normal,data\raw\radiography\COVID-19_Radiography_Dataset\Normal\images\Normal-2013.png
data\processed\labelled_4232\Normal\images\Normal-3017.png,Normal,data\raw\radiography\COVID-19_Radiography_Dataset\Normal\images\Normal-3017.png
data\processed\labelled_4232\Normal\images\Normal-5535.png,Normal,data\raw\radiography\COVID-19_Radiography_Dataset\Normal\images\Normal-5535.png
data\processed\labelled_4232\Normal\images\Normal-7871.png,Normal,data\raw\radiography\COVID-19_Radiography_Dataset\Normal\images\Normal-7871.png
data\processed\labelled_4232\Normal\images\Normal-2998.png,Normal,data\raw\radiography\COVID-19_Radiography_Dataset\Normal\images\Normal-2998.png
data\processed\labelled_4232\Normal\images\Normal-5009.png,Normal,data\raw\radiography\COVID-19_Radiography_Dataset\Normal\images\Normal-5009.png
data\processed\labelled_4232\Normal\images\Normal-9985.png,Normal,data\raw\radiography\COVID-19_Radiography_Dataset\Normal\images\Normal-9985.png
data\processed\labelled_4232\Normal\images\Normal-6018.png,Normal,data\raw\radiography\COVID-19_Radiography_Dataset\Normal\images\Normal-6018.png
data\processed\labelled_4232\Normal\images\Normal-7795.png,Normal,data\raw\radiography\COVID-19_Radiography_Dataset\Normal\images\Normal-7795.png
data\processed\labelled_4232\Normal\images\Normal-776.png,Normal,data\raw\radiography\COVID-19_Radiography_Dataset\Normal\images\Normal-776.png
data\processed\labelled_4232\Normal\images\Normal-9875.png,Normal,data\raw\radiography\COVID-19_Radiography_Dataset\Normal\images\Normal-9875.png
data\processed\labelled_4232\Normal\images\Normal-8172.png,Normal,data\raw\radiography\COVID-19_Radiography_Dataset\Normal\images\Normal-8172.png
data\processed\labelled_4232\Normal\images\Normal-5443.png,Normal,data\raw\radiography\COVID-19_Radiography_Dataset\Normal\images\Normal-5443.png
data\processed\labelled_4232\Normal\images\Normal-5983.png,Normal,data\raw\radiography\COVID-19_Radiography_Dataset\Normal\images\Normal-5983.png
data\processed\labelled_4232\Normal\images\Normal-1784.png,Normal,data\raw\radiography\COVID-19_Radiography_Dataset\Normal\images\Normal-1784.png
data\processed\labelled_4232\Normal\images\Normal-8116.png,Normal,data\raw\radiography\COVID-19_Radiography_Dataset\Normal\images\Normal-8116.png
data\processed\labelled_4232\Normal\images\Normal-4160.png,Normal,data\raw\radiography\COVID-19_Radiography_Dataset\Normal\images\Normal-4160.png
data\processed\labelled_4232\Normal\images\Normal-6263.png,Normal,data\raw\radiography\COVID-19_Radiography_Dataset\Normal\images\Normal-6263.png
data\processed\labelled_4232\Normal\images\Normal-389.png,Normal,data\raw\radiography\COVID-19_Radiography_Dataset\Normal\images\Normal-389.png
data\processed\labelled_4232\Normal\images\Normal-5936.png,Normal,data\raw\radiography\COVID-19_Radiography_Dataset\Normal\images\Normal-5936.png
data\processed\labelled_4232\Normal\images\Normal-1331.png,Normal,data\raw\radiography\COVID-19_Radiography_Dataset\Normal\images\Normal-1331.png
data\processed\labelled_4232\Normal\images\Normal-4917.png,Normal,data\raw\radiography\COVID-19_Radiography_Dataset\Normal\images\Normal-4917.png
data\processed\labelled_4232\Normal\images\Normal-8907.png,Normal,data\raw\radiography\COVID-19_Radiography_Dataset\Normal\images\Normal-8907.png
data\processed\labelled_4232\Normal\images\Normal-10152.png,Normal,data\raw\radiography\COVID-19_Radiography_Dataset\Normal\images\Normal-10152.png
data\processed\labelled_4232\Normal\images\Normal-4400.png,Normal,data\raw\radiography\COVID-19_Radiography_Dataset\Normal\images\Normal-4400.png
data\processed\labelled_4232\Normal\images\Normal-2043.png,Normal,data\raw\radiography\COVID-19_Radiography_Dataset\Normal\images\Normal-2043.png
data\processed\labelled_4232\Normal\images\Normal-4216.png,Normal,data\raw\radiography\COVID-19_Radiography_Dataset\Normal\images\Normal-4216.png
data\processed\labelled_4232\Normal\images\Normal-3604.png,Normal,data\raw\radiography\COVID-19_Radiography_Dataset\Normal\images\Normal-3604.png
data\processed\labelled_4232\Normal\images\Normal-7826.png,Normal,data\raw\radiography\COVID-19_Radiography_Dataset\Normal\images\Normal-7826.png
data\processed\labelled_4232\Normal\images\Normal-6805.png,Normal,data\raw\radiography\COVID-19_Radiography_Dataset\Normal\images\Normal-6805.png
data\processed\labelled_4232\Normal\images\Normal-2180.png,Normal,data\raw\radiography\COVID-19_Radiography_Dataset\Normal\images\Normal-2180.png
data\processed\labelled_4232\Normal\images\Normal-7409.png,Normal,data\raw\radiography\COVID-19_Radiography_Dataset\Normal\images\Normal-7409.png
data\processed\labelled_4232\Normal\images\Normal-9723.png,Normal,data\raw\radiography\COVID-19_Radiography_Dataset\Normal\images\Normal-9723.png
data\processed\labelled_4232\Normal\images\Normal-8544.png,Normal,data\raw\radiography\COVID-19_Radiography_Dataset\Normal\images\Normal-8544.png
data\processed\labelled_4232\Normal\images\Normal-1048.png,Normal,data\raw\radiography\COVID-19_Radiography_Dataset\Normal\images\Normal-1048.png
data\processed\labelled_4232\Normal\images\Normal-2198.png,Normal,data\raw\radiography\COVID-19_Radiography_Dataset\Normal\images\Normal-2198.png
data\processed\labelled_4232\Normal\images\Normal-6372.png,Normal,data\raw\radiography\COVID-19_Radiography_Dataset\Normal\images\Normal-6372.png
data\processed\labelled_4232\Normal\images\Normal-115.png,Normal,data\raw\radiography\COVID-19_Radiography_Dataset\Normal\images\Normal-115.png
data\processed\labelled_4232\Normal\images\Normal-8972.png,Normal,data\raw\radiography\COVID-19_Radiography_Dataset\Normal\images\Normal-8972.png
data\processed\labelled_4232\Normal\images\Normal-8518.png,Normal,data\raw\radiography\COVID-19_Radiography_Dataset\Normal\images\Normal-8518.png
data\processed\labelled_4232\Normal\images\Normal-3992.png,Normal,data\raw\radiography\COVID-19_Radiography_Dataset\Normal\images\Normal-3992.png
data\processed\labelled_4232\Normal\images\Normal-1803.png,Normal,data\raw\radiography\COVID-19_Radiography_Dataset\Normal\images\Normal-1803.png
data\processed\labelled_4232\Normal\images\Normal-2051.png,Normal,data\raw\radiography\COVID-19_Radiography_Dataset\Normal\images\Normal-2051.png
data\processed\labelled_4232\Normal\images\Normal-2078.png,Normal,data\raw\radiography\COVID-19_Radiography_Dataset\Normal\images\Normal-2078.png
data\processed\labelled_4232\Normal\images\Normal-9705.png,Normal,data\raw\radiography\COVID-19_Radiography_Dataset\Normal\images\Normal-9705.png
data\processed\labelled_4232\Normal\images\Normal-1899.png,Normal,data\raw\radiography\COVID-19_Radiography_Dataset\Normal\images\Normal-1899.png
data\processed\labelled_4232\Normal\images\Normal-10150.png,Normal,data\raw\radiography\COVID-19_Radiography_Dataset\Normal\images\Normal-10150.png
data\processed\labelled_4232\Normal\images\Normal-5231.png,Normal,data\raw\radiography\COVID-19_Radiography_Dataset\Normal\images\Normal-5231.png
data\processed\labelled_4232\Normal\images\Normal-8647.png,Normal,data\raw\radiography\COVID-19_Radiography_Dataset\Normal\images\Normal-8647.png
data\processed\labelled_4232\Normal\images\Normal-8649.png,Normal,data\raw\radiography\COVID-19_Radiography_Dataset\Normal\images\Normal-8649.png
data\processed\labelled_4232\Normal\images\Normal-4895.png,Normal,data\raw\radiography\COVID-19_Radiography_Dataset\Normal\images\Normal-4895.png
data\processed\labelled_4232\Normal\images\Normal-9049.png,Normal,data\raw\radiography\COVID-19_Radiography_Dataset\Normal\images\Normal-9049.png
data\processed\labelled_4232\Normal\images\Normal-5865.png,Normal,data\raw\radiography\COVID-19_Radiography_Dataset\Normal\images\Normal-5865.png
data\processed\labelled_4232\Normal\images\Normal-9179.png,Normal,data\raw\radiography\COVID-19_Radiography_Dataset\Normal\images\Normal-9179.png
data\processed\labelled_4232\Normal\images\Normal-7475.png,Normal,data\raw\radiography\COVID-19_Radiography_Dataset\Normal\images\Normal-7475.png
data\processed\labelled_4232\Normal\images\Normal-10138.png,Normal,data\raw\radiography\COVID-19_Radiography_Dataset\Normal\images\Normal-10138.png
data\processed\labelled_4232\Normal\images\Normal-7689.png,Normal,data\raw\radiography\COVID-19_Radiography_Dataset\Normal\images\Normal-7689.png
data\processed\labelled_4232\Normal\images\Normal-5059.png,Normal,data\raw\radiography\COVID-19_Radiography_Dataset\Normal\images\Normal-5059.png
data\processed\labelled_4232\Normal\images\Normal-7252.png,Normal,data\raw\radiography\COVID-19_Radiography_Dataset\Normal\images\Normal-7252.png
data\processed\labelled_4232\Normal\images\Normal-8543.png,Normal,data\raw\radiography\COVID-19_Radiography_Dataset\Normal\images\Normal-8543.png
data\processed\labelled_4232\Normal\images\Normal-6142.png,Normal,data\raw\radiography\COVID-19_Radiography_Dataset\Normal\images\Normal-6142.png
data\processed\labelled_4232\Normal\images\Normal-7428.png,Normal,data\raw\radiography\COVID-19_Radiography_Dataset\Normal\images\Normal-7428.png
data\processed\labelled_4232\Normal\images\Normal-8046.png,Normal,data\raw\radiography\COVID-19_Radiography_Dataset\Normal\images\Normal-8046.png
data\processed\labelled_4232\Normal\images\Normal-1775.png,Normal,data\raw\radiography\COVID-19_Radiography_Dataset\Normal\images\Normal-1775.png
data\processed\labelled_4232\Normal\images\Normal-5609.png,Normal,data\raw\radiography\COVID-19_Radiography_Dataset\Normal\images\Normal-5609.png
data\processed\labelled_4232\Normal\images\Normal-949.png,Normal,data\raw\radiography\COVID-19_Radiography_Dataset\Normal\images\Normal-949.png
data\processed\labelled_4232\Normal\images\Normal-1920.png,Normal,data\raw\radiography\COVID-19_Radiography_Dataset\Normal\images\Normal-1920.png
data\processed\labelled_4232\Normal\images\Normal-932.png,Normal,data\raw\radiography\COVID-19_Radiography_Dataset\Normal\images\Normal-932.png
data\processed\labelled_4232\Normal\images\Normal-6253.png,Normal,data\raw\radiography\COVID-19_Radiography_Dataset\Normal\images\Normal-6253.png
data\processed\labelled_4232\Normal\images\Normal-9499.png,Normal,data\raw\radiography\COVID-19_Radiography_Dataset\Normal\images\Normal-9499.png
data\processed\labelled_4232\Normal\images\Normal-818.png,Normal,data\raw\radiography\COVID-19_Radiography_Dataset\Normal\images\Normal-818.png
data\processed\labelled_4232\Normal\images\Normal-9981.png,Normal,data\raw\radiography\COVID-19_Radiography_Dataset\Normal\images\Normal-9981.png
data\processed\labelled_4232\Normal\images\Normal-8712.png,Normal,data\raw\radiography\COVID-19_Radiography_Dataset\Normal\images\Normal-8712.png
data\processed\labelled_4232\Normal\images\Normal-842.png,Normal,data\raw\radiography\COVID-19_Radiography_Dataset\Normal\images\Normal-842.png
data\processed\labelled_4232\Normal\images\Normal-700.png,Normal,data\raw\radiography\COVID-19_Radiography_Dataset\Normal\images\Normal-700.png
data\processed\labelled_4232\Normal\images\Normal-650.png,Normal,data\raw\radiography\COVID-19_Radiography_Dataset\Normal\images\Normal-650.png
data\processed\labelled_4232\Normal\images\Normal-3516.png,Normal,data\raw\radiography\COVID-19_Radiography_Dataset\Normal\images\Normal-3516.png
data\processed\labelled_4232\Normal\images\Normal-1354.png,Normal,data\raw\radiography\COVID-19_Radiography_Dataset\Normal\images\Normal-1354.png
data\processed\labelled_4232\Normal\images\Normal-7040.png,Normal,data\raw\radiography\COVID-19_Radiography_Dataset\Normal\images\Normal-7040.png
data\processed\labelled_4232\Normal\images\Normal-6855.png,Normal,data\raw\radiography\COVID-19_Radiography_Dataset\Normal\images\Normal-6855.png
data\processed\labelled_4232\Normal\images\Normal-3389.png,Normal,data\raw\radiography\COVID-19_Radiography_Dataset\Normal\images\Normal-3389.png
data\processed\labelled_4232\Normal\images\Normal-179.png,Normal,data\raw\radiography\COVID-19_Radiography_Dataset\Normal\images\Normal-179.png
data\processed\labelled_4232\Normal\images\Normal-4826.png,Normal,data\raw\radiography\COVID-19_Radiography_Dataset\Normal\images\Normal-4826.png
data\processed\labelled_4232\Normal\images\Normal-1863.png,Normal,data\raw\radiography\COVID-19_Radiography_Dataset\Normal\images\Normal-1863.png
data\processed\labelled_4232\Normal\images\Normal-9341.png,Normal,data\raw\radiography\COVID-19_Radiography_Dataset\Normal\images\Normal-9341.png
data\processed\labelled_4232\Normal\images\Normal-5112.png,Normal,data\raw\radiography\COVID-19_Radiography_Dataset\Normal\images\Normal-5112.png
data\processed\labelled_4232\Normal\images\Normal-5771.png,Normal,data\raw\radiography\COVID-19_Radiography_Dataset\Normal\images\Normal-5771.png
data\processed\labelled_4232\Normal\images\Normal-1406.png,Normal,data\raw\radiography\COVID-19_Radiography_Dataset\Normal\images\Normal-1406.png
data\processed\labelled_4232\Normal\images\Normal-3678.png,Normal,data\raw\radiography\COVID-19_Radiography_Dataset\Normal\images\Normal-3678.png
data\processed\labelled_4232\Normal\images\Normal-5340.png,Normal,data\raw\radiography\COVID-19_Radiography_Dataset\Normal\images\Normal-5340.png
data\processed\labelled_4232\Normal\images\Normal-6222.png,Normal,data\raw\radiography\COVID-19_Radiography_Dataset\Normal\images\Normal-6222.png
data\processed\labelled_4232\Normal\images\Normal-6075.png,Normal,data\raw\radiography\COVID-19_Radiography_Dataset\Normal\images\Normal-6075.png
data\processed\labelled_4232\Normal\images\Normal-8473.png,Normal,data\raw\radiography\COVID-19_Radiography_Dataset\Normal\images\Normal-8473.png
data\processed\labelled_4232\Normal\images\Normal-5660.png,Normal,data\raw\radiography\COVID-19_Radiography_Dataset\Normal\images\Normal-5660.png
data\processed\labelled_4232\Normal\images\Normal-3834.png,Normal,data\raw\radiography\COVID-19_Radiography_Dataset\Normal\images\Normal-3834.png
data\processed\labelled_4232\Normal\images\Normal-8464.png,Normal,data\raw\radiography\COVID-19_Radiography_Dataset\Normal\images\Normal-8464.png
data\processed\labelled_4232\Normal\images\Normal-5608.png,Normal,data\raw\radiography\COVID-19_Radiography_Dataset\Normal\images\Normal-5608.png
data\processed\labelled_4232\Normal\images\Normal-2864.png,Normal,data\raw\radiography\COVID-19_Radiography_Dataset\Normal\images\Normal-2864.png
data\processed\labelled_4232\Normal\images\Normal-9987.png,Normal,data\raw\radiography\COVID-19_Radiography_Dataset\Normal\images\Normal-9987.png
data\processed\labelled_4232\Normal\images\Normal-893.png,Normal,data\raw\radiography\COVID-19_Radiography_Dataset\Normal\images\Normal-893.png
data\processed\labelled_4232\Normal\images\Normal-2694.png,Normal,data\raw\radiography\COVID-19_Radiography_Dataset\Normal\images\Normal-2694.png
data\processed\labelled_4232\Normal\images\Normal-7009.png,Normal,data\raw\radiography\COVID-19_Radiography_Dataset\Normal\images\Normal-7009.png
data\processed\labelled_4232\Normal\images\Normal-6629.png,Normal,data\raw\radiography\COVID-19_Radiography_Dataset\Normal\images\Normal-6629.png
data\processed\labelled_4232\Normal\images\Normal-3392.png,Normal,data\raw\radiography\COVID-19_Radiography_Dataset\Normal\images\Normal-3392.png
data\processed\labelled_4232\Normal\images\Normal-184.png,Normal,data\raw\radiography\COVID-19_Radiography_Dataset\Normal\images\Normal-184.png
data\processed\labelled_4232\Normal\images\Normal-844.png,Normal,data\raw\radiography\COVID-19_Radiography_Dataset\Normal\images\Normal-844.png
data\processed\labelled_4232\Normal\images\Normal-4540.png,Normal,data\raw\radiography\COVID-19_Radiography_Dataset\Normal\images\Normal-4540.png
data\processed\labelled_4232\Normal\images\Normal-935.png,Normal,data\raw\radiography\COVID-19_Radiography_Dataset\Normal\images\Normal-935.png
data\processed\labelled_4232\Normal\images\Normal-2219.png,Normal,data\raw\radiography\COVID-19_Radiography_Dataset\Normal\images\Normal-2219.png
data\processed\labelled_4232\Normal\images\Normal-9004.png,Normal,data\raw\radiography\COVID-19_Radiography_Dataset\Normal\images\Normal-9004.png
data\processed\labelled_4232\Normal\images\Normal-6634.png,Normal,data\raw\radiography\COVID-19_Radiography_Dataset\Normal\images\Normal-6634.png
data\processed\labelled_4232\Normal\images\Normal-1802.png,Normal,data\raw\radiography\COVID-19_Radiography_Dataset\Normal\images\Normal-1802.png
data\processed\labelled_4232\Normal\images\Normal-5857.png,Normal,data\raw\radiography\COVID-19_Radiography_Dataset\Normal\images\Normal-5857.png
data\processed\labelled_4232\Normal\images\Normal-4725.png,Normal,data\raw\radiography\COVID-19_Radiography_Dataset\Normal\images\Normal-4725.png
data\processed\labelled_4232\Normal\images\Normal-1978.png,Normal,data\raw\radiography\COVID-19_Radiography_Dataset\Normal\images\Normal-1978.png
data\processed\labelled_4232\Normal\images\Normal-9267.png,Normal,data\raw\radiography\COVID-19_Radiography_Dataset\Normal\images\Normal-9267.png
data\processed\labelled_4232\Normal\images\Normal-4103.png,Normal,data\raw\radiography\COVID-19_Radiography_Dataset\Normal\images\Normal-4103.png
data\processed\labelled_4232\Normal\images\Normal-6546.png,Normal,data\raw\radiography\COVID-19_Radiography_Dataset\Normal\images\Normal-6546.png
data\processed\labelled_4232\Normal\images\Normal-823.png,Normal,data\raw\radiography\COVID-19_Radiography_Dataset\Normal\images\Normal-823.png
data\processed\labelled_4232\Normal\images\Normal-6898.png,Normal,data\raw\radiography\COVID-19_Radiography_Dataset\Normal\images\Normal-6898.png
data\processed\labelled_4232\Normal\images\Normal-4243.png,Normal,data\raw\radiography\COVID-19_Radiography_Dataset\Normal\images\Normal-4243.png
data\processed\labelled_4232\Normal\images\Normal-3105.png,Normal,data\raw\radiography\COVID-19_Radiography_Dataset\Normal\images\Normal-3105.png
data\processed\labelled_4232\Normal\images\Normal-9068.png,Normal,data\raw\radiography\COVID-19_Radiography_Dataset\Normal\images\Normal-9068.png
data\processed\labelled_4232\Normal\images\Normal-9035.png,Normal,data\raw\radiography\COVID-19_Radiography_Dataset\Normal\images\Normal-9035.png
data\processed\labelled_4232\Normal\images\Normal-2850.png,Normal,data\raw\radiography\COVID-19_Radiography_Dataset\Normal\images\Normal-2850.png
data\processed\labelled_4232\Normal\images\Normal-475.png,Normal,data\raw\radiography\COVID-19_Radiography_Dataset\Normal\images\Normal-475.png
data\processed\labelled_4232\Normal\images\Normal-9246.png,Normal,data\raw\radiography\COVID-19_Radiography_Dataset\Normal\images\Normal-9246.png
data\processed\labelled_4232\Normal\images\Normal-12.png,Normal,data\raw\radiography\COVID-19_Radiography_Dataset\Normal\images\Normal-12.png
data\processed\labelled_4232\Normal\images\Normal-1017.png,Normal,data\raw\radiography\COVID-19_Radiography_Dataset\Normal\images\Normal-1017.png
data\processed\labelled_4232\Normal\images\Normal-7877.png,Normal,data\raw\radiography\COVID-19_Radiography_Dataset\Normal\images\Normal-7877.png
data\processed\labelled_4232\Normal\images\Normal-679.png,Normal,data\raw\radiography\COVID-19_Radiography_Dataset\Normal\images\Normal-679.png
data\processed\labelled_4232\Normal\images\Normal-5249.png,Normal,data\raw\radiography\COVID-19_Radiography_Dataset\Normal\images\Normal-5249.png
data\processed\labelled_4232\Normal\images\Normal-4318.png,Normal,data\raw\radiography\COVID-19_Radiography_Dataset\Normal\images\Normal-4318.png
data\processed\labelled_4232\Normal\images\Normal-4378.png,Normal,data\raw\radiography\COVID-19_Radiography_Dataset\Normal\images\Normal-4378.png
data\processed\labelled_4232\Normal\images\Normal-613.png,Normal,data\raw\radiography\COVID-19_Radiography_Dataset\Normal\images\Normal-613.png
data\processed\labelled_4232\Normal\images\Normal-2131.png,Normal,data\raw\radiography\COVID-19_Radiography_Dataset\Normal\images\Normal-2131.png
data\processed\labelled_4232\Normal\images\Normal-1378.png,Normal,data\raw\radiography\COVID-19_Radiography_Dataset\Normal\images\Normal-1378.png
data\processed\labelled_4232\Normal\images\Normal-1109.png,Normal,data\raw\radiography\COVID-19_Radiography_Dataset\Normal\images\Normal-1109.png
data\processed\labelled_4232\Normal\images\Normal-185.png,Normal,data\raw\radiography\COVID-19_Radiography_Dataset\Normal\images\Normal-185.png
data\processed\labelled_4232\Normal\images\Normal-500.png,Normal,data\raw\radiography\COVID-19_Radiography_Dataset\Normal\images\Normal-500.png
data\processed\labelled_4232\Normal\images\Normal-7696.png,Normal,data\raw\radiography\COVID-19_Radiography_Dataset\Normal\images\Normal-7696.png
data\processed\labelled_4232\Normal\images\Normal-1768.png,Normal,data\raw\radiography\COVID-19_Radiography_Dataset\Normal\images\Normal-1768.png
data\processed\labelled_4232\Normal\images\Normal-7350.png,Normal,data\raw\radiography\COVID-19_Radiography_Dataset\Normal\images\Normal-7350.png
data\processed\labelled_4232\Normal\images\Normal-2944.png,Normal,data\raw\radiography\COVID-19_Radiography_Dataset\Normal\images\Normal-2944.png
data\processed\labelled_4232\Normal\images\Normal-4872.png,Normal,data\raw\radiography\COVID-19_Radiography_Dataset\Normal\images\Normal-4872.png
data\processed\labelled_4232\Normal\images\Normal-6836.png,Normal,data\raw\radiography\COVID-19_Radiography_Dataset\Normal\images\Normal-6836.png
data\processed\labelled_4232\Normal\images\Normal-6467.png,Normal,data\raw\radiography\COVID-19_Radiography_Dataset\Normal\images\Normal-6467.png
data\processed\labelled_4232\Normal\images\Normal-7012.png,Normal,data\raw\radiography\COVID-19_Radiography_Dataset\Normal\images\Normal-7012.png
data\processed\labelled_4232\Normal\images\Normal-8898.png,Normal,data\raw\radiography\COVID-19_Radiography_Dataset\Normal\images\Normal-8898.png
data\processed\labelled_4232\Normal\images\Normal-8841.png,Normal,data\raw\radiography\COVID-19_Radiography_Dataset\Normal\images\Normal-8841.png
data\processed\labelled_4232\Normal\images\Normal-8702.png,Normal,data\raw\radiography\COVID-19_Radiography_Dataset\Normal\images\Normal-8702.png
data\processed\labelled_4232\Normal\images\Normal-7742.png,Normal,data\raw\radiography\COVID-19_Radiography_Dataset\Normal\images\Normal-7742.png
data\processed\labelled_4232\Normal\images\Normal-3578.png,Normal,data\raw\radiography\COVID-19_Radiography_Dataset\Normal\images\Normal-3578.png
data\processed\labelled_4232\Normal\images\Normal-5284.png,Normal,data\raw\radiography\COVID-19_Radiography_Dataset\Normal\images\Normal-5284.png
data\processed\labelled_4232\Normal\images\Normal-3667.png,Normal,data\raw\radiography\COVID-19_Radiography_Dataset\Normal\images\Normal-3667.png
data\processed\labelled_4232\Normal\images\Normal-1838.png,Normal,data\raw\radiography\COVID-19_Radiography_Dataset\Normal\images\Normal-1838.png
data\processed\labelled_4232\Normal\images\Normal-9531.png,Normal,data\raw\radiography\COVID-19_Radiography_Dataset\Normal\images\Normal-9531.png
data\processed\labelled_4232\Normal\images\Normal-5656.png,Normal,data\raw\radiography\COVID-19_Radiography_Dataset\Normal\images\Normal-5656.png
data\processed\labelled_4232\Normal\images\Normal-8634.png,Normal,data\raw\radiography\COVID-19_Radiography_Dataset\Normal\images\Normal-8634.png
data\processed\labelled_4232\Normal\images\Normal-7761.png,Normal,data\raw\radiography\COVID-19_Radiography_Dataset\Normal\images\Normal-7761.png
data\processed\labelled_4232\Normal\images\Normal-4252.png,Normal,data\raw\radiography\COVID-19_Radiography_Dataset\Normal\images\Normal-4252.png
data\processed\labelled_4232\Normal\images\Normal-8695.png,Normal,data\raw\radiography\COVID-19_Radiography_Dataset\Normal\images\Normal-8695.png
data\processed\labelled_4232\Normal\images\Normal-224.png,Normal,data\raw\radiography\COVID-19_Radiography_Dataset\Normal\images\Normal-224.png
data\processed\labelled_4232\Normal\images\Normal-1986.png,Normal,data\raw\radiography\COVID-19_Radiography_Dataset\Normal\images\Normal-1986.png
data\processed\labelled_4232\Normal\images\Normal-2834.png,Normal,data\raw\radiography\COVID-19_Radiography_Dataset\Normal\images\Normal-2834.png
data\processed\labelled_4232\Normal\images\Normal-9019.png,Normal,data\raw\radiography\COVID-19_Radiography_Dataset\Normal\images\Normal-9019.png
data\processed\labelled_4232\Normal\images\Normal-2473.png,Normal,data\raw\radiography\COVID-19_Radiography_Dataset\Normal\images\Normal-2473.png
data\processed\labelled_4232\Normal\images\Normal-9470.png,Normal,data\raw\radiography\COVID-19_Radiography_Dataset\Normal\images\Normal-9470.png
data\processed\labelled_4232\Normal\images\Normal-4070.png,Normal,data\raw\radiography\COVID-19_Radiography_Dataset\Normal\images\Normal-4070.png
data\processed\labelled_4232\Normal\images\Normal-1349.png,Normal,data\raw\radiography\COVID-19_Radiography_Dataset\Normal\images\Normal-1349.png
data\processed\labelled_4232\Normal\images\Normal-7459.png,Normal,data\raw\radiography\COVID-19_Radiography_Dataset\Normal\images\Normal-7459.png
data\processed\labelled_4232\Normal\images\Normal-4808.png,Normal,data\raw\radiography\COVID-19_Radiography_Dataset\Normal\images\Normal-4808.png
data\processed\labelled_4232\Normal\images\Normal-9967.png,Normal,data\raw\radiography\COVID-19_Radiography_Dataset\Normal\images\Normal-9967.png
data\processed\labelled_4232\Normal\images\Normal-1478.png,Normal,data\raw\radiography\COVID-19_Radiography_Dataset\Normal\images\Normal-1478.png
data\processed\labelled_4232\Normal\images\Normal-4767.png,Normal,data\raw\radiography\COVID-19_Radiography_Dataset\Normal\images\Normal-4767.png
data\processed\labelled_4232\Normal\images\Normal-5336.png,Normal,data\raw\radiography\COVID-19_Radiography_Dataset\Normal\images\Normal-5336.png
data\processed\labelled_4232\Normal\images\Normal-1281.png,Normal,data\raw\radiography\COVID-19_Radiography_Dataset\Normal\images\Normal-1281.png
data\processed\labelled_4232\Normal\images\Normal-2082.png,Normal,data\raw\radiography\COVID-19_Radiography_Dataset\Normal\images\Normal-2082.png
data\processed\labelled_4232\Normal\images\Normal-7220.png,Normal,data\raw\radiography\COVID-19_Radiography_Dataset\Normal\images\Normal-7220.png
data\processed\labelled_4232\Normal\images\Normal-8031.png,Normal,data\raw\radiography\COVID-19_Radiography_Dataset\Normal\images\Normal-8031.png
data\processed\labelled_4232\Normal\images\Normal-1930.png,Normal,data\raw\radiography\COVID-19_Radiography_Dataset\Normal\images\Normal-1930.png
data\processed\labelled_4232\Normal\images\Normal-3822.png,Normal,data\raw\radiography\COVID-19_Radiography_Dataset\Normal\images\Normal-3822.png
data\processed\labelled_4232\Normal\images\Normal-9586.png,Normal,data\raw\radiography\COVID-19_Radiography_Dataset\Normal\images\Normal-9586.png
data\processed\labelled_4232\Normal\images\Normal-3423.png,Normal,data\raw\radiography\COVID-19_Radiography_Dataset\Normal\images\Normal-3423.png
data\processed\labelled_4232\Normal\images\Normal-2372.png,Normal,data\raw\radiography\COVID-19_Radiography_Dataset\Normal\images\Normal-2372.png
data\processed\labelled_4232\Normal\images\Normal-8896.png,Normal,data\raw\radiography\COVID-19_Radiography_Dataset\Normal\images\Normal-8896.png
data\processed\labelled_4232\Normal\images\Normal-7924.png,Normal,data\raw\radiography\COVID-19_Radiography_Dataset\Normal\images\Normal-7924.png
data\processed\labelled_4232\Normal\images\Normal-3169.png,Normal,data\raw\radiography\COVID-19_Radiography_Dataset\Normal\images\Normal-3169.png
data\processed\labelled_4232\Normal\images\Normal-4031.png,Normal,data\raw\radiography\COVID-19_Radiography_Dataset\Normal\images\Normal-4031.png
data\processed\labelled_4232\Normal\images\Normal-7972.png,Normal,data\raw\radiography\COVID-19_Radiography_Dataset\Normal\images\Normal-7972.png
data\processed\labelled_4232\Normal\images\Normal-2525.png,Normal,data\raw\radiography\COVID-19_Radiography_Dataset\Normal\images\Normal-2525.png
data\processed\labelled_4232\Normal\images\Normal-7092.png,Normal,data\raw\radiography\COVID-19_Radiography_Dataset\Normal\images\Normal-7092.png
data\processed\labelled_4232\Normal\images\Normal-1229.png,Normal,data\raw\radiography\COVID-19_Radiography_Dataset\Normal\images\Normal-1229.png
data\processed\labelled_4232\Normal\images\Normal-3621.png,Normal,data\raw\radiography\COVID-19_Radiography_Dataset\Normal\images\Normal-3621.png
data\processed\labelled_4232\Normal\images\Normal-7381.png,Normal,data\raw\radiography\COVID-19_Radiography_Dataset\Normal\images\Normal-7381.png
data\processed\labelled_4232\Normal\images\Normal-1264.png,Normal,data\raw\radiography\COVID-19_Radiography_Dataset\Normal\images\Normal-1264.png
data\processed\labelled_4232\Normal\images\Normal-9166.png,Normal,data\raw\radiography\COVID-19_Radiography_Dataset\Normal\images\Normal-9166.png
data\processed\labelled_4232\Normal\images\Normal-644.png,Normal,data\raw\radiography\COVID-19_Radiography_Dataset\Normal\images\Normal-644.png
data\processed\labelled_4232\Normal\images\Normal-7579.png,Normal,data\raw\radiography\COVID-19_Radiography_Dataset\Normal\images\Normal-7579.png
data\processed\labelled_4232\Normal\images\Normal-3956.png,Normal,data\raw\radiography\COVID-19_Radiography_Dataset\Normal\images\Normal-3956.png
data\processed\labelled_4232\Normal\images\Normal-4091.png,Normal,data\raw\radiography\COVID-19_Radiography_Dataset\Normal\images\Normal-4091.png
data\processed\labelled_4232\Normal\images\Normal-5242.png,Normal,data\raw\radiography\COVID-19_Radiography_Dataset\Normal\images\Normal-5242.png
data\processed\labelled_4232\Normal\images\Normal-4610.png,Normal,data\raw\radiography\COVID-19_Radiography_Dataset\Normal\images\Normal-4610.png
data\processed\labelled_4232\Normal\images\Normal-2072.png,Normal,data\raw\radiography\COVID-19_Radiography_Dataset\Normal\images\Normal-2072.png
data\processed\labelled_4232\Normal\images\Normal-5541.png,Normal,data\raw\radiography\COVID-19_Radiography_Dataset\Normal\images\Normal-5541.png
data\processed\labelled_4232\Normal\images\Normal-7169.png,Normal,data\raw\radiography\COVID-19_Radiography_Dataset\Normal\images\Normal-7169.png
data\processed\labelled_4232\Normal\images\Normal-6189.png,Normal,data\raw\radiography\COVID-19_Radiography_Dataset\Normal\images\Normal-6189.png
data\processed\labelled_4232\Normal\images\Normal-8149.png,Normal,data\raw\radiography\COVID-19_Radiography_Dataset\Normal\images\Normal-8149.png
data\processed\labelled_4232\Normal\images\Normal-2470.png,Normal,data\raw\radiography\COVID-19_Radiography_Dataset\Normal\images\Normal-2470.png
data\processed\labelled_4232\Normal\images\Normal-6998.png,Normal,data\raw\radiography\COVID-19_Radiography_Dataset\Normal\images\Normal-6998.png
data\processed\labelled_4232\Normal\images\Normal-4889.png,Normal,data\raw\radiography\COVID-19_Radiography_Dataset\Normal\images\Normal-4889.png
data\processed\labelled_4232\Normal\images\Normal-3632.png,Normal,data\raw\radiography\COVID-19_Radiography_Dataset\Normal\images\Normal-3632.png
data\processed\labelled_4232\Normal\images\Normal-5707.png,Normal,data\raw\radiography\COVID-19_Radiography_Dataset\Normal\images\Normal-5707.png
data\processed\labelled_4232\Normal\images\Normal-2815.png,Normal,data\raw\radiography\COVID-19_Radiography_Dataset\Normal\images\Normal-2815.png
data\processed\labelled_4232\Normal\images\Normal-2928.png,Normal,data\raw\radiography\COVID-19_Radiography_Dataset\Normal\images\Normal-2928.png
data\processed\labelled_4232\Normal\images\Normal-2127.png,Normal,data\raw\radiography\COVID-19_Radiography_Dataset\Normal\images\Normal-2127.png
data\processed\labelled_4232\Normal\images\Normal-2231.png,Normal,data\raw\radiography\COVID-19_Radiography_Dataset\Normal\images\Normal-2231.png
data\processed\labelled_4232\Normal\images\Normal-5161.png,Normal,data\raw\radiography\COVID-19_Radiography_Dataset\Normal\images\Normal-5161.png
data\processed\labelled_4232\Normal\images\Normal-1520.png,Normal,data\raw\radiography\COVID-19_Radiography_Dataset\Normal\images\Normal-1520.png
data\processed\labelled_4232\Normal\images\Normal-1053.png,Normal,data\raw\radiography\COVID-19_Radiography_Dataset\Normal\images\Normal-1053.png
data\processed\labelled_4232\Normal\images\Normal-5043.png,Normal,data\raw\radiography\COVID-19_Radiography_Dataset\Normal\images\Normal-5043.png
data\processed\labelled_4232\Normal\images\Normal-5882.png,Normal,data\raw\radiography\COVID-19_Radiography_Dataset\Normal\images\Normal-5882.png
data\processed\labelled_4232\Normal\images\Normal-2203.png,Normal,data\raw\radiography\COVID-19_Radiography_Dataset\Normal\images\Normal-2203.png
data\processed\labelled_4232\Normal\images\Normal-4266.png,Normal,data\raw\radiography\COVID-19_Radiography_Dataset\Normal\images\Normal-4266.png
data\processed\labelled_4232\Normal\images\Normal-6765.png,Normal,data\raw\radiography\COVID-19_Radiography_Dataset\Normal\images\Normal-6765.png
data\processed\labelled_4232\Normal\images\Normal-2548.png,Normal,data\raw\radiography\COVID-19_Radiography_Dataset\Normal\images\Normal-2548.png
data\processed\labelled_4232\Normal\images\Normal-2201.png,Normal,data\raw\radiography\COVID-19_Radiography_Dataset\Normal\images\Normal-2201.png
data\processed\labelled_4232\Normal\images\Normal-5616.png,Normal,data\raw\radiography\COVID-19_Radiography_Dataset\Normal\images\Normal-5616.png
data\processed\labelled_4232\Normal\images\Normal-3453.png,Normal,data\raw\radiography\COVID-19_Radiography_Dataset\Normal\images\Normal-3453.png
data\processed\labelled_4232\Normal\images\Normal-2985.png,Normal,data\raw\radiography\COVID-19_Radiography_Dataset\Normal\images\Normal-2985.png
data\processed\labelled_4232\Normal\images\Normal-9020.png,Normal,data\raw\radiography\COVID-19_Radiography_Dataset\Normal\images\Normal-9020.png
data\processed\labelled_4232\Normal\images\Normal-5094.png,Normal,data\raw\radiography\COVID-19_Radiography_Dataset\Normal\images\Normal-5094.png
data\processed\labelled_4232\Normal\images\Normal-5558.png,Normal,data\raw\radiography\COVID-19_Radiography_Dataset\Normal\images\Normal-5558.png
data\processed\labelled_4232\Normal\images\Normal-4683.png,Normal,data\raw\radiography\COVID-19_Radiography_Dataset\Normal\images\Normal-4683.png
data\processed\labelled_4232\Normal\images\Normal-1416.png,Normal,data\raw\radiography\COVID-19_Radiography_Dataset\Normal\images\Normal-1416.png
data\processed\labelled_4232\Normal\images\Normal-1042.png,Normal,data\raw\radiography\COVID-19_Radiography_Dataset\Normal\images\Normal-1042.png
data\processed\labelled_4232\Normal\images\Normal-7342.png,Normal,data\raw\radiography\COVID-19_Radiography_Dataset\Normal\images\Normal-7342.png
data\processed\labelled_4232\Normal\images\Normal-9830.png,Normal,data\raw\radiography\COVID-19_Radiography_Dataset\Normal\images\Normal-9830.png
data\processed\labelled_4232\Normal\images\Normal-8398.png,Normal,data\raw\radiography\COVID-19_Radiography_Dataset\Normal\images\Normal-8398.png
data\processed\labelled_4232\Normal\images\Normal-1127.png,Normal,data\raw\radiography\COVID-19_Radiography_Dataset\Normal\images\Normal-1127.png
data\processed\labelled_4232\Normal\images\Normal-3450.png,Normal,data\raw\radiography\COVID-19_Radiography_Dataset\Normal\images\Normal-3450.png
data\processed\labelled_4232\Normal\images\Normal-9202.png,Normal,data\raw\radiography\COVID-19_Radiography_Dataset\Normal\images\Normal-9202.png
data\processed\labelled_4232\Normal\images\Normal-6986.png,Normal,data\raw\radiography\COVID-19_Radiography_Dataset\Normal\images\Normal-6986.png
data\processed\labelled_4232\Normal\images\Normal-2378.png,Normal,data\raw\radiography\COVID-19_Radiography_Dataset\Normal\images\Normal-2378.png
data\processed\labelled_4232\Normal\images\Normal-9928.png,Normal,data\raw\radiography\COVID-19_Radiography_Dataset\Normal\images\Normal-9928.png
data\processed\labelled_4232\Normal\images\Normal-1403.png,Normal,data\raw\radiography\COVID-19_Radiography_Dataset\Normal\images\Normal-1403.png
data\processed\labelled_4232\Normal\images\Normal-6139.png,Normal,data\raw\radiography\COVID-19_Radiography_Dataset\Normal\images\Normal-6139.png
data\processed\labelled_4232\Normal\images\Normal-7241.png,Normal,data\raw\radiography\COVID-19_Radiography_Dataset\Normal\images\Normal-7241.png
data\processed\labelled_4232\Normal\images\Normal-8273.png,Normal,data\raw\radiography\COVID-19_Radiography_Dataset\Normal\images\Normal-8273.png
data\processed\labelled_4232\Normal\images\Normal-9036.png,Normal,data\raw\radiography\COVID-19_Radiography_Dataset\Normal\images\Normal-9036.png
data\processed\labelled_4232\Normal\images\Normal-991.png,Normal,data\raw\radiography\COVID-19_Radiography_Dataset\Normal\images\Normal-991.png
data\processed\labelled_4232\Normal\images\Normal-6029.png,Normal,data\raw\radiography\COVID-19_Radiography_Dataset\Normal\images\Normal-6029.png
data\processed\labelled_4232\Normal\images\Normal-1151.png,Normal,data\raw\radiography\COVID-19_Radiography_Dataset\Normal\images\Normal-1151.png
data\processed\labelled_4232\Normal\images\Normal-6162.png,Normal,data\raw\radiography\COVID-19_Radiography_Dataset\Normal\images\Normal-6162.png
data\processed\labelled_4232\Normal\images\Normal-2432.png,Normal,data\raw\radiography\COVID-19_Radiography_Dataset\Normal\images\Normal-2432.png
data\processed\labelled_4232\Normal\images\Normal-3304.png,Normal,data\raw\radiography\COVID-19_Radiography_Dataset\Normal\images\Normal-3304.png
data\processed\labelled_4232\Normal\images\Normal-7752.png,Normal,data\raw\radiography\COVID-19_Radiography_Dataset\Normal\images\Normal-7752.png
data\processed\labelled_4232\Normal\images\Normal-9234.png,Normal,data\raw\radiography\COVID-19_Radiography_Dataset\Normal\images\Normal-9234.png
data\processed\labelled_4232\Normal\images\Normal-1638.png,Normal,data\raw\radiography\COVID-19_Radiography_Dataset\Normal\images\Normal-1638.png
data\processed\labelled_4232\Normal\images\Normal-8342.png,Normal,data\raw\radiography\COVID-19_Radiography_Dataset\Normal\images\Normal-8342.png
data\processed\labelled_4232\Normal\images\Normal-2366.png,Normal,data\raw\radiography\COVID-19_Radiography_Dataset\Normal\images\Normal-2366.png
data\processed\labelled_4232\Normal\images\Normal-5047.png,Normal,data\raw\radiography\COVID-19_Radiography_Dataset\Normal\images\Normal-5047.png
data\processed\labelled_4232\Normal\images\Normal-2434.png,Normal,data\raw\radiography\COVID-19_Radiography_Dataset\Normal\images\Normal-2434.png
data\processed\labelled_4232\Normal\images\Normal-768.png,Normal,data\raw\radiography\COVID-19_Radiography_Dataset\Normal\images\Normal-768.png
data\processed\labelled_4232\Normal\images\Normal-4215.png,Normal,data\raw\radiography\COVID-19_Radiography_Dataset\Normal\images\Normal-4215.png
data\processed\labelled_4232\Normal\images\Normal-1202.png,Normal,data\raw\radiography\COVID-19_Radiography_Dataset\Normal\images\Normal-1202.png
data\processed\labelled_4232\Normal\images\Normal-2509.png,Normal,data\raw\radiography\COVID-19_Radiography_Dataset\Normal\images\Normal-2509.png
data\processed\labelled_4232\Normal\images\Normal-10042.png,Normal,data\raw\radiography\COVID-19_Radiography_Dataset\Normal\images\Normal-10042.png
data\processed\labelled_4232\Normal\images\Normal-7990.png,Normal,data\raw\radiography\COVID-19_Radiography_Dataset\Normal\images\Normal-7990.png
data\processed\labelled_4232\Normal\images\Normal-5217.png,Normal,data\raw\radiography\COVID-19_Radiography_Dataset\Normal\images\Normal-5217.png
data\processed\labelled_4232\Normal\images\Normal-2906.png,Normal,data\raw\radiography\COVID-19_Radiography_Dataset\Normal\images\Normal-2906.png
data\processed\labelled_4232\Normal\images\Normal-9786.png,Normal,data\raw\radiography\COVID-19_Radiography_Dataset\Normal\images\Normal-9786.png
data\processed\labelled_4232\Normal\images\Normal-4345.png,Normal,data\raw\radiography\COVID-19_Radiography_Dataset\Normal\images\Normal-4345.png
data\processed\labelled_4232\Normal\images\Normal-1968.png,Normal,data\raw\radiography\COVID-19_Radiography_Dataset\Normal\images\Normal-1968.png
data\processed\labelled_4232\Normal\images\Normal-8375.png,Normal,data\raw\radiography\COVID-19_Radiography_Dataset\Normal\images\Normal-8375.png
data\processed\labelled_4232\Normal\images\Normal-5006.png,Normal,data\raw\radiography\COVID-19_Radiography_Dataset\Normal\images\Normal-5006.png
data\processed\labelled_4232\Normal\images\Normal-4820.png,Normal,data\raw\radiography\COVID-19_Radiography_Dataset\Normal\images\Normal-4820.png
data\processed\labelled_4232\Normal\images\Normal-3110.png,Normal,data\raw\radiography\COVID-19_Radiography_Dataset\Normal\images\Normal-3110.png
data\processed\labelled_4232\Normal\images\Normal-7235.png,Normal,data\raw\radiography\COVID-19_Radiography_Dataset\Normal\images\Normal-7235.png
data\processed\labelled_4232\Normal\images\Normal-9919.png,Normal,data\raw\radiography\COVID-19_Radiography_Dataset\Normal\images\Normal-9919.png
data\processed\labelled_4232\Normal\images\Normal-237.png,Normal,data\raw\radiography\COVID-19_Radiography_Dataset\Normal\images\Normal-237.png
data\processed\labelled_4232\Normal\images\Normal-2891.png,Normal,data\raw\radiography\COVID-19_Radiography_Dataset\Normal\images\Normal-2891.png
data\processed\labelled_4232\Normal\images\Normal-5103.png,Normal,data\raw\radiography\COVID-19_Radiography_Dataset\Normal\images\Normal-5103.png
data\processed\labelled_4232\Normal\images\Normal-7662.png,Normal,data\raw\radiography\COVID-19_Radiography_Dataset\Normal\images\Normal-7662.png
data\processed\labelled_4232\Normal\images\Normal-5517.png,Normal,data\raw\radiography\COVID-19_Radiography_Dataset\Normal\images\Normal-5517.png
data\processed\labelled_4232\Normal\images\Normal-5331.png,Normal,data\raw\radiography\COVID-19_Radiography_Dataset\Normal\images\Normal-5331.png
data\processed\labelled_4232\Normal\images\Normal-261.png,Normal,data\raw\radiography\COVID-19_Radiography_Dataset\Normal\images\Normal-261.png
data\processed\labelled_4232\Normal\images\Normal-5786.png,Normal,data\raw\radiography\COVID-19_Radiography_Dataset\Normal\images\Normal-5786.png
data\processed\labelled_4232\Normal\images\Normal-1114.png,Normal,data\raw\radiography\COVID-19_Radiography_Dataset\Normal\images\Normal-1114.png
data\processed\labelled_4232\Normal\images\Normal-4126.png,Normal,data\raw\radiography\COVID-19_Radiography_Dataset\Normal\images\Normal-4126.png
data\processed\labelled_4232\Normal\images\Normal-7523.png,Normal,data\raw\radiography\COVID-19_Radiography_Dataset\Normal\images\Normal-7523.png
data\processed\labelled_4232\Normal\images\Normal-2953.png,Normal,data\raw\radiography\COVID-19_Radiography_Dataset\Normal\images\Normal-2953.png
data\processed\labelled_4232\Normal\images\Normal-6685.png,Normal,data\raw\radiography\COVID-19_Radiography_Dataset\Normal\images\Normal-6685.png
data\processed\labelled_4232\Normal\images\Normal-1671.png,Normal,data\raw\radiography\COVID-19_Radiography_Dataset\Normal\images\Normal-1671.png
data\processed\labelled_4232\Normal\images\Normal-281.png,Normal,data\raw\radiography\COVID-19_Radiography_Dataset\Normal\images\Normal-281.png
data\processed\labelled_4232\Normal\images\Normal-5441.png,Normal,data\raw\radiography\COVID-19_Radiography_Dataset\Normal\images\Normal-5441.png
data\processed\labelled_4232\Normal\images\Normal-2747.png,Normal,data\raw\radiography\COVID-19_Radiography_Dataset\Normal\images\Normal-2747.png
data\processed\labelled_4232\Normal\images\Normal-539.png,Normal,data\raw\radiography\COVID-19_Radiography_Dataset\Normal\images\Normal-539.png
data\processed\labelled_4232\Normal\images\Normal-9698.png,Normal,data\raw\radiography\COVID-19_Radiography_Dataset\Normal\images\Normal-9698.png
data\processed\labelled_4232\Normal\images\Normal-6346.png,Normal,data\raw\radiography\COVID-19_Radiography_Dataset\Normal\images\Normal-6346.png
data\processed\labelled_4232\Normal\images\Normal-8069.png,Normal,data\raw\radiography\COVID-19_Radiography_Dataset\Normal\images\Normal-8069.png
data\processed\labelled_4232\Normal\images\Normal-1687.png,Normal,data\raw\radiography\COVID-19_Radiography_Dataset\Normal\images\Normal-1687.png
data\processed\labelled_4232\Normal\images\Normal-3943.png,Normal,data\raw\radiography\COVID-19_Radiography_Dataset\Normal\images\Normal-3943.png
data\processed\labelled_4232\Normal\images\Normal-1466.png,Normal,data\raw\radiography\COVID-19_Radiography_Dataset\Normal\images\Normal-1466.png
data\processed\labelled_4232\Normal\images\Normal-8433.png,Normal,data\raw\radiography\COVID-19_Radiography_Dataset\Normal\images\Normal-8433.png
data\processed\labelled_4232\Normal\images\Normal-1325.png,Normal,data\raw\radiography\COVID-19_Radiography_Dataset\Normal\images\Normal-1325.png
data\processed\labelled_4232\Normal\images\Normal-8679.png,Normal,data\raw\radiography\COVID-19_Radiography_Dataset\Normal\images\Normal-8679.png
data\processed\labelled_4232\Normal\images\Normal-2704.png,Normal,data\raw\radiography\COVID-19_Radiography_Dataset\Normal\images\Normal-2704.png
data\processed\labelled_4232\Normal\images\Normal-6194.png,Normal,data\raw\radiography\COVID-19_Radiography_Dataset\Normal\images\Normal-6194.png
data\processed\labelled_4232\Normal\images\Normal-4737.png,Normal,data\raw\radiography\COVID-19_Radiography_Dataset\Normal\images\Normal-4737.png
data\processed\labelled_4232\Normal\images\Normal-211.png,Normal,data\raw\radiography\COVID-19_Radiography_Dataset\Normal\images\Normal-211.png
data\processed\labelled_4232\Normal\images\Normal-3939.png,Normal,data\raw\radiography\COVID-19_Radiography_Dataset\Normal\images\Normal-3939.png
data\processed\labelled_4232\Normal\images\Normal-4291.png,Normal,data\raw\radiography\COVID-19_Radiography_Dataset\Normal\images\Normal-4291.png
data\processed\labelled_4232\Normal\images\Normal-1433.png,Normal,data\raw\radiography\COVID-19_Radiography_Dataset\Normal\images\Normal-1433.png
data\processed\labelled_4232\Normal\images\Normal-3104.png,Normal,data\raw\radiography\COVID-19_Radiography_Dataset\Normal\images\Normal-3104.png
data\processed\labelled_4232\Normal\images\Normal-4901.png,Normal,data\raw\radiography\COVID-19_Radiography_Dataset\Normal\images\Normal-4901.png
data\processed\labelled_4232\Normal\images\Normal-8372.png,Normal,data\raw\radiography\COVID-19_Radiography_Dataset\Normal\images\Normal-8372.png
data\processed\labelled_4232\Normal\images\Normal-2356.png,Normal,data\raw\radiography\COVID-19_Radiography_Dataset\Normal\images\Normal-2356.png
data\processed\labelled_4232\Normal\images\Normal-439.png,Normal,data\raw\radiography\COVID-19_Radiography_Dataset\Normal\images\Normal-439.png
data\processed\labelled_4232\Normal\images\Normal-5708.png,Normal,data\raw\radiography\COVID-19_Radiography_Dataset\Normal\images\Normal-5708.png
data\processed\labelled_4232\Normal\images\Normal-1885.png,Normal,data\raw\radiography\COVID-19_Radiography_Dataset\Normal\images\Normal-1885.png
data\processed\labelled_4232\Normal\images\Normal-4414.png,Normal,data\raw\radiography\COVID-19_Radiography_Dataset\Normal\images\Normal-4414.png
data\processed\labelled_4232\Normal\images\Normal-3668.png,Normal,data\raw\radiography\COVID-19_Radiography_Dataset\Normal\images\Normal-3668.png
data\processed\labelled_4232\Normal\images\Normal-5499.png,Normal,data\raw\radiography\COVID-19_Radiography_Dataset\Normal\images\Normal-5499.png
data\processed\labelled_4232\Normal\images\Normal-5864.png,Normal,data\raw\radiography\COVID-19_Radiography_Dataset\Normal\images\Normal-5864.png
data\processed\labelled_4232\Normal\images\Normal-9113.png,Normal,data\raw\radiography\COVID-19_Radiography_Dataset\Normal\images\Normal-9113.png
data\processed\labelled_4232\Normal\images\Normal-6705.png,Normal,data\raw\radiography\COVID-19_Radiography_Dataset\Normal\images\Normal-6705.png
data\processed\labelled_4232\Normal\images\Normal-6864.png,Normal,data\raw\radiography\COVID-19_Radiography_Dataset\Normal\images\Normal-6864.png
data\processed\labelled_4232\Normal\images\Normal-10144.png,Normal,data\raw\radiography\COVID-19_Radiography_Dataset\Normal\images\Normal-10144.png
data\processed\labelled_4232\Normal\images\Normal-522.png,Normal,data\raw\radiography\COVID-19_Radiography_Dataset\Normal\images\Normal-522.png
data\processed\labelled_4232\Normal\images\Normal-9184.png,Normal,data\raw\radiography\COVID-19_Radiography_Dataset\Normal\images\Normal-9184.png
data\processed\labelled_4232\Normal\images\Normal-8061.png,Normal,data\raw\radiography\COVID-19_Radiography_Dataset\Normal\images\Normal-8061.png
data\processed\labelled_4232\Normal\images\Normal-2386.png,Normal,data\raw\radiography\COVID-19_Radiography_Dataset\Normal\images\Normal-2386.png
data\processed\labelled_4232\Normal\images\Normal-9213.png,Normal,data\raw\radiography\COVID-19_Radiography_Dataset\Normal\images\Normal-9213.png
data\processed\labelled_4232\Normal\images\Normal-9947.png,Normal,data\raw\radiography\COVID-19_Radiography_Dataset\Normal\images\Normal-9947.png
data\processed\labelled_4232\Normal\images\Normal-7541.png,Normal,data\raw\radiography\COVID-19_Radiography_Dataset\Normal\images\Normal-7541.png
data\processed\labelled_4232\Normal\images\Normal-6777.png,Normal,data\raw\radiography\COVID-19_Radiography_Dataset\Normal\images\Normal-6777.png
data\processed\labelled_4232\Normal\images\Normal-295.png,Normal,data\raw\radiography\COVID-19_Radiography_Dataset\Normal\images\Normal-295.png
data\processed\labelled_4232\Normal\images\Normal-2065.png,Normal,data\raw\radiography\COVID-19_Radiography_Dataset\Normal\images\Normal-2065.png
data\processed\labelled_4232\Normal\images\Normal-2164.png,Normal,data\raw\radiography\COVID-19_Radiography_Dataset\Normal\images\Normal-2164.png
data\processed\labelled_4232\Normal\images\Normal-10048.png,Normal,data\raw\radiography\COVID-19_Radiography_Dataset\Normal\images\Normal-10048.png
data\processed\labelled_4232\Normal\images\Normal-1322.png,Normal,data\raw\radiography\COVID-19_Radiography_Dataset\Normal\images\Normal-1322.png
data\processed\labelled_4232\Normal\images\Normal-2172.png,Normal,data\raw\radiography\COVID-19_Radiography_Dataset\Normal\images\Normal-2172.png
data\processed\labelled_4232\Normal\images\Normal-7783.png,Normal,data\raw\radiography\COVID-19_Radiography_Dataset\Normal\images\Normal-7783.png
data\processed\labelled_4232\Normal\images\Normal-6434.png,Normal,data\raw\radiography\COVID-19_Radiography_Dataset\Normal\images\Normal-6434.png
data\processed\labelled_4232\Normal\images\Normal-9854.png,Normal,data\raw\radiography\COVID-19_Radiography_Dataset\Normal\images\Normal-9854.png
data\processed\labelled_4232\Normal\images\Normal-4505.png,Normal,data\raw\radiography\COVID-19_Radiography_Dataset\Normal\images\Normal-4505.png
data\processed\labelled_4232\Normal\images\Normal-642.png,Normal,data\raw\radiography\COVID-19_Radiography_Dataset\Normal\images\Normal-642.png
data\processed\labelled_4232\Normal\images\Normal-1696.png,Normal,data\raw\radiography\COVID-19_Radiography_Dataset\Normal\images\Normal-1696.png
data\processed\labelled_4232\Normal\images\Normal-2439.png,Normal,data\raw\radiography\COVID-19_Radiography_Dataset\Normal\images\Normal-2439.png
data\processed\labelled_4232\Normal\images\Normal-6051.png,Normal,data\raw\radiography\COVID-19_Radiography_Dataset\Normal\images\Normal-6051.png
data\processed\labelled_4232\Normal\images\Normal-1559.png,Normal,data\raw\radiography\COVID-19_Radiography_Dataset\Normal\images\Normal-1559.png
data\processed\labelled_4232\Normal\images\Normal-3274.png,Normal,data\raw\radiography\COVID-19_Radiography_Dataset\Normal\images\Normal-3274.png
data\processed\labelled_4232\Normal\images\Normal-2909.png,Normal,data\raw\radiography\COVID-19_Radiography_Dataset\Normal\images\Normal-2909.png
data\processed\labelled_4232\Normal\images\Normal-7016.png,Normal,data\raw\radiography\COVID-19_Radiography_Dataset\Normal\images\Normal-7016.png
data\processed\labelled_4232\Normal\images\Normal-5382.png,Normal,data\raw\radiography\COVID-19_Radiography_Dataset\Normal\images\Normal-5382.png
data\processed\labelled_4232\Normal\images\Normal-4481.png,Normal,data\raw\radiography\COVID-19_Radiography_Dataset\Normal\images\Normal-4481.png
data\processed\labelled_4232\Normal\images\Normal-8636.png,Normal,data\raw\radiography\COVID-19_Radiography_Dataset\Normal\images\Normal-8636.png
data\processed\labelled_4232\Normal\images\Normal-5013.png,Normal,data\raw\radiography\COVID-19_Radiography_Dataset\Normal\images\Normal-5013.png
data\processed\labelled_4232\Normal\images\Normal-8015.png,Normal,data\raw\radiography\COVID-19_Radiography_Dataset\Normal\images\Normal-8015.png
data\processed\labelled_4232\Normal\images\Normal-7591.png,Normal,data\raw\radiography\COVID-19_Radiography_Dataset\Normal\images\Normal-7591.png
data\processed\labelled_4232\Normal\images\Normal-6118.png,Normal,data\raw\radiography\COVID-19_Radiography_Dataset\Normal\images\Normal-6118.png
data\processed\labelled_4232\Normal\images\Normal-8378.png,Normal,data\raw\radiography\COVID-19_Radiography_Dataset\Normal\images\Normal-8378.png
data\processed\labelled_4232\Normal\images\Normal-7918.png,Normal,data\raw\radiography\COVID-19_Radiography_Dataset\Normal\images\Normal-7918.png
data\processed\labelled_4232\Normal\images\Normal-649.png,Normal,data\raw\radiography\COVID-19_Radiography_Dataset\Normal\images\Normal-649.png
data\processed\labelled_4232\Normal\images\Normal-4734.png,Normal,data\raw\radiography\COVID-19_Radiography_Dataset\Normal\images\Normal-4734.png
data\processed\labelled_4232\Normal\images\Normal-9601.png,Normal,data\raw\radiography\COVID-19_Radiography_Dataset\Normal\images\Normal-9601.png
data\processed\labelled_4232\Normal\images\Normal-4308.png,Normal,data\raw\radiography\COVID-19_Radiography_Dataset\Normal\images\Normal-4308.png
data\processed\labelled_4232\Normal\images\Normal-8936.png,Normal,data\raw\radiography\COVID-19_Radiography_Dataset\Normal\images\Normal-8936.png
data\processed\labelled_4232\Normal\images\Normal-6559.png,Normal,data\raw\radiography\COVID-19_Radiography_Dataset\Normal\images\Normal-6559.png
data\processed\labelled_4232\Normal\images\Normal-5900.png,Normal,data\raw\radiography\COVID-19_Radiography_Dataset\Normal\images\Normal-5900.png
data\processed\labelled_4232\Normal\images\Normal-6415.png,Normal,data\raw\radiography\COVID-19_Radiography_Dataset\Normal\images\Normal-6415.png
data\processed\labelled_4232\Normal\images\Normal-4587.png,Normal,data\raw\radiography\COVID-19_Radiography_Dataset\Normal\images\Normal-4587.png
data\processed\labelled_4232\Normal\images\Normal-5661.png,Normal,data\raw\radiography\COVID-19_Radiography_Dataset\Normal\images\Normal-5661.png
data\processed\labelled_4232\Normal\images\Normal-1702.png,Normal,data\raw\radiography\COVID-19_Radiography_Dataset\Normal\images\Normal-1702.png
data\processed\labelled_4232\Normal\images\Normal-8010.png,Normal,data\raw\radiography\COVID-19_Radiography_Dataset\Normal\images\Normal-8010.png
data\processed\labelled_4232\Normal\images\Normal-8359.png,Normal,data\raw\radiography\COVID-19_Radiography_Dataset\Normal\images\Normal-8359.png
data\processed\labelled_4232\Normal\images\Normal-10188.png,Normal,data\raw\radiography\COVID-19_Radiography_Dataset\Normal\images\Normal-10188.png
data\processed\labelled_4232\Normal\images\Normal-5976.png,Normal,data\raw\radiography\COVID-19_Radiography_Dataset\Normal\images\Normal-5976.png
data\processed\labelled_4232\Normal\images\Normal-8259.png,Normal,data\raw\radiography\COVID-19_Radiography_Dataset\Normal\images\Normal-8259.png
data\processed\labelled_4232\Normal\images\Normal-9151.png,Normal,data\raw\radiography\COVID-19_Radiography_Dataset\Normal\images\Normal-9151.png
data\processed\labelled_4232\Normal\images\Normal-9268.png,Normal,data\raw\radiography\COVID-19_Radiography_Dataset\Normal\images\Normal-9268.png
data\processed\labelled_4232\Normal\images\Normal-5739.png,Normal,data\raw\radiography\COVID-19_Radiography_Dataset\Normal\images\Normal-5739.png
data\processed\labelled_4232\Normal\images\Normal-6928.png,Normal,data\raw\radiography\COVID-19_Radiography_Dataset\Normal\images\Normal-6928.png
data\processed\labelled_4232\Normal\images\Normal-6338.png,Normal,data\raw\radiography\COVID-19_Radiography_Dataset\Normal\images\Normal-6338.png
data\processed\labelled_4232\Normal\images\Normal-973.png,Normal,data\raw\radiography\COVID-19_Radiography_Dataset\Normal\images\Normal-973.png
data\processed\labelled_4232\Normal\images\Normal-5564.png,Normal,data\raw\radiography\COVID-19_Radiography_Dataset\Normal\images\Normal-5564.png
data\processed\labelled_4232\Normal\images\Normal-2032.png,Normal,data\raw\radiography\COVID-19_Radiography_Dataset\Normal\images\Normal-2032.png
data\processed\labelled_4232\Normal\images\Normal-8443.png,Normal,data\raw\radiography\COVID-19_Radiography_Dataset\Normal\images\Normal-8443.png
data\processed\labelled_4232\Normal\images\Normal-6224.png,Normal,data\raw\radiography\COVID-19_Radiography_Dataset\Normal\images\Normal-6224.png
data\processed\labelled_4232\Normal\images\Normal-4197.png,Normal,data\raw\radiography\COVID-19_Radiography_Dataset\Normal\images\Normal-4197.png
data\processed\labelled_4232\Normal\images\Normal-8326.png,Normal,data\raw\radiography\COVID-19_Radiography_Dataset\Normal\images\Normal-8326.png
data\processed\labelled_4232\Normal\images\Normal-3553.png,Normal,data\raw\radiography\COVID-19_Radiography_Dataset\Normal\images\Normal-3553.png
data\processed\labelled_4232\Normal\images\Normal-1290.png,Normal,data\raw\radiography\COVID-19_Radiography_Dataset\Normal\images\Normal-1290.png
data\processed\labelled_4232\Normal\images\Normal-4294.png,Normal,data\raw\radiography\COVID-19_Radiography_Dataset\Normal\images\Normal-4294.png
data\processed\labelled_4232\Normal\images\Normal-6005.png,Normal,data\raw\radiography\COVID-19_Radiography_Dataset\Normal\images\Normal-6005.png
data\processed\labelled_4232\Normal\images\Normal-6452.png,Normal,data\raw\radiography\COVID-19_Radiography_Dataset\Normal\images\Normal-6452.png
data\processed\labelled_4232\Normal\images\Normal-7194.png,Normal,data\raw\radiography\COVID-19_Radiography_Dataset\Normal\images\Normal-7194.png
data\processed\labelled_4232\Normal\images\Normal-3583.png,Normal,data\raw\radiography\COVID-19_Radiography_Dataset\Normal\images\Normal-3583.png
data\processed\labelled_4232\Normal\images\Normal-10016.png,Normal,data\raw\radiography\COVID-19_Radiography_Dataset\Normal\images\Normal-10016.png
data\processed\labelled_4232\Normal\images\Normal-6741.png,Normal,data\raw\radiography\COVID-19_Radiography_Dataset\Normal\images\Normal-6741.png
data\processed\labelled_4232\Normal\images\Normal-7640.png,Normal,data\raw\radiography\COVID-19_Radiography_Dataset\Normal\images\Normal-7640.png
data\processed\labelled_4232\Normal\images\Normal-4995.png,Normal,data\raw\radiography\COVID-19_Radiography_Dataset\Normal\images\Normal-4995.png
data\processed\labelled_4232\Normal\images\Normal-5980.png,Normal,data\raw\radiography\COVID-19_Radiography_Dataset\Normal\images\Normal-5980.png
data\processed\labelled_4232\Normal\images\Normal-4324.png,Normal,data\raw\radiography\COVID-19_Radiography_Dataset\Normal\images\Normal-4324.png
data\processed\labelled_4232\Normal\images\Normal-3100.png,Normal,data\raw\radiography\COVID-19_Radiography_Dataset\Normal\images\Normal-3100.png
data\processed\labelled_4232\Normal\images\Normal-9429.png,Normal,data\raw\radiography\COVID-19_Radiography_Dataset\Normal\images\Normal-9429.png
data\processed\labelled_4232\Normal\images\Normal-6604.png,Normal,data\raw\radiography\COVID-19_Radiography_Dataset\Normal\images\Normal-6604.png
data\processed\labelled_4232\Normal\images\Normal-1385.png,Normal,data\raw\radiography\COVID-19_Radiography_Dataset\Normal\images\Normal-1385.png
data\processed\labelled_4232\Normal\images\Normal-6472.png,Normal,data\raw\radiography\COVID-19_Radiography_Dataset\Normal\images\Normal-6472.png
data\processed\labelled_4232\Normal\images\Normal-4036.png,Normal,data\raw\radiography\COVID-19_Radiography_Dataset\Normal\images\Normal-4036.png
data\processed\labelled_4232\Normal\images\Normal-1153.png,Normal,data\raw\radiography\COVID-19_Radiography_Dataset\Normal\images\Normal-1153.png
data\processed\labelled_4232\Normal\images\Normal-9546.png,Normal,data\raw\radiography\COVID-19_Radiography_Dataset\Normal\images\Normal-9546.png
data\processed\labelled_4232\Normal\images\Normal-4879.png,Normal,data\raw\radiography\COVID-19_Radiography_Dataset\Normal\images\Normal-4879.png
data\processed\labelled_4232\Normal\images\Normal-9288.png,Normal,data\raw\radiography\COVID-19_Radiography_Dataset\Normal\images\Normal-9288.png
data\processed\labelled_4232\Normal\images\Normal-4718.png,Normal,data\raw\radiography\COVID-19_Radiography_Dataset\Normal\images\Normal-4718.png
data\processed\labelled_4232\Normal\images\Normal-7927.png,Normal,data\raw\radiography\COVID-19_Radiography_Dataset\Normal\images\Normal-7927.png
data\processed\labelled_4232\Normal\images\Normal-9994.png,Normal,data\raw\radiography\COVID-19_Radiography_Dataset\Normal\images\Normal-9994.png
data\processed\labelled_4232\Normal\images\Normal-3823.png,Normal,data\raw\radiography\COVID-19_Radiography_Dataset\Normal\images\Normal-3823.png
data\processed\labelled_4232\Normal\images\Normal-5906.png,Normal,data\raw\radiography\COVID-19_Radiography_Dataset\Normal\images\Normal-5906.png
data\processed\labelled_4232\Normal\images\Normal-4537.png,Normal,data\raw\radiography\COVID-19_Radiography_Dataset\Normal\images\Normal-4537.png
data\processed\labelled_4232\Normal\images\Normal-1304.png,Normal,data\raw\radiography\COVID-19_Radiography_Dataset\Normal\images\Normal-1304.png
data\processed\labelled_4232\Normal\images\Normal-1693.png,Normal,data\raw\radiography\COVID-19_Radiography_Dataset\Normal\images\Normal-1693.png
data\processed\labelled_4232\Normal\images\Normal-7723.png,Normal,data\raw\radiography\COVID-19_Radiography_Dataset\Normal\images\Normal-7723.png
data\processed\labelled_4232\Normal\images\Normal-2675.png,Normal,data\raw\radiography\COVID-19_Radiography_Dataset\Normal\images\Normal-2675.png
data\processed\labelled_4232\Normal\images\Normal-8734.png,Normal,data\raw\radiography\COVID-19_Radiography_Dataset\Normal\images\Normal-8734.png
data\processed\labelled_4232\Normal\images\Normal-9322.png,Normal,data\raw\radiography\COVID-19_Radiography_Dataset\Normal\images\Normal-9322.png
data\processed\labelled_4232\Normal\images\Normal-1288.png,Normal,data\raw\radiography\COVID-19_Radiography_Dataset\Normal\images\Normal-1288.png
data\processed\labelled_4232\Normal\images\Normal-4803.png,Normal,data\raw\radiography\COVID-19_Radiography_Dataset\Normal\images\Normal-4803.png
data\processed\labelled_4232\Normal\images\Normal-423.png,Normal,data\raw\radiography\COVID-19_Radiography_Dataset\Normal\images\Normal-423.png
data\processed\labelled_4232\Normal\images\Normal-9653.png,Normal,data\raw\radiography\COVID-19_Radiography_Dataset\Normal\images\Normal-9653.png
data\processed\labelled_4232\Normal\images\Normal-8500.png,Normal,data\raw\radiography\COVID-19_Radiography_Dataset\Normal\images\Normal-8500.png
data\processed\labelled_4232\Normal\images\Normal-6513.png,Normal,data\raw\radiography\COVID-19_Radiography_Dataset\Normal\images\Normal-6513.png
data\processed\labelled_4232\Normal\images\Normal-3949.png,Normal,data\raw\radiography\COVID-19_Radiography_Dataset\Normal\images\Normal-3949.png
data\processed\labelled_4232\Normal\images\Normal-6188.png,Normal,data\raw\radiography\COVID-19_Radiography_Dataset\Normal\images\Normal-6188.png
data\processed\labelled_4232\Normal\images\Normal-4463.png,Normal,data\raw\radiography\COVID-19_Radiography_Dataset\Normal\images\Normal-4463.png
data\processed\labelled_4232\Normal\images\Normal-6537.png,Normal,data\raw\radiography\COVID-19_Radiography_Dataset\Normal\images\Normal-6537.png
data\processed\labelled_4232\Normal\images\Normal-4747.png,Normal,data\raw\radiography\COVID-19_Radiography_Dataset\Normal\images\Normal-4747.png
data\processed\labelled_4232\Normal\images\Normal-1328.png,Normal,data\raw\radiography\COVID-19_Radiography_Dataset\Normal\images\Normal-1328.png
data\processed\labelled_4232\Normal\images\Normal-2539.png,Normal,data\raw\radiography\COVID-19_Radiography_Dataset\Normal\images\Normal-2539.png
data\processed\labelled_4232\Normal\images\Normal-7686.png,Normal,data\raw\radiography\COVID-19_Radiography_Dataset\Normal\images\Normal-7686.png
data\processed\labelled_4232\Normal\images\Normal-187.png,Normal,data\raw\radiography\COVID-19_Radiography_Dataset\Normal\images\Normal-187.png
data\processed\labelled_4232\Normal\images\Normal-6158.png,Normal,data\raw\radiography\COVID-19_Radiography_Dataset\Normal\images\Normal-6158.png
data\processed\labelled_4232\Normal\images\Normal-4203.png,Normal,data\raw\radiography\COVID-19_Radiography_Dataset\Normal\images\Normal-4203.png
data\processed\labelled_4232\Normal\images\Normal-7212.png,Normal,data\raw\radiography\COVID-19_Radiography_Dataset\Normal\images\Normal-7212.png
data\processed\labelled_4232\Normal\images\Normal-2171.png,Normal,data\raw\radiography\COVID-19_Radiography_Dataset\Normal\images\Normal-2171.png
data\processed\labelled_4232\Normal\images\Normal-8435.png,Normal,data\raw\radiography\COVID-19_Radiography_Dataset\Normal\images\Normal-8435.png
data\processed\labelled_4232\Normal\images\Normal-3990.png,Normal,data\raw\radiography\COVID-19_Radiography_Dataset\Normal\images\Normal-3990.png
data\processed\labelled_4232\Normal\images\Normal-4645.png,Normal,data\raw\radiography\COVID-19_Radiography_Dataset\Normal\images\Normal-4645.png
data\processed\labelled_4232\Normal\images\Normal-8337.png,Normal,data\raw\radiography\COVID-19_Radiography_Dataset\Normal\images\Normal-8337.png
data\processed\labelled_4232\Normal\images\Normal-9140.png,Normal,data\raw\radiography\COVID-19_Radiography_Dataset\Normal\images\Normal-9140.png
data\processed\labelled_4232\Normal\images\Normal-141.png,Normal,data\raw\radiography\COVID-19_Radiography_Dataset\Normal\images\Normal-141.png
data\processed\labelled_4232\Normal\images\Normal-147.png,Normal,data\raw\radiography\COVID-19_Radiography_Dataset\Normal\images\Normal-147.png
data\processed\labelled_4232\Normal\images\Normal-6007.png,Normal,data\raw\radiography\COVID-19_Radiography_Dataset\Normal\images\Normal-6007.png
data\processed\labelled_4232\Normal\images\Normal-5372.png,Normal,data\raw\radiography\COVID-19_Radiography_Dataset\Normal\images\Normal-5372.png
data\processed\labelled_4232\Normal\images\Normal-803.png,Normal,data\raw\radiography\COVID-19_Radiography_Dataset\Normal\images\Normal-803.png
data\processed\labelled_4232\Normal\images\Normal-6710.png,Normal,data\raw\radiography\COVID-19_Radiography_Dataset\Normal\images\Normal-6710.png
data\processed\labelled_4232\Normal\images\Normal-2106.png,Normal,data\raw\radiography\COVID-19_Radiography_Dataset\Normal\images\Normal-2106.png
data\processed\labelled_4232\Normal\images\Normal-9356.png,Normal,data\raw\radiography\COVID-19_Radiography_Dataset\Normal\images\Normal-9356.png
data\processed\labelled_4232\Normal\images\Normal-5769.png,Normal,data\raw\radiography\COVID-19_Radiography_Dataset\Normal\images\Normal-5769.png
data\processed\labelled_4232\Normal\images\Normal-1175.png,Normal,data\raw\radiography\COVID-19_Radiography_Dataset\Normal\images\Normal-1175.png
data\processed\labelled_4232\Normal\images\Normal-4667.png,Normal,data\raw\radiography\COVID-19_Radiography_Dataset\Normal\images\Normal-4667.png
data\processed\labelled_4232\Normal\images\Normal-7947.png,Normal,data\raw\radiography\COVID-19_Radiography_Dataset\Normal\images\Normal-7947.png
data\processed\labelled_4232\Normal\images\Normal-1682.png,Normal,data\raw\radiography\COVID-19_Radiography_Dataset\Normal\images\Normal-1682.png
data\processed\labelled_4232\Normal\images\Normal-3071.png,Normal,data\raw\radiography\COVID-19_Radiography_Dataset\Normal\images\Normal-3071.png
data\processed\labelled_4232\Normal\images\Normal-7987.png,Normal,data\raw\radiography\COVID-19_Radiography_Dataset\Normal\images\Normal-7987.png
data\processed\labelled_4232\Normal\images\Normal-7766.png,Normal,data\raw\radiography\COVID-19_Radiography_Dataset\Normal\images\Normal-7766.png
data\processed\labelled_4232\Normal\images\Normal-1111.png,Normal,data\raw\radiography\COVID-19_Radiography_Dataset\Normal\images\Normal-1111.png
data\processed\labelled_4232\Normal\images\Normal-4288.png,Normal,data\raw\radiography\COVID-19_Radiography_Dataset\Normal\images\Normal-4288.png
data\processed\labelled_4232\Normal\images\Normal-5960.png,Normal,data\raw\radiography\COVID-19_Radiography_Dataset\Normal\images\Normal-5960.png
data\processed\labelled_4232\Normal\images\Normal-5870.png,Normal,data\raw\radiography\COVID-19_Radiography_Dataset\Normal\images\Normal-5870.png
data\processed\labelled_4232\Normal\images\Normal-4045.png,Normal,data\raw\radiography\COVID-19_Radiography_Dataset\Normal\images\Normal-4045.png
data\processed\labelled_4232\Normal\images\Normal-6524.png,Normal,data\raw\radiography\COVID-19_Radiography_Dataset\Normal\images\Normal-6524.png
data\processed\labelled_4232\Normal\images\Normal-864.png,Normal,data\raw\radiography\COVID-19_Radiography_Dataset\Normal\images\Normal-864.png
data\processed\labelled_4232\Normal\images\Normal-5749.png,Normal,data\raw\radiography\COVID-19_Radiography_Dataset\Normal\images\Normal-5749.png
data\processed\labelled_4232\Normal\images\Normal-150.png,Normal,data\raw\radiography\COVID-19_Radiography_Dataset\Normal\images\Normal-150.png
data\processed\labelled_4232\Normal\images\Normal-3083.png,Normal,data\raw\radiography\COVID-19_Radiography_Dataset\Normal\images\Normal-3083.png
data\processed\labelled_4232\Normal\images\Normal-2042.png,Normal,data\raw\radiography\COVID-19_Radiography_Dataset\Normal\images\Normal-2042.png
data\processed\labelled_4232\Normal\images\Normal-558.png,Normal,data\raw\radiography\COVID-19_Radiography_Dataset\Normal\images\Normal-558.png
data\processed\labelled_4232\Normal\images\Normal-10079.png,Normal,data\raw\radiography\COVID-19_Radiography_Dataset\Normal\images\Normal-10079.png
data\processed\labelled_4232\Normal\images\Normal-4728.png,Normal,data\raw\radiography\COVID-19_Radiography_Dataset\Normal\images\Normal-4728.png
data\processed\labelled_4232\Normal\images\Normal-10154.png,Normal,data\raw\radiography\COVID-19_Radiography_Dataset\Normal\images\Normal-10154.png
data\processed\labelled_4232\Normal\images\Normal-8953.png,Normal,data\raw\radiography\COVID-19_Radiography_Dataset\Normal\images\Normal-8953.png
data\processed\labelled_4232\Normal\images\Normal-9374.png,Normal,data\raw\radiography\COVID-19_Radiography_Dataset\Normal\images\Normal-9374.png
data\processed\labelled_4232\Normal\images\Normal-6436.png,Normal,data\raw\radiography\COVID-19_Radiography_Dataset\Normal\images\Normal-6436.png
data\processed\labelled_4232\Normal\images\Normal-8139.png,Normal,data\raw\radiography\COVID-19_Radiography_Dataset\Normal\images\Normal-8139.png
data\processed\labelled_4232\Normal\images\Normal-7120.png,Normal,data\raw\radiography\COVID-19_Radiography_Dataset\Normal\images\Normal-7120.png
data\processed\labelled_4232\Normal\images\Normal-10059.png,Normal,data\raw\radiography\COVID-19_Radiography_Dataset\Normal\images\Normal-10059.png
data\processed\labelled_4232\Normal\images\Normal-7864.png,Normal,data\raw\radiography\COVID-19_Radiography_Dataset\Normal\images\Normal-7864.png
data\processed\labelled_4232\Normal\images\Normal-1755.png,Normal,data\raw\radiography\COVID-19_Radiography_Dataset\Normal\images\Normal-1755.png
data\processed\labelled_4232\Normal\images\Normal-4701.png,Normal,data\raw\radiography\COVID-19_Radiography_Dataset\Normal\images\Normal-4701.png
data\processed\labelled_4232\Normal\images\Normal-3720.png,Normal,data\raw\radiography\COVID-19_Radiography_Dataset\Normal\images\Normal-3720.png
data\processed\labelled_4232\Normal\images\Normal-7044.png,Normal,data\raw\radiography\COVID-19_Radiography_Dataset\Normal\images\Normal-7044.png
data\processed\labelled_4232\Normal\images\Normal-5339.png,Normal,data\raw\radiography\COVID-19_Radiography_Dataset\Normal\images\Normal-5339.png
data\processed\labelled_4232\Normal\images\Normal-8829.png,Normal,data\raw\radiography\COVID-19_Radiography_Dataset\Normal\images\Normal-8829.png
data\processed\labelled_4232\Normal\images\Normal-6865.png,Normal,data\raw\radiography\COVID-19_Radiography_Dataset\Normal\images\Normal-6865.png
data\processed\labelled_4232\Normal\images\Normal-1191.png,Normal,data\raw\radiography\COVID-19_Radiography_Dataset\Normal\images\Normal-1191.png
data\processed\labelled_4232\Normal\images\Normal-257.png,Normal,data\raw\radiography\COVID-19_Radiography_Dataset\Normal\images\Normal-257.png
data\processed\labelled_4232\Normal\images\Normal-4873.png,Normal,data\raw\radiography\COVID-19_Radiography_Dataset\Normal\images\Normal-4873.png
data\processed\labelled_4232\Normal\images\Normal-5096.png,Normal,data\raw\radiography\COVID-19_Radiography_Dataset\Normal\images\Normal-5096.png
data\processed\labelled_4232\Normal\images\Normal-2506.png,Normal,data\raw\radiography\COVID-19_Radiography_Dataset\Normal\images\Normal-2506.png
data\processed\labelled_4232\Normal\images\Normal-7295.png,Normal,data\raw\radiography\COVID-19_Radiography_Dataset\Normal\images\Normal-7295.png
data\processed\labelled_4232\Normal\images\Normal-8481.png,Normal,data\raw\radiography\COVID-19_Radiography_Dataset\Normal\images\Normal-8481.png
data\processed\labelled_4232\Normal\images\Normal-9300.png,Normal,data\raw\radiography\COVID-19_Radiography_Dataset\Normal\images\Normal-9300.png
data\processed\labelled_4232\Normal\images\Normal-8106.png,Normal,data\raw\radiography\COVID-19_Radiography_Dataset\Normal\images\Normal-8106.png
data\processed\labelled_4232\Normal\images\Normal-9694.png,Normal,data\raw\radiography\COVID-19_Radiography_Dataset\Normal\images\Normal-9694.png
data\processed\labelled_4232\Normal\images\Normal-5036.png,Normal,data\raw\radiography\COVID-19_Radiography_Dataset\Normal\images\Normal-5036.png
data\processed\labelled_4232\Normal\images\Normal-5348.png,Normal,data\raw\radiography\COVID-19_Radiography_Dataset\Normal\images\Normal-5348.png
data\processed\labelled_4232\Normal\images\Normal-4074.png,Normal,data\raw\radiography\COVID-19_Radiography_Dataset\Normal\images\Normal-4074.png
data\processed\labelled_4232\Normal\images\Normal-9325.png,Normal,data\raw\radiography\COVID-19_Radiography_Dataset\Normal\images\Normal-9325.png
data\processed\labelled_4232\Normal\images\Normal-2036.png,Normal,data\raw\radiography\COVID-19_Radiography_Dataset\Normal\images\Normal-2036.png
data\processed\labelled_4232\Normal\images\Normal-5569.png,Normal,data\raw\radiography\COVID-19_Radiography_Dataset\Normal\images\Normal-5569.png
data\processed\labelled_4232\Normal\images\Normal-2796.png,Normal,data\raw\radiography\COVID-19_Radiography_Dataset\Normal\images\Normal-2796.png
data\processed\labelled_4232\Normal\images\Normal-8529.png,Normal,data\raw\radiography\COVID-19_Radiography_Dataset\Normal\images\Normal-8529.png
data\processed\labelled_4232\Normal\images\Normal-7443.png,Normal,data\raw\radiography\COVID-19_Radiography_Dataset\Normal\images\Normal-7443.png
data\processed\labelled_4232\Normal\images\Normal-1633.png,Normal,data\raw\radiography\COVID-19_Radiography_Dataset\Normal\images\Normal-1633.png
data\processed\labelled_4232\Normal\images\Normal-1688.png,Normal,data\raw\radiography\COVID-19_Radiography_Dataset\Normal\images\Normal-1688.png
data\processed\labelled_4232\Normal\images\Normal-3222.png,Normal,data\raw\radiography\COVID-19_Radiography_Dataset\Normal\images\Normal-3222.png
data\processed\labelled_4232\Normal\images\Normal-3760.png,Normal,data\raw\radiography\COVID-19_Radiography_Dataset\Normal\images\Normal-3760.png
data\processed\labelled_4232\Normal\images\Normal-929.png,Normal,data\raw\radiography\COVID-19_Radiography_Dataset\Normal\images\Normal-929.png
data\processed\labelled_4232\Normal\images\Normal-4601.png,Normal,data\raw\radiography\COVID-19_Radiography_Dataset\Normal\images\Normal-4601.png
data\processed\labelled_4232\Normal\images\Normal-2046.png,Normal,data\raw\radiography\COVID-19_Radiography_Dataset\Normal\images\Normal-2046.png
data\processed\labelled_4232\Normal\images\Normal-1483.png,Normal,data\raw\radiography\COVID-19_Radiography_Dataset\Normal\images\Normal-1483.png
data\processed\labelled_4232\Normal\images\Normal-7248.png,Normal,data\raw\radiography\COVID-19_Radiography_Dataset\Normal\images\Normal-7248.png
data\processed\labelled_4232\Normal\images\Normal-2114.png,Normal,data\raw\radiography\COVID-19_Radiography_Dataset\Normal\images\Normal-2114.png
data\processed\labelled_4232\Normal\images\Normal-4974.png,Normal,data\raw\radiography\COVID-19_Radiography_Dataset\Normal\images\Normal-4974.png
data\processed\labelled_4232\Normal\images\Normal-5706.png,Normal,data\raw\radiography\COVID-19_Radiography_Dataset\Normal\images\Normal-5706.png
data\processed\labelled_4232\Normal\images\Normal-4948.png,Normal,data\raw\radiography\COVID-19_Radiography_Dataset\Normal\images\Normal-4948.png
data\processed\labelled_4232\Normal\images\Normal-1877.png,Normal,data\raw\radiography\COVID-19_Radiography_Dataset\Normal\images\Normal-1877.png
data\processed\labelled_4232\Normal\images\Normal-8240.png,Normal,data\raw\radiography\COVID-19_Radiography_Dataset\Normal\images\Normal-8240.png
data\processed\labelled_4232\Normal\images\Normal-6967.png,Normal,data\raw\radiography\COVID-19_Radiography_Dataset\Normal\images\Normal-6967.png
data\processed\labelled_4232\Normal\images\Normal-7050.png,Normal,data\raw\radiography\COVID-19_Radiography_Dataset\Normal\images\Normal-7050.png
data\processed\labelled_4232\Normal\images\Normal-3843.png,Normal,data\raw\radiography\COVID-19_Radiography_Dataset\Normal\images\Normal-3843.png
data\processed\labelled_4232\Normal\images\Normal-7884.png,Normal,data\raw\radiography\COVID-19_Radiography_Dataset\Normal\images\Normal-7884.png
data\processed\labelled_4232\Normal\images\Normal-4435.png,Normal,data\raw\radiography\COVID-19_Radiography_Dataset\Normal\images\Normal-4435.png
data\processed\labelled_4232\Normal\images\Normal-643.png,Normal,data\raw\radiography\COVID-19_Radiography_Dataset\Normal\images\Normal-643.png
data\processed\labelled_4232\Normal\images\Normal-1381.png,Normal,data\raw\radiography\COVID-19_Radiography_Dataset\Normal\images\Normal-1381.png
data\processed\labelled_4232\Normal\images\Normal-7728.png,Normal,data\raw\radiography\COVID-19_Radiography_Dataset\Normal\images\Normal-7728.png
data\processed\labelled_4232\Normal\images\Normal-8851.png,Normal,data\raw\radiography\COVID-19_Radiography_Dataset\Normal\images\Normal-8851.png
data\processed\labelled_4232\Normal\images\Normal-680.png,Normal,data\raw\radiography\COVID-19_Radiography_Dataset\Normal\images\Normal-680.png
data\processed\labelled_4232\Normal\images\Normal-10032.png,Normal,data\raw\radiography\COVID-19_Radiography_Dataset\Normal\images\Normal-10032.png
data\processed\labelled_4232\Normal\images\Normal-3318.png,Normal,data\raw\radiography\COVID-19_Radiography_Dataset\Normal\images\Normal-3318.png
data\processed\labelled_4232\Normal\images\Normal-4187.png,Normal,data\raw\radiography\COVID-19_Radiography_Dataset\Normal\images\Normal-4187.png
data\processed\labelled_4232\Normal\images\Normal-1836.png,Normal,data\raw\radiography\COVID-19_Radiography_Dataset\Normal\images\Normal-1836.png
data\processed\labelled_4232\Normal\images\Normal-5763.png,Normal,data\raw\radiography\COVID-19_Radiography_Dataset\Normal\images\Normal-5763.png
data\processed\labelled_4232\Normal\images\Normal-421.png,Normal,data\raw\radiography\COVID-19_Radiography_Dataset\Normal\images\Normal-421.png
data\processed\labelled_4232\Normal\images\Normal-3029.png,Normal,data\raw\radiography\COVID-19_Radiography_Dataset\Normal\images\Normal-3029.png
data\processed\labelled_4232\Normal\images\Normal-7267.png,Normal,data\raw\radiography\COVID-19_Radiography_Dataset\Normal\images\Normal-7267.png
data\processed\labelled_4232\Normal\images\Normal-5898.png,Normal,data\raw\radiography\COVID-19_Radiography_Dataset\Normal\images\Normal-5898.png
data\processed\labelled_4232\Normal\images\Normal-2698.png,Normal,data\raw\radiography\COVID-19_Radiography_Dataset\Normal\images\Normal-2698.png
data\processed\labelled_4232\Normal\images\Normal-5258.png,Normal,data\raw\radiography\COVID-19_Radiography_Dataset\Normal\images\Normal-5258.png
data\processed\labelled_4232\Normal\images\Normal-8832.png,Normal,data\raw\radiography\COVID-19_Radiography_Dataset\Normal\images\Normal-8832.png
data\processed\labelled_4232\Normal\images\Normal-6849.png,Normal,data\raw\radiography\COVID-19_Radiography_Dataset\Normal\images\Normal-6849.png
data\processed\labelled_4232\Normal\images\Normal-319.png,Normal,data\raw\radiography\COVID-19_Radiography_Dataset\Normal\images\Normal-319.png
data\processed\labelled_4232\Normal\images\Normal-4635.png,Normal,data\raw\radiography\COVID-19_Radiography_Dataset\Normal\images\Normal-4635.png
data\processed\labelled_4232\Normal\images\Normal-57.png,Normal,data\raw\radiography\COVID-19_Radiography_Dataset\Normal\images\Normal-57.png
data\processed\labelled_4232\Normal\images\Normal-3315.png,Normal,data\raw\radiography\COVID-19_Radiography_Dataset\Normal\images\Normal-3315.png
data\processed\labelled_4232\Normal\images\Normal-4977.png,Normal,data\raw\radiography\COVID-19_Radiography_Dataset\Normal\images\Normal-4977.png
data\processed\labelled_4232\Normal\images\Normal-4800.png,Normal,data\raw\radiography\COVID-19_Radiography_Dataset\Normal\images\Normal-4800.png
data\processed\labelled_4232\Normal\images\Normal-8487.png,Normal,data\raw\radiography\COVID-19_Radiography_Dataset\Normal\images\Normal-8487.png
data\processed\labelled_4232\Normal\images\Normal-6611.png,Normal,data\raw\radiography\COVID-19_Radiography_Dataset\Normal\images\Normal-6611.png
data\processed\labelled_4232\Normal\images\Normal-4316.png,Normal,data\raw\radiography\COVID-19_Radiography_Dataset\Normal\images\Normal-4316.png
data\processed\labelled_4232\Normal\images\Normal-3643.png,Normal,data\raw\radiography\COVID-19_Radiography_Dataset\Normal\images\Normal-3643.png
data\processed\labelled_4232\Normal\images\Normal-9023.png,Normal,data\raw\radiography\COVID-19_Radiography_Dataset\Normal\images\Normal-9023.png
data\processed\labelled_4232\Normal\images\Normal-6440.png,Normal,data\raw\radiography\COVID-19_Radiography_Dataset\Normal\images\Normal-6440.png
data\processed\labelled_4232\Normal\images\Normal-6046.png,Normal,data\raw\radiography\COVID-19_Radiography_Dataset\Normal\images\Normal-6046.png
data\processed\labelled_4232\Normal\images\Normal-2865.png,Normal,data\raw\radiography\COVID-19_Radiography_Dataset\Normal\images\Normal-2865.png
data\processed\labelled_4232\Normal\images\Normal-5801.png,Normal,data\raw\radiography\COVID-19_Radiography_Dataset\Normal\images\Normal-5801.png
data\processed\labelled_4232\Normal\images\Normal-4362.png,Normal,data\raw\radiography\COVID-19_Radiography_Dataset\Normal\images\Normal-4362.png
data\processed\labelled_4232\Normal\images\Normal-5507.png,Normal,data\raw\radiography\COVID-19_Radiography_Dataset\Normal\images\Normal-5507.png
data\processed\labelled_4232\Normal\images\Normal-4338.png,Normal,data\raw\radiography\COVID-19_Radiography_Dataset\Normal\images\Normal-4338.png
data\processed\labelled_4232\Normal\images\Normal-1071.png,Normal,data\raw\radiography\COVID-19_Radiography_Dataset\Normal\images\Normal-1071.png
data\processed\labelled_4232\Normal\images\Normal-1526.png,Normal,data\raw\radiography\COVID-19_Radiography_Dataset\Normal\images\Normal-1526.png
data\processed\labelled_4232\Normal\images\Normal-1241.png,Normal,data\raw\radiography\COVID-19_Radiography_Dataset\Normal\images\Normal-1241.png
data\processed\labelled_4232\Normal\images\Normal-1214.png,Normal,data\raw\radiography\COVID-19_Radiography_Dataset\Normal\images\Normal-1214.png
data\processed\labelled_4232\Normal\images\Normal-2341.png,Normal,data\raw\radiography\COVID-19_Radiography_Dataset\Normal\images\Normal-2341.png
data\processed\labelled_4232\Normal\images\Normal-8296.png,Normal,data\raw\radiography\COVID-19_Radiography_Dataset\Normal\images\Normal-8296.png
data\processed\labelled_4232\Normal\images\Normal-3469.png,Normal,data\raw\radiography\COVID-19_Radiography_Dataset\Normal\images\Normal-3469.png
data\processed\labelled_4232\Normal\images\Normal-7348.png,Normal,data\raw\radiography\COVID-19_Radiography_Dataset\Normal\images\Normal-7348.png
data\processed\labelled_4232\Normal\images\Normal-4182.png,Normal,data\raw\radiography\COVID-19_Radiography_Dataset\Normal\images\Normal-4182.png
data\processed\labelled_4232\Normal\images\Normal-5259.png,Normal,data\raw\radiography\COVID-19_Radiography_Dataset\Normal\images\Normal-5259.png
data\processed\labelled_4232\Normal\images\Normal-6190.png,Normal,data\raw\radiography\COVID-19_Radiography_Dataset\Normal\images\Normal-6190.png
data\processed\labelled_4232\Normal\images\Normal-10102.png,Normal,data\raw\radiography\COVID-19_Radiography_Dataset\Normal\images\Normal-10102.png
data\processed\labelled_4232\Normal\images\Normal-6568.png,Normal,data\raw\radiography\COVID-19_Radiography_Dataset\Normal\images\Normal-6568.png
data\processed\labelled_4232\Normal\images\Normal-9914.png,Normal,data\raw\radiography\COVID-19_Radiography_Dataset\Normal\images\Normal-9914.png
data\processed\labelled_4232\Normal\images\Normal-7923.png,Normal,data\raw\radiography\COVID-19_Radiography_Dataset\Normal\images\Normal-7923.png
data\processed\labelled_4232\Normal\images\Normal-4157.png,Normal,data\raw\radiography\COVID-19_Radiography_Dataset\Normal\images\Normal-4157.png
data\processed\labelled_4232\Normal\images\Normal-8716.png,Normal,data\raw\radiography\COVID-19_Radiography_Dataset\Normal\images\Normal-8716.png
data\processed\labelled_4232\Normal\images\Normal-4930.png,Normal,data\raw\radiography\COVID-19_Radiography_Dataset\Normal\images\Normal-4930.png
data\processed\labelled_4232\Normal\images\Normal-5046.png,Normal,data\raw\radiography\COVID-19_Radiography_Dataset\Normal\images\Normal-5046.png
data\processed\labelled_4232\Normal\images\Normal-3528.png,Normal,data\raw\radiography\COVID-19_Radiography_Dataset\Normal\images\Normal-3528.png
data\processed\labelled_4232\Normal\images\Normal-7816.png,Normal,data\raw\radiography\COVID-19_Radiography_Dataset\Normal\images\Normal-7816.png
data\processed\labelled_4232\Normal\images\Normal-9018.png,Normal,data\raw\radiography\COVID-19_Radiography_Dataset\Normal\images\Normal-9018.png
data\processed\labelled_4232\Normal\images\Normal-9062.png,Normal,data\raw\radiography\COVID-19_Radiography_Dataset\Normal\images\Normal-9062.png
data\processed\labelled_4232\Normal\images\Normal-9811.png,Normal,data\raw\radiography\COVID-19_Radiography_Dataset\Normal\images\Normal-9811.png
data\processed\labelled_4232\Normal\images\Normal-8014.png,Normal,data\raw\radiography\COVID-19_Radiography_Dataset\Normal\images\Normal-8014.png
data\processed\labelled_4232\Normal\images\Normal-59.png,Normal,data\raw\radiography\COVID-19_Radiography_Dataset\Normal\images\Normal-59.png
data\processed\labelled_4232\Normal\images\Normal-681.png,Normal,data\raw\radiography\COVID-19_Radiography_Dataset\Normal\images\Normal-681.png
data\processed\labelled_4232\Normal\images\Normal-5079.png,Normal,data\raw\radiography\COVID-19_Radiography_Dataset\Normal\images\Normal-5079.png
data\processed\labelled_4232\Normal\images\Normal-2624.png,Normal,data\raw\radiography\COVID-19_Radiography_Dataset\Normal\images\Normal-2624.png
data\processed\labelled_4232\Normal\images\Normal-9365.png,Normal,data\raw\radiography\COVID-19_Radiography_Dataset\Normal\images\Normal-9365.png
data\processed\labelled_4232\Normal\images\Normal-1174.png,Normal,data\raw\radiography\COVID-19_Radiography_Dataset\Normal\images\Normal-1174.png
data\processed\labelled_4232\Normal\images\Normal-144.png,Normal,data\raw\radiography\COVID-19_Radiography_Dataset\Normal\images\Normal-144.png
data\processed\labelled_4232\Normal\images\Normal-3127.png,Normal,data\raw\radiography\COVID-19_Radiography_Dataset\Normal\images\Normal-3127.png
data\processed\labelled_4232\Normal\images\Normal-2259.png,Normal,data\raw\radiography\COVID-19_Radiography_Dataset\Normal\images\Normal-2259.png
data\processed\labelled_4232\Normal\images\Normal-7268.png,Normal,data\raw\radiography\COVID-19_Radiography_Dataset\Normal\images\Normal-7268.png
data\processed\labelled_4232\Normal\images\Normal-7453.png,Normal,data\raw\radiography\COVID-19_Radiography_Dataset\Normal\images\Normal-7453.png
data\processed\labelled_4232\Normal\images\Normal-6273.png,Normal,data\raw\radiography\COVID-19_Radiography_Dataset\Normal\images\Normal-6273.png
data\processed\labelled_4232\Normal\images\Normal-8035.png,Normal,data\raw\radiography\COVID-19_Radiography_Dataset\Normal\images\Normal-8035.png
data\processed\labelled_4232\Normal\images\Normal-1812.png,Normal,data\raw\radiography\COVID-19_Radiography_Dataset\Normal\images\Normal-1812.png
data\processed\labelled_4232\Normal\images\Normal-5533.png,Normal,data\raw\radiography\COVID-19_Radiography_Dataset\Normal\images\Normal-5533.png
data\processed\labelled_4232\Normal\images\Normal-6169.png,Normal,data\raw\radiography\COVID-19_Radiography_Dataset\Normal\images\Normal-6169.png
data\processed\labelled_4232\Normal\images\Normal-8201.png,Normal,data\raw\radiography\COVID-19_Radiography_Dataset\Normal\images\Normal-8201.png
data\processed\labelled_4232\Normal\images\Normal-6813.png,Normal,data\raw\radiography\COVID-19_Radiography_Dataset\Normal\images\Normal-6813.png
data\processed\labelled_4232\Normal\images\Normal-3149.png,Normal,data\raw\radiography\COVID-19_Radiography_Dataset\Normal\images\Normal-3149.png
data\processed\labelled_4232\Normal\images\Normal-6808.png,Normal,data\raw\radiography\COVID-19_Radiography_Dataset\Normal\images\Normal-6808.png
data\processed\labelled_4232\Normal\images\Normal-7174.png,Normal,data\raw\radiography\COVID-19_Radiography_Dataset\Normal\images\Normal-7174.png
data\processed\labelled_4232\Normal\images\Normal-5018.png,Normal,data\raw\radiography\COVID-19_Radiography_Dataset\Normal\images\Normal-5018.png
data\processed\labelled_4232\Normal\images\Normal-8492.png,Normal,data\raw\radiography\COVID-19_Radiography_Dataset\Normal\images\Normal-8492.png
data\processed\labelled_4232\Normal\images\Normal-458.png,Normal,data\raw\radiography\COVID-19_Radiography_Dataset\Normal\images\Normal-458.png
data\processed\labelled_4232\Normal\images\Normal-618.png,Normal,data\raw\radiography\COVID-19_Radiography_Dataset\Normal\images\Normal-618.png
data\processed\labelled_4232\Normal\images\Normal-1629.png,Normal,data\raw\radiography\COVID-19_Radiography_Dataset\Normal\images\Normal-1629.png
data\processed\labelled_4232\Normal\images\Normal-4622.png,Normal,data\raw\radiography\COVID-19_Radiography_Dataset\Normal\images\Normal-4622.png
data\processed\labelled_4232\Normal\images\Normal-8897.png,Normal,data\raw\radiography\COVID-19_Radiography_Dataset\Normal\images\Normal-8897.png
data\processed\labelled_4232\Normal\images\Normal-4439.png,Normal,data\raw\radiography\COVID-19_Radiography_Dataset\Normal\images\Normal-4439.png
data\processed\labelled_4232\Normal\images\Normal-1019.png,Normal,data\raw\radiography\COVID-19_Radiography_Dataset\Normal\images\Normal-1019.png
data\processed\labelled_4232\Normal\images\Normal-7299.png,Normal,data\raw\radiography\COVID-19_Radiography_Dataset\Normal\images\Normal-7299.png
data\processed\labelled_4232\Normal\images\Normal-5944.png,Normal,data\raw\radiography\COVID-19_Radiography_Dataset\Normal\images\Normal-5944.png
data\processed\labelled_4232\Normal\images\Normal-1239.png,Normal,data\raw\radiography\COVID-19_Radiography_Dataset\Normal\images\Normal-1239.png
data\processed\labelled_4232\Normal\images\Normal-9512.png,Normal,data\raw\radiography\COVID-19_Radiography_Dataset\Normal\images\Normal-9512.png
data\processed\labelled_4232\Normal\images\Normal-7757.png,Normal,data\raw\radiography\COVID-19_Radiography_Dataset\Normal\images\Normal-7757.png
data\processed\labelled_4232\Normal\images\Normal-3724.png,Normal,data\raw\radiography\COVID-19_Radiography_Dataset\Normal\images\Normal-3724.png
data\processed\labelled_4232\Normal\images\Normal-9573.png,Normal,data\raw\radiography\COVID-19_Radiography_Dataset\Normal\images\Normal-9573.png
data\processed\labelled_4232\Normal\images\Normal-8780.png,Normal,data\raw\radiography\COVID-19_Radiography_Dataset\Normal\images\Normal-8780.png
data\processed\labelled_4232\Normal\images\Normal-5630.png,Normal,data\raw\radiography\COVID-19_Radiography_Dataset\Normal\images\Normal-5630.png
data\processed\labelled_4232\Normal\images\Normal-5824.png,Normal,data\raw\radiography\COVID-19_Radiography_Dataset\Normal\images\Normal-5824.png
data\processed\labelled_4232\Normal\images\Normal-2096.png,Normal,data\raw\radiography\COVID-19_Radiography_Dataset\Normal\images\Normal-2096.png
data\processed\labelled_4232\Normal\images\Normal-5506.png,Normal,data\raw\radiography\COVID-19_Radiography_Dataset\Normal\images\Normal-5506.png
data\processed\labelled_4232\Normal\images\Normal-206.png,Normal,data\raw\radiography\COVID-19_Radiography_Dataset\Normal\images\Normal-206.png
data\processed\labelled_4232\Normal\images\Normal-1611.png,Normal,data\raw\radiography\COVID-19_Radiography_Dataset\Normal\images\Normal-1611.png
data\processed\labelled_4232\Normal\images\Normal-4636.png,Normal,data\raw\radiography\COVID-19_Radiography_Dataset\Normal\images\Normal-4636.png
data\processed\labelled_4232\Normal\images\Normal-8229.png,Normal,data\raw\radiography\COVID-19_Radiography_Dataset\Normal\images\Normal-8229.png
data\processed\labelled_4232\Normal\images\Normal-8421.png,Normal,data\raw\radiography\COVID-19_Radiography_Dataset\Normal\images\Normal-8421.png
data\processed\labelled_4232\Normal\images\Normal-8440.png,Normal,data\raw\radiography\COVID-19_Radiography_Dataset\Normal\images\Normal-8440.png
data\processed\labelled_4232\Normal\images\Normal-6.png,Normal,data\raw\radiography\COVID-19_Radiography_Dataset\Normal\images\Normal-6.png
data\processed\labelled_4232\Normal\images\Normal-6470.png,Normal,data\raw\radiography\COVID-19_Radiography_Dataset\Normal\images\Normal-6470.png
data\processed\labelled_4232\Normal\images\Normal-2818.png,Normal,data\raw\radiography\COVID-19_Radiography_Dataset\Normal\images\Normal-2818.png
data\processed\labelled_4232\Normal\images\Normal-5437.png,Normal,data\raw\radiography\COVID-19_Radiography_Dataset\Normal\images\Normal-5437.png
data\processed\labelled_4232\Normal\images\Normal-10018.png,Normal,data\raw\radiography\COVID-19_Radiography_Dataset\Normal\images\Normal-10018.png
data\processed\labelled_4232\Normal\images\Normal-9111.png,Normal,data\raw\radiography\COVID-19_Radiography_Dataset\Normal\images\Normal-9111.png
data\processed\labelled_4232\Normal\images\Normal-1691.png,Normal,data\raw\radiography\COVID-19_Radiography_Dataset\Normal\images\Normal-1691.png
data\processed\labelled_4232\Normal\images\Normal-1115.png,Normal,data\raw\radiography\COVID-19_Radiography_Dataset\Normal\images\Normal-1115.png
data\processed\labelled_4232\Normal\images\Normal-2900.png,Normal,data\raw\radiography\COVID-19_Radiography_Dataset\Normal\images\Normal-2900.png
data\processed\labelled_4232\Normal\images\Normal-7790.png,Normal,data\raw\radiography\COVID-19_Radiography_Dataset\Normal\images\Normal-7790.png
data\processed\labelled_4232\Normal\images\Normal-2474.png,Normal,data\raw\radiography\COVID-19_Radiography_Dataset\Normal\images\Normal-2474.png
data\processed\labelled_4232\Normal\images\Normal-9551.png,Normal,data\raw\radiography\COVID-19_Radiography_Dataset\Normal\images\Normal-9551.png
data\processed\labelled_4232\Normal\images\Normal-7305.png,Normal,data\raw\radiography\COVID-19_Radiography_Dataset\Normal\images\Normal-7305.png
data\processed\labelled_4232\Normal\images\Normal-46.png,Normal,data\raw\radiography\COVID-19_Radiography_Dataset\Normal\images\Normal-46.png
data\processed\labelled_4232\Normal\images\Normal-4919.png,Normal,data\raw\radiography\COVID-19_Radiography_Dataset\Normal\images\Normal-4919.png
data\processed\labelled_4232\Normal\images\Normal-3194.png,Normal,data\raw\radiography\COVID-19_Radiography_Dataset\Normal\images\Normal-3194.png
data\processed\labelled_4232\Normal\images\Normal-7417.png,Normal,data\raw\radiography\COVID-19_Radiography_Dataset\Normal\images\Normal-7417.png
data\processed\labelled_4232\Normal\images\Normal-4124.png,Normal,data\raw\radiography\COVID-19_Radiography_Dataset\Normal\images\Normal-4124.png
data\processed\labelled_4232\Normal\images\Normal-607.png,Normal,data\raw\radiography\COVID-19_Radiography_Dataset\Normal\images\Normal-607.png
data\processed\labelled_4232\Normal\images\Normal-3445.png,Normal,data\raw\radiography\COVID-19_Radiography_Dataset\Normal\images\Normal-3445.png
data\processed\labelled_4232\Normal\images\Normal-2320.png,Normal,data\raw\radiography\COVID-19_Radiography_Dataset\Normal\images\Normal-2320.png
data\processed\labelled_4232\Normal\images\Normal-4473.png,Normal,data\raw\radiography\COVID-19_Radiography_Dataset\Normal\images\Normal-4473.png
data\processed\labelled_4232\Normal\images\Normal-8155.png,Normal,data\raw\radiography\COVID-19_Radiography_Dataset\Normal\images\Normal-8155.png
data\processed\labelled_4232\Normal\images\Normal-113.png,Normal,data\raw\radiography\COVID-19_Radiography_Dataset\Normal\images\Normal-113.png
data\processed\labelled_4232\Normal\images\Normal-691.png,Normal,data\raw\radiography\COVID-19_Radiography_Dataset\Normal\images\Normal-691.png
data\processed\labelled_4232\Normal\images\Normal-8540.png,Normal,data\raw\radiography\COVID-19_Radiography_Dataset\Normal\images\Normal-8540.png
data\processed\labelled_4232\Normal\images\Normal-2982.png,Normal,data\raw\radiography\COVID-19_Radiography_Dataset\Normal\images\Normal-2982.png
data\processed\labelled_4232\Normal\images\Normal-8704.png,Normal,data\raw\radiography\COVID-19_Radiography_Dataset\Normal\images\Normal-8704.png
data\processed\labelled_4232\Normal\images\Normal-9126.png,Normal,data\raw\radiography\COVID-19_Radiography_Dataset\Normal\images\Normal-9126.png
data\processed\labelled_4232\Normal\images\Normal-4534.png,Normal,data\raw\radiography\COVID-19_Radiography_Dataset\Normal\images\Normal-4534.png
data\processed\labelled_4232\Normal\images\Normal-8248.png,Normal,data\raw\radiography\COVID-19_Radiography_Dataset\Normal\images\Normal-8248.png
data\processed\labelled_4232\Normal\images\Normal-6523.png,Normal,data\raw\radiography\COVID-19_Radiography_Dataset\Normal\images\Normal-6523.png
data\processed\labelled_4232\Normal\images\Normal-5283.png,Normal,data\raw\radiography\COVID-19_Radiography_Dataset\Normal\images\Normal-5283.png
data\processed\labelled_4232\Normal\images\Normal-4448.png,Normal,data\raw\radiography\COVID-19_Radiography_Dataset\Normal\images\Normal-4448.png
data\processed\labelled_4232\Normal\images\Normal-7462.png,Normal,data\raw\radiography\COVID-19_Radiography_Dataset\Normal\images\Normal-7462.png
data\processed\labelled_4232\Normal\images\Normal-5508.png,Normal,data\raw\radiography\COVID-19_Radiography_Dataset\Normal\images\Normal-5508.png
data\processed\labelled_4232\Normal\images\Normal-2677.png,Normal,data\raw\radiography\COVID-19_Radiography_Dataset\Normal\images\Normal-2677.png
data\processed\labelled_4232\Normal\images\Normal-7688.png,Normal,data\raw\radiography\COVID-19_Radiography_Dataset\Normal\images\Normal-7688.png
data\processed\labelled_4232\Normal\images\Normal-6800.png,Normal,data\raw\radiography\COVID-19_Radiography_Dataset\Normal\images\Normal-6800.png
data\processed\labelled_4232\Normal\images\Normal-6787.png,Normal,data\raw\radiography\COVID-19_Radiography_Dataset\Normal\images\Normal-6787.png
data\processed\labelled_4232\Normal\images\Normal-8954.png,Normal,data\raw\radiography\COVID-19_Radiography_Dataset\Normal\images\Normal-8954.png
data\processed\labelled_4232\Normal\images\Normal-6306.png,Normal,data\raw\radiography\COVID-19_Radiography_Dataset\Normal\images\Normal-6306.png
data\processed\labelled_4232\Normal\images\Normal-2775.png,Normal,data\raw\radiography\COVID-19_Radiography_Dataset\Normal\images\Normal-2775.png
data\processed\labelled_4232\Normal\images\Normal-5362.png,Normal,data\raw\radiography\COVID-19_Radiography_Dataset\Normal\images\Normal-5362.png
data\processed\labelled_4232\Normal\images\Normal-8186.png,Normal,data\raw\radiography\COVID-19_Radiography_Dataset\Normal\images\Normal-8186.png
data\processed\labelled_4232\Normal\images\Normal-779.png,Normal,data\raw\radiography\COVID-19_Radiography_Dataset\Normal\images\Normal-779.png
data\processed\labelled_4232\Normal\images\Normal-1595.png,Normal,data\raw\radiography\COVID-19_Radiography_Dataset\Normal\images\Normal-1595.png
data\processed\labelled_4232\Normal\images\Normal-1435.png,Normal,data\raw\radiography\COVID-19_Radiography_Dataset\Normal\images\Normal-1435.png
data\processed\labelled_4232\Normal\images\Normal-8495.png,Normal,data\raw\radiography\COVID-19_Radiography_Dataset\Normal\images\Normal-8495.png
data\processed\labelled_4232\Normal\images\Normal-7633.png,Normal,data\raw\radiography\COVID-19_Radiography_Dataset\Normal\images\Normal-7633.png
data\processed\labelled_4232\Normal\images\Normal-3728.png,Normal,data\raw\radiography\COVID-19_Radiography_Dataset\Normal\images\Normal-3728.png
data\processed\labelled_4232\Normal\images\Normal-7404.png,Normal,data\raw\radiography\COVID-19_Radiography_Dataset\Normal\images\Normal-7404.png
data\processed\labelled_4232\Normal\images\Normal-5010.png,Normal,data\raw\radiography\COVID-19_Radiography_Dataset\Normal\images\Normal-5010.png
data\processed\labelled_4232\Normal\images\Normal-2420.png,Normal,data\raw\radiography\COVID-19_Radiography_Dataset\Normal\images\Normal-2420.png
data\processed\labelled_4232\Normal\images\Normal-2123.png,Normal,data\raw\radiography\COVID-19_Radiography_Dataset\Normal\images\Normal-2123.png
data\processed\labelled_4232\Normal\images\Normal-1805.png,Normal,data\raw\radiography\COVID-19_Radiography_Dataset\Normal\images\Normal-1805.png
data\processed\labelled_4232\Normal\images\Normal-7508.png,Normal,data\raw\radiography\COVID-19_Radiography_Dataset\Normal\images\Normal-7508.png
data\processed\labelled_4232\Normal\images\Normal-2943.png,Normal,data\raw\radiography\COVID-19_Radiography_Dataset\Normal\images\Normal-2943.png
data\processed\labelled_4232\Normal\images\Normal-4964.png,Normal,data\raw\radiography\COVID-19_Radiography_Dataset\Normal\images\Normal-4964.png
data\processed\labelled_4232\Normal\images\Normal-1937.png,Normal,data\raw\radiography\COVID-19_Radiography_Dataset\Normal\images\Normal-1937.png
data\processed\labelled_4232\Normal\images\Normal-8677.png,Normal,data\raw\radiography\COVID-19_Radiography_Dataset\Normal\images\Normal-8677.png
data\processed\labelled_4232\Normal\images\Normal-207.png,Normal,data\raw\radiography\COVID-19_Radiography_Dataset\Normal\images\Normal-207.png
data\processed\labelled_4232\Normal\images\Normal-8523.png,Normal,data\raw\radiography\COVID-19_Radiography_Dataset\Normal\images\Normal-8523.png
data\processed\labelled_4232\Normal\images\Normal-1601.png,Normal,data\raw\radiography\COVID-19_Radiography_Dataset\Normal\images\Normal-1601.png
data\processed\labelled_4232\Normal\images\Normal-4022.png,Normal,data\raw\radiography\COVID-19_Radiography_Dataset\Normal\images\Normal-4022.png
data\processed\labelled_4232\Normal\images\Normal-6858.png,Normal,data\raw\radiography\COVID-19_Radiography_Dataset\Normal\images\Normal-6858.png
data\processed\labelled_4232\Normal\images\Normal-1056.png,Normal,data\raw\radiography\COVID-19_Radiography_Dataset\Normal\images\Normal-1056.png
data\processed\labelled_4232\Normal\images\Normal-3523.png,Normal,data\raw\radiography\COVID-19_Radiography_Dataset\Normal\images\Normal-3523.png
data\processed\labelled_4232\Normal\images\Normal-2076.png,Normal,data\raw\radiography\COVID-19_Radiography_Dataset\Normal\images\Normal-2076.png
data\processed\labelled_4232\Normal\images\Normal-5993.png,Normal,data\raw\radiography\COVID-19_Radiography_Dataset\Normal\images\Normal-5993.png
data\processed\labelled_4232\Normal\images\Normal-3337.png,Normal,data\raw\radiography\COVID-19_Radiography_Dataset\Normal\images\Normal-3337.png
data\processed\labelled_4232\Normal\images\Normal-1016.png,Normal,data\raw\radiography\COVID-19_Radiography_Dataset\Normal\images\Normal-1016.png
data\processed\labelled_4232\Normal\images\Normal-4443.png,Normal,data\raw\radiography\COVID-19_Radiography_Dataset\Normal\images\Normal-4443.png
data\processed\labelled_4232\Normal\images\Normal-4105.png,Normal,data\raw\radiography\COVID-19_Radiography_Dataset\Normal\images\Normal-4105.png
data\processed\labelled_4232\Normal\images\Normal-8741.png,Normal,data\raw\radiography\COVID-19_Radiography_Dataset\Normal\images\Normal-8741.png
data\processed\labelled_4232\Normal\images\Normal-659.png,Normal,data\raw\radiography\COVID-19_Radiography_Dataset\Normal\images\Normal-659.png
data\processed\labelled_4232\Normal\images\Normal-3512.png,Normal,data\raw\radiography\COVID-19_Radiography_Dataset\Normal\images\Normal-3512.png
data\processed\labelled_4232\Normal\images\Normal-3661.png,Normal,data\raw\radiography\COVID-19_Radiography_Dataset\Normal\images\Normal-3661.png
data\processed\labelled_4232\Normal\images\Normal-7283.png,Normal,data\raw\radiography\COVID-19_Radiography_Dataset\Normal\images\Normal-7283.png
data\processed\labelled_4232\Normal\images\Normal-8559.png,Normal,data\raw\radiography\COVID-19_Radiography_Dataset\Normal\images\Normal-8559.png
data\processed\labelled_4232\Normal\images\Normal-2061.png,Normal,data\raw\radiography\COVID-19_Radiography_Dataset\Normal\images\Normal-2061.png
data\processed\labelled_4232\Normal\images\Normal-5968.png,Normal,data\raw\radiography\COVID-19_Radiography_Dataset\Normal\images\Normal-5968.png
data\processed\labelled_4232\Normal\images\Normal-3815.png,Normal,data\raw\radiography\COVID-19_Radiography_Dataset\Normal\images\Normal-3815.png
data\processed\labelled_4232\Normal\images\Normal-3268.png,Normal,data\raw\radiography\COVID-19_Radiography_Dataset\Normal\images\Normal-3268.png
data\processed\labelled_4232\Normal\images\Normal-7921.png,Normal,data\raw\radiography\COVID-19_Radiography_Dataset\Normal\images\Normal-7921.png
data\processed\labelled_4232\Normal\images\Normal-2626.png,Normal,data\raw\radiography\COVID-19_Radiography_Dataset\Normal\images\Normal-2626.png
data\processed\labelled_4232\Normal\images\Normal-503.png,Normal,data\raw\radiography\COVID-19_Radiography_Dataset\Normal\images\Normal-503.png
data\processed\labelled_4232\Normal\images\Normal-8167.png,Normal,data\raw\radiography\COVID-19_Radiography_Dataset\Normal\images\Normal-8167.png
data\processed\labelled_4232\Normal\images\Normal-3652.png,Normal,data\raw\radiography\COVID-19_Radiography_Dataset\Normal\images\Normal-3652.png
data\processed\labelled_4232\Normal\images\Normal-9833.png,Normal,data\raw\radiography\COVID-19_Radiography_Dataset\Normal\images\Normal-9833.png
data\processed\labelled_4232\Normal\images\Normal-1310.png,Normal,data\raw\radiography\COVID-19_Radiography_Dataset\Normal\images\Normal-1310.png
data\processed\labelled_4232\Normal\images\Normal-3773.png,Normal,data\raw\radiography\COVID-19_Radiography_Dataset\Normal\images\Normal-3773.png
data\processed\labelled_4232\Normal\images\Normal-4028.png,Normal,data\raw\radiography\COVID-19_Radiography_Dataset\Normal\images\Normal-4028.png
data\processed\labelled_4232\Normal\images\Normal-5680.png,Normal,data\raw\radiography\COVID-19_Radiography_Dataset\Normal\images\Normal-5680.png
data\processed\labelled_4232\Normal\images\Normal-7786.png,Normal,data\raw\radiography\COVID-19_Radiography_Dataset\Normal\images\Normal-7786.png
data\processed\labelled_4232\Normal\images\Normal-6423.png,Normal,data\raw\radiography\COVID-19_Radiography_Dataset\Normal\images\Normal-6423.png
data\processed\labelled_4232\Normal\images\Normal-9383.png,Normal,data\raw\radiography\COVID-19_Radiography_Dataset\Normal\images\Normal-9383.png
data\processed\labelled_4232\Normal\images\Normal-2905.png,Normal,data\raw\radiography\COVID-19_Radiography_Dataset\Normal\images\Normal-2905.png
data\processed\labelled_4232\Normal\images\Normal-6492.png,Normal,data\raw\radiography\COVID-19_Radiography_Dataset\Normal\images\Normal-6492.png
data\processed\labelled_4232\Normal\images\Normal-2382.png,Normal,data\raw\radiography\COVID-19_Radiography_Dataset\Normal\images\Normal-2382.png
data\processed\labelled_4232\Normal\images\Normal-9972.png,Normal,data\raw\radiography\COVID-19_Radiography_Dataset\Normal\images\Normal-9972.png
data\processed\labelled_4232\Normal\images\Normal-3882.png,Normal,data\raw\radiography\COVID-19_Radiography_Dataset\Normal\images\Normal-3882.png
data\processed\labelled_4232\Normal\images\Normal-351.png,Normal,data\raw\radiography\COVID-19_Radiography_Dataset\Normal\images\Normal-351.png
data\processed\labelled_4232\Normal\images\Normal-7038.png,Normal,data\raw\radiography\COVID-19_Radiography_Dataset\Normal\images\Normal-7038.png
data\processed\labelled_4232\Normal\images\Normal-10014.png,Normal,data\raw\radiography\COVID-19_Radiography_Dataset\Normal\images\Normal-10014.png
data\processed\labelled_4232\Normal\images\Normal-7127.png,Normal,data\raw\radiography\COVID-19_Radiography_Dataset\Normal\images\Normal-7127.png
data\processed\labelled_4232\Normal\images\Normal-327.png,Normal,data\raw\radiography\COVID-19_Radiography_Dataset\Normal\images\Normal-327.png
data\processed\labelled_4232\Normal\images\Normal-2518.png,Normal,data\raw\radiography\COVID-19_Radiography_Dataset\Normal\images\Normal-2518.png
data\processed\labelled_4232\Normal\images\Normal-6944.png,Normal,data\raw\radiography\COVID-19_Radiography_Dataset\Normal\images\Normal-6944.png
data\processed\labelled_4232\Normal\images\Normal-6406.png,Normal,data\raw\radiography\COVID-19_Radiography_Dataset\Normal\images\Normal-6406.png
data\processed\labelled_4232\Normal\images\Normal-7554.png,Normal,data\raw\radiography\COVID-19_Radiography_Dataset\Normal\images\Normal-7554.png
data\processed\labelled_4232\Normal\images\Normal-1950.png,Normal,data\raw\radiography\COVID-19_Radiography_Dataset\Normal\images\Normal-1950.png
data\processed\labelled_4232\Normal\images\Normal-5311.png,Normal,data\raw\radiography\COVID-19_Radiography_Dataset\Normal\images\Normal-5311.png
data\processed\labelled_4232\Normal\images\Normal-9731.png,Normal,data\raw\radiography\COVID-19_Radiography_Dataset\Normal\images\Normal-9731.png
data\processed\labelled_4232\Normal\images\Normal-6462.png,Normal,data\raw\radiography\COVID-19_Radiography_Dataset\Normal\images\Normal-6462.png
data\processed\labelled_4232\Normal\images\Normal-733.png,Normal,data\raw\radiography\COVID-19_Radiography_Dataset\Normal\images\Normal-733.png
data\processed\labelled_4232\Normal\images\Normal-2460.png,Normal,data\raw\radiography\COVID-19_Radiography_Dataset\Normal\images\Normal-2460.png
data\processed\labelled_4232\Normal\images\Normal-1383.png,Normal,data\raw\radiography\COVID-19_Radiography_Dataset\Normal\images\Normal-1383.png
data\processed\labelled_4232\Normal\images\Normal-3156.png,Normal,data\raw\radiography\COVID-19_Radiography_Dataset\Normal\images\Normal-3156.png
data\processed\labelled_4232\Normal\images\Normal-9907.png,Normal,data\raw\radiography\COVID-19_Radiography_Dataset\Normal\images\Normal-9907.png
data\processed\labelled_4232\Normal\images\Normal-8041.png,Normal,data\raw\radiography\COVID-19_Radiography_Dataset\Normal\images\Normal-8041.png
data\processed\labelled_4232\Normal\images\Normal-2458.png,Normal,data\raw\radiography\COVID-19_Radiography_Dataset\Normal\images\Normal-2458.png
data\processed\labelled_4232\Normal\images\Normal-6585.png,Normal,data\raw\radiography\COVID-19_Radiography_Dataset\Normal\images\Normal-6585.png
data\processed\labelled_4232\Normal\images\Normal-7810.png,Normal,data\raw\radiography\COVID-19_Radiography_Dataset\Normal\images\Normal-7810.png
data\processed\labelled_4232\Normal\images\Normal-7991.png,Normal,data\raw\radiography\COVID-19_Radiography_Dataset\Normal\images\Normal-7991.png
data\processed\labelled_4232\Normal\images\Normal-151.png,Normal,data\raw\radiography\COVID-19_Radiography_Dataset\Normal\images\Normal-151.png
data\processed\labelled_4232\Normal\images\Normal-9643.png,Normal,data\raw\radiography\COVID-19_Radiography_Dataset\Normal\images\Normal-9643.png
data\processed\labelled_4232\Normal\images\Normal-1970.png,Normal,data\raw\radiography\COVID-19_Radiography_Dataset\Normal\images\Normal-1970.png
data\processed\labelled_4232\Normal\images\Normal-9222.png,Normal,data\raw\radiography\COVID-19_Radiography_Dataset\Normal\images\Normal-9222.png
data\processed\labelled_4232\Normal\images\Normal-1267.png,Normal,data\raw\radiography\COVID-19_Radiography_Dataset\Normal\images\Normal-1267.png
data\processed\labelled_4232\Normal\images\Normal-1518.png,Normal,data\raw\radiography\COVID-19_Radiography_Dataset\Normal\images\Normal-1518.png
data\processed\labelled_4232\Normal\images\Normal-5377.png,Normal,data\raw\radiography\COVID-19_Radiography_Dataset\Normal\images\Normal-5377.png
data\processed\labelled_4232\Normal\images\Normal-2764.png,Normal,data\raw\radiography\COVID-19_Radiography_Dataset\Normal\images\Normal-2764.png
data\processed\labelled_4232\Normal\images\Normal-8586.png,Normal,data\raw\radiography\COVID-19_Radiography_Dataset\Normal\images\Normal-8586.png
data\processed\labelled_4232\Normal\images\Normal-9075.png,Normal,data\raw\radiography\COVID-19_Radiography_Dataset\Normal\images\Normal-9075.png
data\processed\labelled_4232\Normal\images\Normal-7847.png,Normal,data\raw\radiography\COVID-19_Radiography_Dataset\Normal\images\Normal-7847.png
data\processed\labelled_4232\Normal\images\Normal-7188.png,Normal,data\raw\radiography\COVID-19_Radiography_Dataset\Normal\images\Normal-7188.png
data\processed\labelled_4232\Normal\images\Normal-6417.png,Normal,data\raw\radiography\COVID-19_Radiography_Dataset\Normal\images\Normal-6417.png
data\processed\labelled_4232\Normal\images\Normal-1490.png,Normal,data\raw\radiography\COVID-19_Radiography_Dataset\Normal\images\Normal-1490.png
data\processed\labelled_4232\Normal\images\Normal-9524.png,Normal,data\raw\radiography\COVID-19_Radiography_Dataset\Normal\images\Normal-9524.png
data\processed\labelled_4232\Normal\images\Normal-9815.png,Normal,data\raw\radiography\COVID-19_Radiography_Dataset\Normal\images\Normal-9815.png
data\processed\labelled_4232\Normal\images\Normal-1245.png,Normal,data\raw\radiography\COVID-19_Radiography_Dataset\Normal\images\Normal-1245.png
data\processed\labelled_4232\Normal\images\Normal-7804.png,Normal,data\raw\radiography\COVID-19_Radiography_Dataset\Normal\images\Normal-7804.png
data\processed\labelled_4232\Normal\images\Normal-1120.png,Normal,data\raw\radiography\COVID-19_Radiography_Dataset\Normal\images\Normal-1120.png
data\processed\labelled_4232\Normal\images\Normal-8935.png,Normal,data\raw\radiography\COVID-19_Radiography_Dataset\Normal\images\Normal-8935.png
data\processed\labelled_4232\Normal\images\Normal-2800.png,Normal,data\raw\radiography\COVID-19_Radiography_Dataset\Normal\images\Normal-2800.png
data\processed\labelled_4232\Normal\images\Normal-2136.png,Normal,data\raw\radiography\COVID-19_Radiography_Dataset\Normal\images\Normal-2136.png
data\processed\labelled_4232\Normal\images\Normal-8612.png,Normal,data\raw\radiography\COVID-19_Radiography_Dataset\Normal\images\Normal-8612.png
data\processed\labelled_4232\Normal\images\Normal-2210.png,Normal,data\raw\radiography\COVID-19_Radiography_Dataset\Normal\images\Normal-2210.png
data\processed\labelled_4232\Normal\images\Normal-171.png,Normal,data\raw\radiography\COVID-19_Radiography_Dataset\Normal\images\Normal-171.png
data\processed\labelled_4232\Normal\images\Normal-8217.png,Normal,data\raw\radiography\COVID-19_Radiography_Dataset\Normal\images\Normal-8217.png
data\processed\labelled_4232\Normal\images\Normal-2309.png,Normal,data\raw\radiography\COVID-19_Radiography_Dataset\Normal\images\Normal-2309.png
data\processed\labelled_4232\Normal\images\Normal-3722.png,Normal,data\raw\radiography\COVID-19_Radiography_Dataset\Normal\images\Normal-3722.png
data\processed\labelled_4232\Normal\images\Normal-1699.png,Normal,data\raw\radiography\COVID-19_Radiography_Dataset\Normal\images\Normal-1699.png
data\processed\labelled_4232\Normal\images\Normal-10086.png,Normal,data\raw\radiography\COVID-19_Radiography_Dataset\Normal\images\Normal-10086.png
data\processed\labelled_4232\Normal\images\Normal-8977.png,Normal,data\raw\radiography\COVID-19_Radiography_Dataset\Normal\images\Normal-8977.png
data\processed\labelled_4232\Normal\images\Normal-3959.png,Normal,data\raw\radiography\COVID-19_Radiography_Dataset\Normal\images\Normal-3959.png
data\processed\labelled_4232\Normal\images\Normal-3955.png,Normal,data\raw\radiography\COVID-19_Radiography_Dataset\Normal\images\Normal-3955.png
data\processed\labelled_4232\Normal\images\Normal-7969.png,Normal,data\raw\radiography\COVID-19_Radiography_Dataset\Normal\images\Normal-7969.png
data\processed\labelled_4232\Normal\images\Normal-5472.png,Normal,data\raw\radiography\COVID-19_Radiography_Dataset\Normal\images\Normal-5472.png
data\processed\labelled_4232\Normal\images\Normal-2160.png,Normal,data\raw\radiography\COVID-19_Radiography_Dataset\Normal\images\Normal-2160.png
data\processed\labelled_4232\Normal\images\Normal-8131.png,Normal,data\raw\radiography\COVID-19_Radiography_Dataset\Normal\images\Normal-8131.png
data\processed\labelled_4232\Normal\images\Normal-4256.png,Normal,data\raw\radiography\COVID-19_Radiography_Dataset\Normal\images\Normal-4256.png
data\processed\labelled_4232\Normal\images\Normal-2781.png,Normal,data\raw\radiography\COVID-19_Radiography_Dataset\Normal\images\Normal-2781.png
data\processed\labelled_4232\Normal\images\Normal-7707.png,Normal,data\raw\radiography\COVID-19_Radiography_Dataset\Normal\images\Normal-7707.png
data\processed\labelled_4232\Normal\images\Normal-6612.png,Normal,data\raw\radiography\COVID-19_Radiography_Dataset\Normal\images\Normal-6612.png
data\processed\labelled_4232\Normal\images\Normal-3218.png,Normal,data\raw\radiography\COVID-19_Radiography_Dataset\Normal\images\Normal-3218.png
data\processed\labelled_4232\Normal\images\Normal-1929.png,Normal,data\raw\radiography\COVID-19_Radiography_Dataset\Normal\images\Normal-1929.png
data\processed\labelled_4232\Normal\images\Normal-2573.png,Normal,data\raw\radiography\COVID-19_Radiography_Dataset\Normal\images\Normal-2573.png
data\processed\labelled_4232\Normal\images\Normal-8917.png,Normal,data\raw\radiography\COVID-19_Radiography_Dataset\Normal\images\Normal-8917.png
data\processed\labelled_4232\Normal\images\Normal-5567.png,Normal,data\raw\radiography\COVID-19_Radiography_Dataset\Normal\images\Normal-5567.png
data\processed\labelled_4232\Normal\images\Normal-9376.png,Normal,data\raw\radiography\COVID-19_Radiography_Dataset\Normal\images\Normal-9376.png
data\processed\labelled_4232\Normal\images\Normal-5679.png,Normal,data\raw\radiography\COVID-19_Radiography_Dataset\Normal\images\Normal-5679.png
data\processed\labelled_4232\Normal\images\Normal-5731.png,Normal,data\raw\radiography\COVID-19_Radiography_Dataset\Normal\images\Normal-5731.png
data\processed\labelled_4232\Normal\images\Normal-4535.png,Normal,data\raw\radiography\COVID-19_Radiography_Dataset\Normal\images\Normal-4535.png
data\processed\labelled_4232\Normal\images\Normal-2838.png,Normal,data\raw\radiography\COVID-19_Radiography_Dataset\Normal\images\Normal-2838.png
data\processed\labelled_4232\Normal\images\Normal-4857.png,Normal,data\raw\radiography\COVID-19_Radiography_Dataset\Normal\images\Normal-4857.png
data\processed\labelled_4232\Normal\images\Normal-4267.png,Normal,data\raw\radiography\COVID-19_Radiography_Dataset\Normal\images\Normal-4267.png
data\processed\labelled_4232\Normal\images\Normal-148.png,Normal,data\raw\radiography\COVID-19_Radiography_Dataset\Normal\images\Normal-148.png
data\processed\labelled_4232\Normal\images\Normal-2447.png,Normal,data\raw\radiography\COVID-19_Radiography_Dataset\Normal\images\Normal-2447.png
data\processed\labelled_4232\Normal\images\Normal-8159.png,Normal,data\raw\radiography\COVID-19_Radiography_Dataset\Normal\images\Normal-8159.png
data\processed\labelled_4232\Normal\images\Normal-9441.png,Normal,data\raw\radiography\COVID-19_Radiography_Dataset\Normal\images\Normal-9441.png
data\processed\labelled_4232\Normal\images\Normal-1655.png,Normal,data\raw\radiography\COVID-19_Radiography_Dataset\Normal\images\Normal-1655.png
data\processed\labelled_4232\Normal\images\Normal-8574.png,Normal,data\raw\radiography\COVID-19_Radiography_Dataset\Normal\images\Normal-8574.png
data\processed\labelled_4232\Normal\images\Normal-981.png,Normal,data\raw\radiography\COVID-19_Radiography_Dataset\Normal\images\Normal-981.png
data\processed\labelled_4232\Normal\images\Normal-6414.png,Normal,data\raw\radiography\COVID-19_Radiography_Dataset\Normal\images\Normal-6414.png
data\processed\labelled_4232\Normal\images\Normal-5722.png,Normal,data\raw\radiography\COVID-19_Radiography_Dataset\Normal\images\Normal-5722.png
data\processed\labelled_4232\Normal\images\Normal-8576.png,Normal,data\raw\radiography\COVID-19_Radiography_Dataset\Normal\images\Normal-8576.png
data\processed\labelled_4232\Normal\images\Normal-8885.png,Normal,data\raw\radiography\COVID-19_Radiography_Dataset\Normal\images\Normal-8885.png
data\processed\labelled_4232\Normal\images\Normal-7913.png,Normal,data\raw\radiography\COVID-19_Radiography_Dataset\Normal\images\Normal-7913.png
data\processed\labelled_4232\Normal\images\Normal-797.png,Normal,data\raw\radiography\COVID-19_Radiography_Dataset\Normal\images\Normal-797.png
data\processed\labelled_4232\Normal\images\Normal-284.png,Normal,data\raw\radiography\COVID-19_Radiography_Dataset\Normal\images\Normal-284.png
data\processed\labelled_4232\Normal\images\Normal-6250.png,Normal,data\raw\radiography\COVID-19_Radiography_Dataset\Normal\images\Normal-6250.png
data\processed\labelled_4232\Normal\images\Normal-4119.png,Normal,data\raw\radiography\COVID-19_Radiography_Dataset\Normal\images\Normal-4119.png
data\processed\labelled_4232\Normal\images\Normal-270.png,Normal,data\raw\radiography\COVID-19_Radiography_Dataset\Normal\images\Normal-270.png
data\processed\labelled_4232\Normal\images\Normal-9214.png,Normal,data\raw\radiography\COVID-19_Radiography_Dataset\Normal\images\Normal-9214.png
data\processed\labelled_4232\Normal\images\Normal-5110.png,Normal,data\raw\radiography\COVID-19_Radiography_Dataset\Normal\images\Normal-5110.png
data\processed\labelled_4232\Normal\images\Normal-2921.png,Normal,data\raw\radiography\COVID-19_Radiography_Dataset\Normal\images\Normal-2921.png
data\processed\labelled_4232\Normal\images\Normal-8133.png,Normal,data\raw\radiography\COVID-19_Radiography_Dataset\Normal\images\Normal-8133.png
data\processed\labelled_4232\Normal\images\Normal-5693.png,Normal,data\raw\radiography\COVID-19_Radiography_Dataset\Normal\images\Normal-5693.png
data\processed\labelled_4232\Normal\images\Normal-610.png,Normal,data\raw\radiography\COVID-19_Radiography_Dataset\Normal\images\Normal-610.png
data\processed\labelled_4232\Normal\images\Normal-2879.png,Normal,data\raw\radiography\COVID-19_Radiography_Dataset\Normal\images\Normal-2879.png
data\processed\labelled_4232\Normal\images\Normal-9496.png,Normal,data\raw\radiography\COVID-19_Radiography_Dataset\Normal\images\Normal-9496.png
data\processed\labelled_4232\Normal\images\Normal-6398.png,Normal,data\raw\radiography\COVID-19_Radiography_Dataset\Normal\images\Normal-6398.png
data\processed\labelled_4232\Normal\images\Normal-1658.png,Normal,data\raw\radiography\COVID-19_Radiography_Dataset\Normal\images\Normal-1658.png
data\processed\labelled_4232\Normal\images\Normal-3045.png,Normal,data\raw\radiography\COVID-19_Radiography_Dataset\Normal\images\Normal-3045.png
data\processed\labelled_4232\Normal\images\Normal-564.png,Normal,data\raw\radiography\COVID-19_Radiography_Dataset\Normal\images\Normal-564.png
data\processed\labelled_4232\Normal\images\Normal-3489.png,Normal,data\raw\radiography\COVID-19_Radiography_Dataset\Normal\images\Normal-3489.png
data\processed\labelled_4232\Normal\images\Normal-3025.png,Normal,data\raw\radiography\COVID-19_Radiography_Dataset\Normal\images\Normal-3025.png
data\processed\labelled_4232\Normal\images\Normal-3338.png,Normal,data\raw\radiography\COVID-19_Radiography_Dataset\Normal\images\Normal-3338.png
data\processed\labelled_4232\Normal\images\Normal-2128.png,Normal,data\raw\radiography\COVID-19_Radiography_Dataset\Normal\images\Normal-2128.png
data\processed\labelled_4232\Normal\images\Normal-8921.png,Normal,data\raw\radiography\COVID-19_Radiography_Dataset\Normal\images\Normal-8921.png
data\processed\labelled_4232\Normal\images\Normal-365.png,Normal,data\raw\radiography\COVID-19_Radiography_Dataset\Normal\images\Normal-365.png
data\processed\labelled_4232\Normal\images\Normal-5759.png,Normal,data\raw\radiography\COVID-19_Radiography_Dataset\Normal\images\Normal-5759.png
data\processed\labelled_4232\Normal\images\Normal-8996.png,Normal,data\raw\radiography\COVID-19_Radiography_Dataset\Normal\images\Normal-8996.png
data\processed\labelled_4232\Normal\images\Normal-251.png,Normal,data\raw\radiography\COVID-19_Radiography_Dataset\Normal\images\Normal-251.png
data\processed\labelled_4232\Normal\images\Normal-2630.png,Normal,data\raw\radiography\COVID-19_Radiography_Dataset\Normal\images\Normal-2630.png
data\processed\labelled_4232\Normal\images\Normal-7319.png,Normal,data\raw\radiography\COVID-19_Radiography_Dataset\Normal\images\Normal-7319.png
data\processed\labelled_4232\Normal\images\Normal-900.png,Normal,data\raw\radiography\COVID-19_Radiography_Dataset\Normal\images\Normal-900.png
data\processed\labelled_4232\Normal\images\Normal-7907.png,Normal,data\raw\radiography\COVID-19_Radiography_Dataset\Normal\images\Normal-7907.png
data\processed\labelled_4232\Normal\images\Normal-5476.png,Normal,data\raw\radiography\COVID-19_Radiography_Dataset\Normal\images\Normal-5476.png
data\processed\labelled_4232\Normal\images\Normal-5823.png,Normal,data\raw\radiography\COVID-19_Radiography_Dataset\Normal\images\Normal-5823.png
data\processed\labelled_4232\Normal\images\Normal-9078.png,Normal,data\raw\radiography\COVID-19_Radiography_Dataset\Normal\images\Normal-9078.png
data\processed\labelled_4232\Normal\images\Normal-3189.png,Normal,data\raw\radiography\COVID-19_Radiography_Dataset\Normal\images\Normal-3189.png
data\processed\labelled_4232\Normal\images\Normal-8844.png,Normal,data\raw\radiography\COVID-19_Radiography_Dataset\Normal\images\Normal-8844.png
data\processed\labelled_4232\Normal\images\Normal-9597.png,Normal,data\raw\radiography\COVID-19_Radiography_Dataset\Normal\images\Normal-9597.png
data\processed\labelled_4232\Normal\images\Normal-5280.png,Normal,data\raw\radiography\COVID-19_Radiography_Dataset\Normal\images\Normal-5280.png
data\processed\labelled_4232\Normal\images\Normal-1090.png,Normal,data\raw\radiography\COVID-19_Radiography_Dataset\Normal\images\Normal-1090.png
data\processed\labelled_4232\Normal\images\Normal-9864.png,Normal,data\raw\radiography\COVID-19_Radiography_Dataset\Normal\images\Normal-9864.png
data\processed\labelled_4232\Normal\images\Normal-8662.png,Normal,data\raw\radiography\COVID-19_Radiography_Dataset\Normal\images\Normal-8662.png
data\processed\labelled_4232\Normal\images\Normal-4992.png,Normal,data\raw\radiography\COVID-19_Radiography_Dataset\Normal\images\Normal-4992.png
data\processed\labelled_4232\Normal\images\Normal-5877.png,Normal,data\raw\radiography\COVID-19_Radiography_Dataset\Normal\images\Normal-5877.png
data\processed\labelled_4232\Normal\images\Normal-7219.png,Normal,data\raw\radiography\COVID-19_Radiography_Dataset\Normal\images\Normal-7219.png
data\processed\labelled_4232\Normal\images\Normal-9688.png,Normal,data\raw\radiography\COVID-19_Radiography_Dataset\Normal\images\Normal-9688.png
data\processed\labelled_4232\Normal\images\Normal-6917.png,Normal,data\raw\radiography\COVID-19_Radiography_Dataset\Normal\images\Normal-6917.png
data\processed\labelled_4232\Normal\images\Normal-5067.png,Normal,data\raw\radiography\COVID-19_Radiography_Dataset\Normal\images\Normal-5067.png
data\processed\labelled_4232\Normal\images\Normal-886.png,Normal,data\raw\radiography\COVID-19_Radiography_Dataset\Normal\images\Normal-886.png
data\processed\labelled_4232\Normal\images\Normal-8670.png,Normal,data\raw\radiography\COVID-19_Radiography_Dataset\Normal\images\Normal-8670.png
data\processed\labelled_4232\Normal\images\Normal-611.png,Normal,data\raw\radiography\COVID-19_Radiography_Dataset\Normal\images\Normal-611.png
data\processed\labelled_4232\Normal\images\Normal-2236.png,Normal,data\raw\radiography\COVID-19_Radiography_Dataset\Normal\images\Normal-2236.png
data\processed\labelled_4232\Normal\images\Normal-2017.png,Normal,data\raw\radiography\COVID-19_Radiography_Dataset\Normal\images\Normal-2017.png
data\processed\labelled_4232\Normal\images\Normal-1626.png,Normal,data\raw\radiography\COVID-19_Radiography_Dataset\Normal\images\Normal-1626.png
data\processed\labelled_4232\Normal\images\Normal-6613.png,Normal,data\raw\radiography\COVID-19_Radiography_Dataset\Normal\images\Normal-6613.png
data\processed\labelled_4232\Normal\images\Normal-8059.png,Normal,data\raw\radiography\COVID-19_Radiography_Dataset\Normal\images\Normal-8059.png
data\processed\labelled_4232\Normal\images\Normal-163.png,Normal,data\raw\radiography\COVID-19_Radiography_Dataset\Normal\images\Normal-163.png
data\processed\labelled_4232\Normal\images\Normal-6061.png,Normal,data\raw\radiography\COVID-19_Radiography_Dataset\Normal\images\Normal-6061.png
data\processed\labelled_4232\Normal\images\Normal-5891.png,Normal,data\raw\radiography\COVID-19_Radiography_Dataset\Normal\images\Normal-5891.png
data\processed\labelled_4232\Normal\images\Normal-2380.png,Normal,data\raw\radiography\COVID-19_Radiography_Dataset\Normal\images\Normal-2380.png
data\processed\labelled_4232\Normal\images\Normal-8400.png,Normal,data\raw\radiography\COVID-19_Radiography_Dataset\Normal\images\Normal-8400.png
data\processed\labelled_4232\Normal\images\Normal-3866.png,Normal,data\raw\radiography\COVID-19_Radiography_Dataset\Normal\images\Normal-3866.png
data\processed\labelled_4232\Normal\images\Normal-9978.png,Normal,data\raw\radiography\COVID-19_Radiography_Dataset\Normal\images\Normal-9978.png
data\processed\labelled_4232\Normal\images\Normal-6100.png,Normal,data\raw\radiography\COVID-19_Radiography_Dataset\Normal\images\Normal-6100.png
data\processed\labelled_4232\Normal\images\Normal-1664.png,Normal,data\raw\radiography\COVID-19_Radiography_Dataset\Normal\images\Normal-1664.png
data\processed\labelled_4232\Normal\images\Normal-6064.png,Normal,data\raw\radiography\COVID-19_Radiography_Dataset\Normal\images\Normal-6064.png
data\processed\labelled_4232\Normal\images\Normal-2622.png,Normal,data\raw\radiography\COVID-19_Radiography_Dataset\Normal\images\Normal-2622.png
data\processed\labelled_4232\Normal\images\Normal-256.png,Normal,data\raw\radiography\COVID-19_Radiography_Dataset\Normal\images\Normal-256.png
data\processed\labelled_4232\Normal\images\Normal-3421.png,Normal,data\raw\radiography\COVID-19_Radiography_Dataset\Normal\images\Normal-3421.png
data\processed\labelled_4232\Normal\images\Normal-9933.png,Normal,data\raw\radiography\COVID-19_Radiography_Dataset\Normal\images\Normal-9933.png
data\processed\labelled_4232\Normal\images\Normal-9052.png,Normal,data\raw\radiography\COVID-19_Radiography_Dataset\Normal\images\Normal-9052.png
data\processed\labelled_4232\Normal\images\Normal-8993.png,Normal,data\raw\radiography\COVID-19_Radiography_Dataset\Normal\images\Normal-8993.png
data\processed\labelled_4232\Normal\images\Normal-6286.png,Normal,data\raw\radiography\COVID-19_Radiography_Dataset\Normal\images\Normal-6286.png
data\processed\labelled_4232\Normal\images\Normal-9271.png,Normal,data\raw\radiography\COVID-19_Radiography_Dataset\Normal\images\Normal-9271.png
data\processed\labelled_4232\Normal\images\Normal-6627.png,Normal,data\raw\radiography\COVID-19_Radiography_Dataset\Normal\images\Normal-6627.png
data\processed\labelled_4232\Normal\images\Normal-6721.png,Normal,data\raw\radiography\COVID-19_Radiography_Dataset\Normal\images\Normal-6721.png
data\processed\labelled_4232\Normal\images\Normal-2146.png,Normal,data\raw\radiography\COVID-19_Radiography_Dataset\Normal\images\Normal-2146.png
data\processed\labelled_4232\Normal\images\Normal-320.png,Normal,data\raw\radiography\COVID-19_Radiography_Dataset\Normal\images\Normal-320.png
data\processed\labelled_4232\Normal\images\Normal-9298.png,Normal,data\raw\radiography\COVID-19_Radiography_Dataset\Normal\images\Normal-9298.png
data\processed\labelled_4232\Normal\images\Normal-37.png,Normal,data\raw\radiography\COVID-19_Radiography_Dataset\Normal\images\Normal-37.png
data\processed\labelled_4232\Normal\images\Normal-540.png,Normal,data\raw\radiography\COVID-19_Radiography_Dataset\Normal\images\Normal-540.png
data\processed\labelled_4232\Normal\images\Normal-9242.png,Normal,data\raw\radiography\COVID-19_Radiography_Dataset\Normal\images\Normal-9242.png
data\processed\labelled_4232\Normal\images\Normal-9250.png,Normal,data\raw\radiography\COVID-19_Radiography_Dataset\Normal\images\Normal-9250.png
data\processed\labelled_4232\Normal\images\Normal-7376.png,Normal,data\raw\radiography\COVID-19_Radiography_Dataset\Normal\images\Normal-7376.png
data\processed\labelled_4232\Normal\images\Normal-9867.png,Normal,data\raw\radiography\COVID-19_Radiography_Dataset\Normal\images\Normal-9867.png
data\processed\labelled_4232\Normal\images\Normal-10058.png,Normal,data\raw\radiography\COVID-19_Radiography_Dataset\Normal\images\Normal-10058.png
data\processed\labelled_4232\Normal\images\Normal-8238.png,Normal,data\raw\radiography\COVID-19_Radiography_Dataset\Normal\images\Normal-8238.png
data\processed\labelled_4232\Normal\images\Normal-1679.png,Normal,data\raw\radiography\COVID-19_Radiography_Dataset\Normal\images\Normal-1679.png
data\processed\labelled_4232\Normal\images\Normal-5845.png,Normal,data\raw\radiography\COVID-19_Radiography_Dataset\Normal\images\Normal-5845.png
data\processed\labelled_4232\Normal\images\Normal-5483.png,Normal,data\raw\radiography\COVID-19_Radiography_Dataset\Normal\images\Normal-5483.png
data\processed\labelled_4232\Normal\images\Normal-9178.png,Normal,data\raw\radiography\COVID-19_Radiography_Dataset\Normal\images\Normal-9178.png
data\processed\labelled_4232\Normal\images\Normal-4564.png,Normal,data\raw\radiography\COVID-19_Radiography_Dataset\Normal\images\Normal-4564.png
data\processed\labelled_4232\Normal\images\Normal-2557.png,Normal,data\raw\radiography\COVID-19_Radiography_Dataset\Normal\images\Normal-2557.png
data\processed\labelled_4232\Normal\images\Normal-7121.png,Normal,data\raw\radiography\COVID-19_Radiography_Dataset\Normal\images\Normal-7121.png
data\processed\labelled_4232\Normal\images\Normal-2648.png,Normal,data\raw\radiography\COVID-19_Radiography_Dataset\Normal\images\Normal-2648.png
data\processed\labelled_4232\Normal\images\Normal-7690.png,Normal,data\raw\radiography\COVID-19_Radiography_Dataset\Normal\images\Normal-7690.png
data\processed\labelled_4232\Normal\images\Normal-3372.png,Normal,data\raw\radiography\COVID-19_Radiography_Dataset\Normal\images\Normal-3372.png
data\processed\labelled_4232\Normal\images\Normal-7270.png,Normal,data\raw\radiography\COVID-19_Radiography_Dataset\Normal\images\Normal-7270.png
data\processed\labelled_4232\Normal\images\Normal-8385.png,Normal,data\raw\radiography\COVID-19_Radiography_Dataset\Normal\images\Normal-8385.png
data\processed\labelled_4232\Normal\images\Normal-6154.png,Normal,data\raw\radiography\COVID-19_Radiography_Dataset\Normal\images\Normal-6154.png
data\processed\labelled_4232\Normal\images\Normal-2450.png,Normal,data\raw\radiography\COVID-19_Radiography_Dataset\Normal\images\Normal-2450.png
data\processed\labelled_4232\Normal\images\Normal-2178.png,Normal,data\raw\radiography\COVID-19_Radiography_Dataset\Normal\images\Normal-2178.png
data\processed\labelled_4232\Normal\images\Normal-4161.png,Normal,data\raw\radiography\COVID-19_Radiography_Dataset\Normal\images\Normal-4161.png
data\processed\labelled_4232\Normal\images\Normal-3272.png,Normal,data\raw\radiography\COVID-19_Radiography_Dataset\Normal\images\Normal-3272.png
data\processed\labelled_4232\Normal\images\Normal-9869.png,Normal,data\raw\radiography\COVID-19_Radiography_Dataset\Normal\images\Normal-9869.png
data\processed\labelled_4232\Normal\images\Normal-5345.png,Normal,data\raw\radiography\COVID-19_Radiography_Dataset\Normal\images\Normal-5345.png
data\processed\labelled_4232\Normal\images\Normal-1080.png,Normal,data\raw\radiography\COVID-19_Radiography_Dataset\Normal\images\Normal-1080.png
data\processed\labelled_4232\Normal\images\Normal-4858.png,Normal,data\raw\radiography\COVID-19_Radiography_Dataset\Normal\images\Normal-4858.png
data\processed\labelled_4232\Normal\images\Normal-1103.png,Normal,data\raw\radiography\COVID-19_Radiography_Dataset\Normal\images\Normal-1103.png
data\processed\labelled_4232\Normal\images\Normal-8466.png,Normal,data\raw\radiography\COVID-19_Radiography_Dataset\Normal\images\Normal-8466.png
data\processed\labelled_4232\Normal\images\Normal-7438.png,Normal,data\raw\radiography\COVID-19_Radiography_Dataset\Normal\images\Normal-7438.png
data\processed\labelled_4232\Normal\images\Normal-8651.png,Normal,data\raw\radiography\COVID-19_Radiography_Dataset\Normal\images\Normal-8651.png
data\processed\labelled_4232\Normal\images\Normal-8390.png,Normal,data\raw\radiography\COVID-19_Radiography_Dataset\Normal\images\Normal-8390.png
data\processed\labelled_4232\Normal\images\Normal-5577.png,Normal,data\raw\radiography\COVID-19_Radiography_Dataset\Normal\images\Normal-5577.png
data\processed\labelled_4232\Normal\images\Normal-9327.png,Normal,data\raw\radiography\COVID-19_Radiography_Dataset\Normal\images\Normal-9327.png
data\processed\labelled_4232\Normal\images\Normal-896.png,Normal,data\raw\radiography\COVID-19_Radiography_Dataset\Normal\images\Normal-896.png
data\processed\labelled_4232\Normal\images\Normal-2532.png,Normal,data\raw\radiography\COVID-19_Radiography_Dataset\Normal\images\Normal-2532.png
data\processed\labelled_4232\Normal\images\Normal-6833.png,Normal,data\raw\radiography\COVID-19_Radiography_Dataset\Normal\images\Normal-6833.png
data\processed\labelled_4232\Normal\images\Normal-3735.png,Normal,data\raw\radiography\COVID-19_Radiography_Dataset\Normal\images\Normal-3735.png
data\processed\labelled_4232\Normal\images\Normal-8442.png,Normal,data\raw\radiography\COVID-19_Radiography_Dataset\Normal\images\Normal-8442.png
data\processed\labelled_4232\Normal\images\Normal-6397.png,Normal,data\raw\radiography\COVID-19_Radiography_Dataset\Normal\images\Normal-6397.png
data\processed\labelled_4232\Normal\images\Normal-9634.png,Normal,data\raw\radiography\COVID-19_Radiography_Dataset\Normal\images\Normal-9634.png
data\processed\labelled_4232\Normal\images\Normal-409.png,Normal,data\raw\radiography\COVID-19_Radiography_Dataset\Normal\images\Normal-409.png
data\processed\labelled_4232\Normal\images\Normal-1705.png,Normal,data\raw\radiography\COVID-19_Radiography_Dataset\Normal\images\Normal-1705.png
data\processed\labelled_4232\Normal\images\Normal-1199.png,Normal,data\raw\radiography\COVID-19_Radiography_Dataset\Normal\images\Normal-1199.png
data\processed\labelled_4232\Normal\images\Normal-5957.png,Normal,data\raw\radiography\COVID-19_Radiography_Dataset\Normal\images\Normal-5957.png
data\processed\labelled_4232\Normal\images\Normal-1804.png,Normal,data\raw\radiography\COVID-19_Radiography_Dataset\Normal\images\Normal-1804.png
data\processed\labelled_4232\Normal\images\Normal-6257.png,Normal,data\raw\radiography\COVID-19_Radiography_Dataset\Normal\images\Normal-6257.png
data\processed\labelled_4232\Normal\images\Normal-7814.png,Normal,data\raw\radiography\COVID-19_Radiography_Dataset\Normal\images\Normal-7814.png
data\processed\labelled_4232\Normal\images\Normal-4655.png,Normal,data\raw\radiography\COVID-19_Radiography_Dataset\Normal\images\Normal-4655.png
data\processed\labelled_4232\Normal\images\Normal-3281.png,Normal,data\raw\radiography\COVID-19_Radiography_Dataset\Normal\images\Normal-3281.png
data\processed\labelled_4232\Normal\images\Normal-2209.png,Normal,data\raw\radiography\COVID-19_Radiography_Dataset\Normal\images\Normal-2209.png
data\processed\labelled_4232\Normal\images\Normal-1647.png,Normal,data\raw\radiography\COVID-19_Radiography_Dataset\Normal\images\Normal-1647.png
data\processed\labelled_4232\Normal\images\Normal-1192.png,Normal,data\raw\radiography\COVID-19_Radiography_Dataset\Normal\images\Normal-1192.png
data\processed\labelled_4232\Normal\images\Normal-8893.png,Normal,data\raw\radiography\COVID-19_Radiography_Dataset\Normal\images\Normal-8893.png
data\processed\labelled_4232\Normal\images\Normal-5532.png,Normal,data\raw\radiography\COVID-19_Radiography_Dataset\Normal\images\Normal-5532.png
data\processed\labelled_4232\Normal\images\Normal-6205.png,Normal,data\raw\radiography\COVID-19_Radiography_Dataset\Normal\images\Normal-6205.png
data\processed\labelled_4232\Normal\images\Normal-3614.png,Normal,data\raw\radiography\COVID-19_Radiography_Dataset\Normal\images\Normal-3614.png
data\processed\labelled_4232\Normal\images\Normal-3905.png,Normal,data\raw\radiography\COVID-19_Radiography_Dataset\Normal\images\Normal-3905.png
data\processed\labelled_4232\Normal\images\Normal-7977.png,Normal,data\raw\radiography\COVID-19_Radiography_Dataset\Normal\images\Normal-7977.png
data\processed\labelled_4232\Normal\images\Normal-5342.png,Normal,data\raw\radiography\COVID-19_Radiography_Dataset\Normal\images\Normal-5342.png
data\processed\labelled_4232\Normal\images\Normal-7464.png,Normal,data\raw\radiography\COVID-19_Radiography_Dataset\Normal\images\Normal-7464.png
data\processed\labelled_4232\Normal\images\Normal-4916.png,Normal,data\raw\radiography\COVID-19_Radiography_Dataset\Normal\images\Normal-4916.png
data\processed\labelled_4232\Normal\images\Normal-7779.png,Normal,data\raw\radiography\COVID-19_Radiography_Dataset\Normal\images\Normal-7779.png
data\processed\labelled_4232\Normal\images\Normal-5298.png,Normal,data\raw\radiography\COVID-19_Radiography_Dataset\Normal\images\Normal-5298.png
data\processed\labelled_4232\Normal\images\Normal-5954.png,Normal,data\raw\radiography\COVID-19_Radiography_Dataset\Normal\images\Normal-5954.png
data\processed\labelled_4232\Normal\images\Normal-7452.png,Normal,data\raw\radiography\COVID-19_Radiography_Dataset\Normal\images\Normal-7452.png
data\processed\labelled_4232\Normal\images\Normal-2903.png,Normal,data\raw\radiography\COVID-19_Radiography_Dataset\Normal\images\Normal-2903.png
data\processed\labelled_4232\Normal\images\Normal-4927.png,Normal,data\raw\radiography\COVID-19_Radiography_Dataset\Normal\images\Normal-4927.png
data\processed\labelled_4232\Normal\images\Normal-1367.png,Normal,data\raw\radiography\COVID-19_Radiography_Dataset\Normal\images\Normal-1367.png
data\processed\labelled_4232\Normal\images\Normal-7271.png,Normal,data\raw\radiography\COVID-19_Radiography_Dataset\Normal\images\Normal-7271.png
data\processed\labelled_4232\Normal\images\Normal-4719.png,Normal,data\raw\radiography\COVID-19_Radiography_Dataset\Normal\images\Normal-4719.png
data\processed\labelled_4232\Normal\images\Normal-4907.png,Normal,data\raw\radiography\COVID-19_Radiography_Dataset\Normal\images\Normal-4907.png
data\processed\labelled_4232\Normal\images\Normal-614.png,Normal,data\raw\radiography\COVID-19_Radiography_Dataset\Normal\images\Normal-614.png
data\processed\labelled_4232\Normal\images\Normal-3856.png,Normal,data\raw\radiography\COVID-19_Radiography_Dataset\Normal\images\Normal-3856.png
data\processed\labelled_4232\Normal\images\Normal-10160.png,Normal,data\raw\radiography\COVID-19_Radiography_Dataset\Normal\images\Normal-10160.png
data\processed\labelled_4232\Normal\images\Normal-5419.png,Normal,data\raw\radiography\COVID-19_Radiography_Dataset\Normal\images\Normal-5419.png
data\processed\labelled_4232\Normal\images\Normal-7840.png,Normal,data\raw\radiography\COVID-19_Radiography_Dataset\Normal\images\Normal-7840.png
data\processed\labelled_4232\Normal\images\Normal-4181.png,Normal,data\raw\radiography\COVID-19_Radiography_Dataset\Normal\images\Normal-4181.png
data\processed\labelled_4232\Normal\images\Normal-3808.png,Normal,data\raw\radiography\COVID-19_Radiography_Dataset\Normal\images\Normal-3808.png
data\processed\labelled_4232\Normal\images\Normal-5773.png,Normal,data\raw\radiography\COVID-19_Radiography_Dataset\Normal\images\Normal-5773.png
data\processed\labelled_4232\Normal\images\Normal-8509.png,Normal,data\raw\radiography\COVID-19_Radiography_Dataset\Normal\images\Normal-8509.png
data\processed\labelled_4232\Normal\images\Normal-3014.png,Normal,data\raw\radiography\COVID-19_Radiography_Dataset\Normal\images\Normal-3014.png
data\processed\labelled_4232\Normal\images\Normal-1840.png,Normal,data\raw\radiography\COVID-19_Radiography_Dataset\Normal\images\Normal-1840.png
data\processed\labelled_4232\Normal\images\Normal-5159.png,Normal,data\raw\radiography\COVID-19_Radiography_Dataset\Normal\images\Normal-5159.png
data\processed\labelled_4232\Normal\images\Normal-9330.png,Normal,data\raw\radiography\COVID-19_Radiography_Dataset\Normal\images\Normal-9330.png
data\processed\labelled_4232\Normal\images\Normal-9044.png,Normal,data\raw\radiography\COVID-19_Radiography_Dataset\Normal\images\Normal-9044.png
data\processed\labelled_4232\Normal\images\Normal-1614.png,Normal,data\raw\radiography\COVID-19_Radiography_Dataset\Normal\images\Normal-1614.png
data\processed\labelled_4232\Normal\images\Normal-4821.png,Normal,data\raw\radiography\COVID-19_Radiography_Dataset\Normal\images\Normal-4821.png
data\processed\labelled_4232\Normal\images\Normal-1547.png,Normal,data\raw\radiography\COVID-19_Radiography_Dataset\Normal\images\Normal-1547.png
data\processed\labelled_4232\Normal\images\Normal-7615.png,Normal,data\raw\radiography\COVID-19_Radiography_Dataset\Normal\images\Normal-7615.png
data\processed\labelled_4232\Normal\images\Normal-6125.png,Normal,data\raw\radiography\COVID-19_Radiography_Dataset\Normal\images\Normal-6125.png
data\processed\labelled_4232\Normal\images\Normal-6412.png,Normal,data\raw\radiography\COVID-19_Radiography_Dataset\Normal\images\Normal-6412.png
data\processed\labelled_4232\Normal\images\Normal-8599.png,Normal,data\raw\radiography\COVID-19_Radiography_Dataset\Normal\images\Normal-8599.png
data\processed\labelled_4232\Normal\images\Normal-7756.png,Normal,data\raw\radiography\COVID-19_Radiography_Dataset\Normal\images\Normal-7756.png
data\processed\labelled_4232\Normal\images\Normal-10125.png,Normal,data\raw\radiography\COVID-19_Radiography_Dataset\Normal\images\Normal-10125.png
data\processed\labelled_4232\Normal\images\Normal-7771.png,Normal,data\raw\radiography\COVID-19_Radiography_Dataset\Normal\images\Normal-7771.png
data\processed\labelled_4232\Normal\images\Normal-1903.png,Normal,data\raw\radiography\COVID-19_Radiography_Dataset\Normal\images\Normal-1903.png
data\processed\labelled_4232\Normal\images\Normal-2140.png,Normal,data\raw\radiography\COVID-19_Radiography_Dataset\Normal\images\Normal-2140.png
data\processed\labelled_4232\Normal\images\Normal-1150.png,Normal,data\raw\radiography\COVID-19_Radiography_Dataset\Normal\images\Normal-1150.png
data\processed\labelled_4232\Normal\images\Normal-9827.png,Normal,data\raw\radiography\COVID-19_Radiography_Dataset\Normal\images\Normal-9827.png
data\processed\labelled_4232\Normal\images\Normal-95.png,Normal,data\raw\radiography\COVID-19_Radiography_Dataset\Normal\images\Normal-95.png
data\processed\labelled_4232\Normal\images\Normal-6211.png,Normal,data\raw\radiography\COVID-19_Radiography_Dataset\Normal\images\Normal-6211.png
data\processed\labelled_4232\Normal\images\Normal-8754.png,Normal,data\raw\radiography\COVID-19_Radiography_Dataset\Normal\images\Normal-8754.png
data\processed\labelled_4232\Normal\images\Normal-5538.png,Normal,data\raw\radiography\COVID-19_Radiography_Dataset\Normal\images\Normal-5538.png
data\processed\labelled_4232\Normal\images\Normal-7004.png,Normal,data\raw\radiography\COVID-19_Radiography_Dataset\Normal\images\Normal-7004.png
data\processed\labelled_4232\Normal\images\Normal-1979.png,Normal,data\raw\radiography\COVID-19_Radiography_Dataset\Normal\images\Normal-1979.png
data\processed\labelled_4232\Normal\images\Normal-2934.png,Normal,data\raw\radiography\COVID-19_Radiography_Dataset\Normal\images\Normal-2934.png
data\processed\labelled_4232\Normal\images\Normal-2005.png,Normal,data\raw\radiography\COVID-19_Radiography_Dataset\Normal\images\Normal-2005.png
data\processed\labelled_4232\Normal\images\Normal-3395.png,Normal,data\raw\radiography\COVID-19_Radiography_Dataset\Normal\images\Normal-3395.png
data\processed\labelled_4232\Normal\images\Normal-3265.png,Normal,data\raw\radiography\COVID-19_Radiography_Dataset\Normal\images\Normal-3265.png
data\processed\labelled_4232\Normal\images\Normal-761.png,Normal,data\raw\radiography\COVID-19_Radiography_Dataset\Normal\images\Normal-761.png
data\processed\labelled_4232\Normal\images\Normal-2403.png,Normal,data\raw\radiography\COVID-19_Radiography_Dataset\Normal\images\Normal-2403.png
data\processed\labelled_4232\Normal\images\Normal-8215.png,Normal,data\raw\radiography\COVID-19_Radiography_Dataset\Normal\images\Normal-8215.png
data\processed\labelled_4232\Normal\images\Normal-2118.png,Normal,data\raw\radiography\COVID-19_Radiography_Dataset\Normal\images\Normal-2118.png
data\processed\labelled_4232\Normal\images\Normal-2942.png,Normal,data\raw\radiography\COVID-19_Radiography_Dataset\Normal\images\Normal-2942.png
data\processed\labelled_4232\Normal\images\Normal-9784.png,Normal,data\raw\radiography\COVID-19_Radiography_Dataset\Normal\images\Normal-9784.png
data\processed\labelled_4232\Normal\images\Normal-7318.png,Normal,data\raw\radiography\COVID-19_Radiography_Dataset\Normal\images\Normal-7318.png
data\processed\labelled_4232\Normal\images\Normal-3831.png,Normal,data\raw\radiography\COVID-19_Radiography_Dataset\Normal\images\Normal-3831.png
data\processed\labelled_4232\Normal\images\Normal-4332.png,Normal,data\raw\radiography\COVID-19_Radiography_Dataset\Normal\images\Normal-4332.png
data\processed\labelled_4232\Normal\images\Normal-8806.png,Normal,data\raw\radiography\COVID-19_Radiography_Dataset\Normal\images\Normal-8806.png
data\processed\labelled_4232\Normal\images\Normal-9103.png,Normal,data\raw\radiography\COVID-19_Radiography_Dataset\Normal\images\Normal-9103.png
data\processed\labelled_4232\Normal\images\Normal-6960.png,Normal,data\raw\radiography\COVID-19_Radiography_Dataset\Normal\images\Normal-6960.png
data\processed\labelled_4232\Normal\images\Normal-293.png,Normal,data\raw\radiography\COVID-19_Radiography_Dataset\Normal\images\Normal-293.png
data\processed\labelled_4232\Normal\images\Normal-6532.png,Normal,data\raw\radiography\COVID-19_Radiography_Dataset\Normal\images\Normal-6532.png
data\processed\labelled_4232\Normal\images\Normal-1256.png,Normal,data\raw\radiography\COVID-19_Radiography_Dataset\Normal\images\Normal-1256.png
data\processed\labelled_4232\Normal\images\Normal-572.png,Normal,data\raw\radiography\COVID-19_Radiography_Dataset\Normal\images\Normal-572.png
data\processed\labelled_4232\Normal\images\Normal-862.png,Normal,data\raw\radiography\COVID-19_Radiography_Dataset\Normal\images\Normal-862.png
data\processed\labelled_4232\Normal\images\Normal-9569.png,Normal,data\raw\radiography\COVID-19_Radiography_Dataset\Normal\images\Normal-9569.png
data\processed\labelled_4232\Normal\images\Normal-7496.png,Normal,data\raw\radiography\COVID-19_Radiography_Dataset\Normal\images\Normal-7496.png
data\processed\labelled_4232\Normal\images\Normal-4432.png,Normal,data\raw\radiography\COVID-19_Radiography_Dataset\Normal\images\Normal-4432.png
data\processed\labelled_4232\Normal\images\Normal-3859.png,Normal,data\raw\radiography\COVID-19_Radiography_Dataset\Normal\images\Normal-3859.png
data\processed\labelled_4232\Normal\images\Normal-9060.png,Normal,data\raw\radiography\COVID-19_Radiography_Dataset\Normal\images\Normal-9060.png
data\processed\labelled_4232\Normal\images\Normal-424.png,Normal,data\raw\radiography\COVID-19_Radiography_Dataset\Normal\images\Normal-424.png
data\processed\labelled_4232\Normal\images\Normal-9491.png,Normal,data\raw\radiography\COVID-19_Radiography_Dataset\Normal\images\Normal-9491.png
data\processed\labelled_4232\Normal\images\Normal-2475.png,Normal,data\raw\radiography\COVID-19_Radiography_Dataset\Normal\images\Normal-2475.png
data\processed\labelled_4232\Normal\images\Normal-4943.png,Normal,data\raw\radiography\COVID-19_Radiography_Dataset\Normal\images\Normal-4943.png
data\processed\labelled_4232\Normal\images\Normal-4830.png,Normal,data\raw\radiography\COVID-19_Radiography_Dataset\Normal\images\Normal-4830.png
data\processed\labelled_4232\Normal\images\Normal-4833.png,Normal,data\raw\radiography\COVID-19_Radiography_Dataset\Normal\images\Normal-4833.png
data\processed\labelled_4232\Normal\images\Normal-2465.png,Normal,data\raw\radiography\COVID-19_Radiography_Dataset\Normal\images\Normal-2465.png
data\processed\labelled_4232\Normal\images\Normal-7772.png,Normal,data\raw\radiography\COVID-19_Radiography_Dataset\Normal\images\Normal-7772.png
data\processed\labelled_4232\Normal\images\Normal-9309.png,Normal,data\raw\radiography\COVID-19_Radiography_Dataset\Normal\images\Normal-9309.png
data\processed\labelled_4232\Normal\images\Normal-4335.png,Normal,data\raw\radiography\COVID-19_Radiography_Dataset\Normal\images\Normal-4335.png
data\processed\labelled_4232\Normal\images\Normal-802.png,Normal,data\raw\radiography\COVID-19_Radiography_Dataset\Normal\images\Normal-802.png
data\processed\labelled_4232\Normal\images\Normal-1940.png,Normal,data\raw\radiography\COVID-19_Radiography_Dataset\Normal\images\Normal-1940.png
data\processed\labelled_4232\Normal\images\Normal-3644.png,Normal,data\raw\radiography\COVID-19_Radiography_Dataset\Normal\images\Normal-3644.png
data\processed\labelled_4232\Normal\images\Normal-2690.png,Normal,data\raw\radiography\COVID-19_Radiography_Dataset\Normal\images\Normal-2690.png
data\processed\labelled_4232\Normal\images\Normal-51.png,Normal,data\raw\radiography\COVID-19_Radiography_Dataset\Normal\images\Normal-51.png
data\processed\labelled_4232\Normal\images\Normal-4487.png,Normal,data\raw\radiography\COVID-19_Radiography_Dataset\Normal\images\Normal-4487.png
data\processed\labelled_4232\Normal\images\Normal-4713.png,Normal,data\raw\radiography\COVID-19_Radiography_Dataset\Normal\images\Normal-4713.png
data\processed\labelled_4232\Normal\images\Normal-10104.png,Normal,data\raw\radiography\COVID-19_Radiography_Dataset\Normal\images\Normal-10104.png
data\processed\labelled_4232\Normal\images\Normal-2931.png,Normal,data\raw\radiography\COVID-19_Radiography_Dataset\Normal\images\Normal-2931.png
data\processed\labelled_4232\Normal\images\Normal-9528.png,Normal,data\raw\radiography\COVID-19_Radiography_Dataset\Normal\images\Normal-9528.png
data\processed\labelled_4232\Normal\images\Normal-8708.png,Normal,data\raw\radiography\COVID-19_Radiography_Dataset\Normal\images\Normal-8708.png
data\processed\labelled_4232\Normal\images\Normal-1106.png,Normal,data\raw\radiography\COVID-19_Radiography_Dataset\Normal\images\Normal-1106.png
data\processed\labelled_4232\Normal\images\Normal-2107.png,Normal,data\raw\radiography\COVID-19_Radiography_Dataset\Normal\images\Normal-2107.png
data\processed\labelled_4232\Normal\images\Normal-4909.png,Normal,data\raw\radiography\COVID-19_Radiography_Dataset\Normal\images\Normal-4909.png
data\processed\labelled_4232\Normal\images\Normal-4388.png,Normal,data\raw\radiography\COVID-19_Radiography_Dataset\Normal\images\Normal-4388.png
data\processed\labelled_4232\Normal\images\Normal-4550.png,Normal,data\raw\radiography\COVID-19_Radiography_Dataset\Normal\images\Normal-4550.png
data\processed\labelled_4232\Normal\images\Normal-625.png,Normal,data\raw\radiography\COVID-19_Radiography_Dataset\Normal\images\Normal-625.png
data\processed\labelled_4232\Normal\images\Normal-3607.png,Normal,data\raw\radiography\COVID-19_Radiography_Dataset\Normal\images\Normal-3607.png
data\processed\labelled_4232\Normal\images\Normal-5017.png,Normal,data\raw\radiography\COVID-19_Radiography_Dataset\Normal\images\Normal-5017.png
data\processed\labelled_4232\Normal\images\Normal-5403.png,Normal,data\raw\radiography\COVID-19_Radiography_Dataset\Normal\images\Normal-5403.png
data\processed\labelled_4232\Normal\images\Normal-8969.png,Normal,data\raw\radiography\COVID-19_Radiography_Dataset\Normal\images\Normal-8969.png
data\processed\labelled_4232\Normal\images\Normal-4061.png,Normal,data\raw\radiography\COVID-19_Radiography_Dataset\Normal\images\Normal-4061.png
data\processed\labelled_4232\Normal\images\Normal-7226.png,Normal,data\raw\radiography\COVID-19_Radiography_Dataset\Normal\images\Normal-7226.png
data\processed\labelled_4232\Normal\images\Normal-9459.png,Normal,data\raw\radiography\COVID-19_Radiography_Dataset\Normal\images\Normal-9459.png
data\processed\labelled_4232\Normal\images\Normal-479.png,Normal,data\raw\radiography\COVID-19_Radiography_Dataset\Normal\images\Normal-479.png
data\processed\labelled_4232\Normal\images\Normal-8799.png,Normal,data\raw\radiography\COVID-19_Radiography_Dataset\Normal\images\Normal-8799.png
data\processed\labelled_4232\Normal\images\Normal-7315.png,Normal,data\raw\radiography\COVID-19_Radiography_Dataset\Normal\images\Normal-7315.png
data\processed\labelled_4232\Normal\images\Normal-7161.png,Normal,data\raw\radiography\COVID-19_Radiography_Dataset\Normal\images\Normal-7161.png
data\processed\labelled_4232\Normal\images\Normal-4397.png,Normal,data\raw\radiography\COVID-19_Radiography_Dataset\Normal\images\Normal-4397.png
data\processed\labelled_4232\Normal\images\Normal-8140.png,Normal,data\raw\radiography\COVID-19_Radiography_Dataset\Normal\images\Normal-8140.png
data\processed\labelled_4232\Lung_Opacity\images\Lung_Opacity-1196.png,Lung_Opacity,data\raw\radiography\COVID-19_Radiography_Dataset\Lung_Opacity\images\Lung_Opacity-1196.png
data\processed\labelled_4232\Lung_Opacity\images\Lung_Opacity-1061.png,Lung_Opacity,data\raw\radiography\COVID-19_Radiography_Dataset\Lung_Opacity\images\Lung_Opacity-1061.png
data\processed\labelled_4232\Lung_Opacity\images\Lung_Opacity-1652.png,Lung_Opacity,data\raw\radiography\COVID-19_Radiography_Dataset\Lung_Opacity\images\Lung_Opacity-1652.png
data\processed\labelled_4232\Lung_Opacity\images\Lung_Opacity-855.png,Lung_Opacity,data\raw\radiography\COVID-19_Radiography_Dataset\Lung_Opacity\images\Lung_Opacity-855.png
data\processed\labelled_4232\Lung_Opacity\images\Lung_Opacity-2050.png,Lung_Opacity,data\raw\radiography\COVID-19_Radiography_Dataset\Lung_Opacity\images\Lung_Opacity-2050.png
data\processed\labelled_4232\Lung_Opacity\images\Lung_Opacity-5129.png,Lung_Opacity,data\raw\radiography\COVID-19_Radiography_Dataset\Lung_Opacity\images\Lung_Opacity-5129.png
data\processed\labelled_4232\Lung_Opacity\images\Lung_Opacity-1409.png,Lung_Opacity,data\raw\radiography\COVID-19_Radiography_Dataset\Lung_Opacity\images\Lung_Opacity-1409.png
data\processed\labelled_4232\Lung_Opacity\images\Lung_Opacity-2393.png,Lung_Opacity,data\raw\radiography\COVID-19_Radiography_Dataset\Lung_Opacity\images\Lung_Opacity-2393.png
data\processed\labelled_4232\Lung_Opacity\images\Lung_Opacity-3103.png,Lung_Opacity,data\raw\radiography\COVID-19_Radiography_Dataset\Lung_Opacity\images\Lung_Opacity-3103.png
data\processed\labelled_4232\Lung_Opacity\images\Lung_Opacity-1187.png,Lung_Opacity,data\raw\radiography\COVID-19_Radiography_Dataset\Lung_Opacity\images\Lung_Opacity-1187.png
data\processed\labelled_4232\Lung_Opacity\images\Lung_Opacity-2916.png,Lung_Opacity,data\raw\radiography\COVID-19_Radiography_Dataset\Lung_Opacity\images\Lung_Opacity-2916.png
data\processed\labelled_4232\Lung_Opacity\images\Lung_Opacity-4708.png,Lung_Opacity,data\raw\radiography\COVID-19_Radiography_Dataset\Lung_Opacity\images\Lung_Opacity-4708.png
data\processed\labelled_4232\Lung_Opacity\images\Lung_Opacity-812.png,Lung_Opacity,data\raw\radiography\COVID-19_Radiography_Dataset\Lung_Opacity\images\Lung_Opacity-812.png
data\processed\labelled_4232\Lung_Opacity\images\Lung_Opacity-5447.png,Lung_Opacity,data\raw\radiography\COVID-19_Radiography_Dataset\Lung_Opacity\images\Lung_Opacity-5447.png
data\processed\labelled_4232\Lung_Opacity\images\Lung_Opacity-3854.png,Lung_Opacity,data\raw\radiography\COVID-19_Radiography_Dataset\Lung_Opacity\images\Lung_Opacity-3854.png
data\processed\labelled_4232\Lung_Opacity\images\Lung_Opacity-308.png,Lung_Opacity,data\raw\radiography\COVID-19_Radiography_Dataset\Lung_Opacity\images\Lung_Opacity-308.png
data\processed\labelled_4232\Lung_Opacity\images\Lung_Opacity-5320.png,Lung_Opacity,data\raw\radiography\COVID-19_Radiography_Dataset\Lung_Opacity\images\Lung_Opacity-5320.png
data\processed\labelled_4232\Lung_Opacity\images\Lung_Opacity-4003.png,Lung_Opacity,data\raw\radiography\COVID-19_Radiography_Dataset\Lung_Opacity\images\Lung_Opacity-4003.png
data\processed\labelled_4232\Lung_Opacity\images\Lung_Opacity-2060.png,Lung_Opacity,data\raw\radiography\COVID-19_Radiography_Dataset\Lung_Opacity\images\Lung_Opacity-2060.png
data\processed\labelled_4232\Lung_Opacity\images\Lung_Opacity-2381.png,Lung_Opacity,data\raw\radiography\COVID-19_Radiography_Dataset\Lung_Opacity\images\Lung_Opacity-2381.png
data\processed\labelled_4232\Lung_Opacity\images\Lung_Opacity-5423.png,Lung_Opacity,data\raw\radiography\COVID-19_Radiography_Dataset\Lung_Opacity\images\Lung_Opacity-5423.png
data\processed\labelled_4232\Lung_Opacity\images\Lung_Opacity-1368.png,Lung_Opacity,data\raw\radiography\COVID-19_Radiography_Dataset\Lung_Opacity\images\Lung_Opacity-1368.png
data\processed\labelled_4232\Lung_Opacity\images\Lung_Opacity-3801.png,Lung_Opacity,data\raw\radiography\COVID-19_Radiography_Dataset\Lung_Opacity\images\Lung_Opacity-3801.png
data\processed\labelled_4232\Lung_Opacity\images\Lung_Opacity-2624.png,Lung_Opacity,data\raw\radiography\COVID-19_Radiography_Dataset\Lung_Opacity\images\Lung_Opacity-2624.png
data\processed\labelled_4232\Lung_Opacity\images\Lung_Opacity-4493.png,Lung_Opacity,data\raw\radiography\COVID-19_Radiography_Dataset\Lung_Opacity\images\Lung_Opacity-4493.png
data\processed\labelled_4232\Lung_Opacity\images\Lung_Opacity-714.png,Lung_Opacity,data\raw\radiography\COVID-19_Radiography_Dataset\Lung_Opacity\images\Lung_Opacity-714.png
data\processed\labelled_4232\Lung_Opacity\images\Lung_Opacity-5674.png,Lung_Opacity,data\raw\radiography\COVID-19_Radiography_Dataset\Lung_Opacity\images\Lung_Opacity-5674.png
data\processed\labelled_4232\Lung_Opacity\images\Lung_Opacity-1908.png,Lung_Opacity,data\raw\radiography\COVID-19_Radiography_Dataset\Lung_Opacity\images\Lung_Opacity-1908.png
data\processed\labelled_4232\Lung_Opacity\images\Lung_Opacity-931.png,Lung_Opacity,data\raw\radiography\COVID-19_Radiography_Dataset\Lung_Opacity\images\Lung_Opacity-931.png
data\processed\labelled_4232\Lung_Opacity\images\Lung_Opacity-5548.png,Lung_Opacity,data\raw\radiography\COVID-19_Radiography_Dataset\Lung_Opacity\images\Lung_Opacity-5548.png
data\processed\labelled_4232\Lung_Opacity\images\Lung_Opacity-1242.png,Lung_Opacity,data\raw\radiography\COVID-19_Radiography_Dataset\Lung_Opacity\images\Lung_Opacity-1242.png
data\processed\labelled_4232\Lung_Opacity\images\Lung_Opacity-4438.png,Lung_Opacity,data\raw\radiography\COVID-19_Radiography_Dataset\Lung_Opacity\images\Lung_Opacity-4438.png
data\processed\labelled_4232\Lung_Opacity\images\Lung_Opacity-3398.png,Lung_Opacity,data\raw\radiography\COVID-19_Radiography_Dataset\Lung_Opacity\images\Lung_Opacity-3398.png
data\processed\labelled_4232\Lung_Opacity\images\Lung_Opacity-1923.png,Lung_Opacity,data\raw\radiography\COVID-19_Radiography_Dataset\Lung_Opacity\images\Lung_Opacity-1923.png
data\processed\labelled_4232\Lung_Opacity\images\Lung_Opacity-5665.png,Lung_Opacity,data\raw\radiography\COVID-19_Radiography_Dataset\Lung_Opacity\images\Lung_Opacity-5665.png
data\processed\labelled_4232\Lung_Opacity\images\Lung_Opacity-3675.png,Lung_Opacity,data\raw\radiography\COVID-19_Radiography_Dataset\Lung_Opacity\images\Lung_Opacity-3675.png
data\processed\labelled_4232\Lung_Opacity\images\Lung_Opacity-4771.png,Lung_Opacity,data\raw\radiography\COVID-19_Radiography_Dataset\Lung_Opacity\images\Lung_Opacity-4771.png
data\processed\labelled_4232\Lung_Opacity\images\Lung_Opacity-2620.png,Lung_Opacity,data\raw\radiography\COVID-19_Radiography_Dataset\Lung_Opacity\images\Lung_Opacity-2620.png
data\processed\labelled_4232\Lung_Opacity\images\Lung_Opacity-5642.png,Lung_Opacity,data\raw\radiography\COVID-19_Radiography_Dataset\Lung_Opacity\images\Lung_Opacity-5642.png
data\processed\labelled_4232\Lung_Opacity\images\Lung_Opacity-2116.png,Lung_Opacity,data\raw\radiography\COVID-19_Radiography_Dataset\Lung_Opacity\images\Lung_Opacity-2116.png
data\processed\labelled_4232\Lung_Opacity\images\Lung_Opacity-1959.png,Lung_Opacity,data\raw\radiography\COVID-19_Radiography_Dataset\Lung_Opacity\images\Lung_Opacity-1959.png
data\processed\labelled_4232\Lung_Opacity\images\Lung_Opacity-4761.png,Lung_Opacity,data\raw\radiography\COVID-19_Radiography_Dataset\Lung_Opacity\images\Lung_Opacity-4761.png
data\processed\labelled_4232\Lung_Opacity\images\Lung_Opacity-3095.png,Lung_Opacity,data\raw\radiography\COVID-19_Radiography_Dataset\Lung_Opacity\images\Lung_Opacity-3095.png
data\processed\labelled_4232\Lung_Opacity\images\Lung_Opacity-301.png,Lung_Opacity,data\raw\radiography\COVID-19_Radiography_Dataset\Lung_Opacity\images\Lung_Opacity-301.png
data\processed\labelled_4232\Lung_Opacity\images\Lung_Opacity-2768.png,Lung_Opacity,data\raw\radiography\COVID-19_Radiography_Dataset\Lung_Opacity\images\Lung_Opacity-2768.png
data\processed\labelled_4232\Lung_Opacity\images\Lung_Opacity-5305.png,Lung_Opacity,data\raw\radiography\COVID-19_Radiography_Dataset\Lung_Opacity\images\Lung_Opacity-5305.png
data\processed\labelled_4232\Lung_Opacity\images\Lung_Opacity-2284.png,Lung_Opacity,data\raw\radiography\COVID-19_Radiography_Dataset\Lung_Opacity\images\Lung_Opacity-2284.png
data\processed\labelled_4232\Lung_Opacity\images\Lung_Opacity-3923.png,Lung_Opacity,data\raw\radiography\COVID-19_Radiography_Dataset\Lung_Opacity\images\Lung_Opacity-3923.png
data\processed\labelled_4232\Lung_Opacity\images\Lung_Opacity-4857.png,Lung_Opacity,data\raw\radiography\COVID-19_Radiography_Dataset\Lung_Opacity\images\Lung_Opacity-4857.png
data\processed\labelled_4232\Lung_Opacity\images\Lung_Opacity-3623.png,Lung_Opacity,data\raw\radiography\COVID-19_Radiography_Dataset\Lung_Opacity\images\Lung_Opacity-3623.png
data\processed\labelled_4232\Lung_Opacity\images\Lung_Opacity-1410.png,Lung_Opacity,data\raw\radiography\COVID-19_Radiography_Dataset\Lung_Opacity\images\Lung_Opacity-1410.png
data\processed\labelled_4232\Lung_Opacity\images\Lung_Opacity-1098.png,Lung_Opacity,data\raw\radiography\COVID-19_Radiography_Dataset\Lung_Opacity\images\Lung_Opacity-1098.png
data\processed\labelled_4232\Lung_Opacity\images\Lung_Opacity-1781.png,Lung_Opacity,data\raw\radiography\COVID-19_Radiography_Dataset\Lung_Opacity\images\Lung_Opacity-1781.png
data\processed\labelled_4232\Lung_Opacity\images\Lung_Opacity-3504.png,Lung_Opacity,data\raw\radiography\COVID-19_Radiography_Dataset\Lung_Opacity\images\Lung_Opacity-3504.png
data\processed\labelled_4232\Lung_Opacity\images\Lung_Opacity-3530.png,Lung_Opacity,data\raw\radiography\COVID-19_Radiography_Dataset\Lung_Opacity\images\Lung_Opacity-3530.png
data\processed\labelled_4232\Lung_Opacity\images\Lung_Opacity-4734.png,Lung_Opacity,data\raw\radiography\COVID-19_Radiography_Dataset\Lung_Opacity\images\Lung_Opacity-4734.png
data\processed\labelled_4232\Lung_Opacity\images\Lung_Opacity-4199.png,Lung_Opacity,data\raw\radiography\COVID-19_Radiography_Dataset\Lung_Opacity\images\Lung_Opacity-4199.png
data\processed\labelled_4232\Lung_Opacity\images\Lung_Opacity-1991.png,Lung_Opacity,data\raw\radiography\COVID-19_Radiography_Dataset\Lung_Opacity\images\Lung_Opacity-1991.png
data\processed\labelled_4232\Lung_Opacity\images\Lung_Opacity-5059.png,Lung_Opacity,data\raw\radiography\COVID-19_Radiography_Dataset\Lung_Opacity\images\Lung_Opacity-5059.png
data\processed\labelled_4232\Lung_Opacity\images\Lung_Opacity-5020.png,Lung_Opacity,data\raw\radiography\COVID-19_Radiography_Dataset\Lung_Opacity\images\Lung_Opacity-5020.png
data\processed\labelled_4232\Lung_Opacity\images\Lung_Opacity-2412.png,Lung_Opacity,data\raw\radiography\COVID-19_Radiography_Dataset\Lung_Opacity\images\Lung_Opacity-2412.png
data\processed\labelled_4232\Lung_Opacity\images\Lung_Opacity-4174.png,Lung_Opacity,data\raw\radiography\COVID-19_Radiography_Dataset\Lung_Opacity\images\Lung_Opacity-4174.png
data\processed\labelled_4232\Lung_Opacity\images\Lung_Opacity-4645.png,Lung_Opacity,data\raw\radiography\COVID-19_Radiography_Dataset\Lung_Opacity\images\Lung_Opacity-4645.png
data\processed\labelled_4232\Lung_Opacity\images\Lung_Opacity-4066.png,Lung_Opacity,data\raw\radiography\COVID-19_Radiography_Dataset\Lung_Opacity\images\Lung_Opacity-4066.png
data\processed\labelled_4232\Lung_Opacity\images\Lung_Opacity-3254.png,Lung_Opacity,data\raw\radiography\COVID-19_Radiography_Dataset\Lung_Opacity\images\Lung_Opacity-3254.png
data\processed\labelled_4232\Lung_Opacity\images\Lung_Opacity-2795.png,Lung_Opacity,data\raw\radiography\COVID-19_Radiography_Dataset\Lung_Opacity\images\Lung_Opacity-2795.png
data\processed\labelled_4232\Lung_Opacity\images\Lung_Opacity-4652.png,Lung_Opacity,data\raw\radiography\COVID-19_Radiography_Dataset\Lung_Opacity\images\Lung_Opacity-4652.png
data\processed\labelled_4232\Lung_Opacity\images\Lung_Opacity-456.png,Lung_Opacity,data\raw\radiography\COVID-19_Radiography_Dataset\Lung_Opacity\images\Lung_Opacity-456.png
data\processed\labelled_4232\Lung_Opacity\images\Lung_Opacity-5387.png,Lung_Opacity,data\raw\radiography\COVID-19_Radiography_Dataset\Lung_Opacity\images\Lung_Opacity-5387.png
data\processed\labelled_4232\Lung_Opacity\images\Lung_Opacity-4709.png,Lung_Opacity,data\raw\radiography\COVID-19_Radiography_Dataset\Lung_Opacity\images\Lung_Opacity-4709.png
data\processed\labelled_4232\Lung_Opacity\images\Lung_Opacity-2498.png,Lung_Opacity,data\raw\radiography\COVID-19_Radiography_Dataset\Lung_Opacity\images\Lung_Opacity-2498.png
data\processed\labelled_4232\Lung_Opacity\images\Lung_Opacity-1429.png,Lung_Opacity,data\raw\radiography\COVID-19_Radiography_Dataset\Lung_Opacity\images\Lung_Opacity-1429.png
data\processed\labelled_4232\Lung_Opacity\images\Lung_Opacity-5325.png,Lung_Opacity,data\raw\radiography\COVID-19_Radiography_Dataset\Lung_Opacity\images\Lung_Opacity-5325.png
data\processed\labelled_4232\Lung_Opacity\images\Lung_Opacity-40.png,Lung_Opacity,data\raw\radiography\COVID-19_Radiography_Dataset\Lung_Opacity\images\Lung_Opacity-40.png
data\processed\labelled_4232\Lung_Opacity\images\Lung_Opacity-3199.png,Lung_Opacity,data\raw\radiography\COVID-19_Radiography_Dataset\Lung_Opacity\images\Lung_Opacity-3199.png
data\processed\labelled_4232\Lung_Opacity\images\Lung_Opacity-3785.png,Lung_Opacity,data\raw\radiography\COVID-19_Radiography_Dataset\Lung_Opacity\images\Lung_Opacity-3785.png
data\processed\labelled_4232\Lung_Opacity\images\Lung_Opacity-694.png,Lung_Opacity,data\raw\radiography\COVID-19_Radiography_Dataset\Lung_Opacity\images\Lung_Opacity-694.png
data\processed\labelled_4232\Lung_Opacity\images\Lung_Opacity-92.png,Lung_Opacity,data\raw\radiography\COVID-19_Radiography_Dataset\Lung_Opacity\images\Lung_Opacity-92.png
data\processed\labelled_4232\Lung_Opacity\images\Lung_Opacity-678.png,Lung_Opacity,data\raw\radiography\COVID-19_Radiography_Dataset\Lung_Opacity\images\Lung_Opacity-678.png
data\processed\labelled_4232\Lung_Opacity\images\Lung_Opacity-5703.png,Lung_Opacity,data\raw\radiography\COVID-19_Radiography_Dataset\Lung_Opacity\images\Lung_Opacity-5703.png
data\processed\labelled_4232\Lung_Opacity\images\Lung_Opacity-3393.png,Lung_Opacity,data\raw\radiography\COVID-19_Radiography_Dataset\Lung_Opacity\images\Lung_Opacity-3393.png
data\processed\labelled_4232\Lung_Opacity\images\Lung_Opacity-5650.png,Lung_Opacity,data\raw\radiography\COVID-19_Radiography_Dataset\Lung_Opacity\images\Lung_Opacity-5650.png
data\processed\labelled_4232\Lung_Opacity\images\Lung_Opacity-3091.png,Lung_Opacity,data\raw\radiography\COVID-19_Radiography_Dataset\Lung_Opacity\images\Lung_Opacity-3091.png
data\processed\labelled_4232\Lung_Opacity\images\Lung_Opacity-5197.png,Lung_Opacity,data\raw\radiography\COVID-19_Radiography_Dataset\Lung_Opacity\images\Lung_Opacity-5197.png
data\processed\labelled_4232\Lung_Opacity\images\Lung_Opacity-5607.png,Lung_Opacity,data\raw\radiography\COVID-19_Radiography_Dataset\Lung_Opacity\images\Lung_Opacity-5607.png
data\processed\labelled_4232\Lung_Opacity\images\Lung_Opacity-952.png,Lung_Opacity,data\raw\radiography\COVID-19_Radiography_Dataset\Lung_Opacity\images\Lung_Opacity-952.png
data\processed\labelled_4232\Lung_Opacity\images\Lung_Opacity-4659.png,Lung_Opacity,data\raw\radiography\COVID-19_Radiography_Dataset\Lung_Opacity\images\Lung_Opacity-4659.png
data\processed\labelled_4232\Lung_Opacity\images\Lung_Opacity-3657.png,Lung_Opacity,data\raw\radiography\COVID-19_Radiography_Dataset\Lung_Opacity\images\Lung_Opacity-3657.png
data\processed\labelled_4232\Lung_Opacity\images\Lung_Opacity-3264.png,Lung_Opacity,data\raw\radiography\COVID-19_Radiography_Dataset\Lung_Opacity\images\Lung_Opacity-3264.png
data\processed\labelled_4232\Lung_Opacity\images\Lung_Opacity-4858.png,Lung_Opacity,data\raw\radiography\COVID-19_Radiography_Dataset\Lung_Opacity\images\Lung_Opacity-4858.png
data\processed\labelled_4232\Lung_Opacity\images\Lung_Opacity-4510.png,Lung_Opacity,data\raw\radiography\COVID-19_Radiography_Dataset\Lung_Opacity\images\Lung_Opacity-4510.png
data\processed\labelled_4232\Lung_Opacity\images\Lung_Opacity-1364.png,Lung_Opacity,data\raw\radiography\COVID-19_Radiography_Dataset\Lung_Opacity\images\Lung_Opacity-1364.png
data\processed\labelled_4232\Lung_Opacity\images\Lung_Opacity-5335.png,Lung_Opacity,data\raw\radiography\COVID-19_Radiography_Dataset\Lung_Opacity\images\Lung_Opacity-5335.png
data\processed\labelled_4232\Lung_Opacity\images\Lung_Opacity-1127.png,Lung_Opacity,data\raw\radiography\COVID-19_Radiography_Dataset\Lung_Opacity\images\Lung_Opacity-1127.png
data\processed\labelled_4232\Lung_Opacity\images\Lung_Opacity-118.png,Lung_Opacity,data\raw\radiography\COVID-19_Radiography_Dataset\Lung_Opacity\images\Lung_Opacity-118.png
data\processed\labelled_4232\Lung_Opacity\images\Lung_Opacity-4597.png,Lung_Opacity,data\raw\radiography\COVID-19_Radiography_Dataset\Lung_Opacity\images\Lung_Opacity-4597.png
data\processed\labelled_4232\Lung_Opacity\images\Lung_Opacity-4059.png,Lung_Opacity,data\raw\radiography\COVID-19_Radiography_Dataset\Lung_Opacity\images\Lung_Opacity-4059.png
data\processed\labelled_4232\Lung_Opacity\images\Lung_Opacity-4179.png,Lung_Opacity,data\raw\radiography\COVID-19_Radiography_Dataset\Lung_Opacity\images\Lung_Opacity-4179.png
data\processed\labelled_4232\Lung_Opacity\images\Lung_Opacity-3656.png,Lung_Opacity,data\raw\radiography\COVID-19_Radiography_Dataset\Lung_Opacity\images\Lung_Opacity-3656.png
data\processed\labelled_4232\Lung_Opacity\images\Lung_Opacity-2920.png,Lung_Opacity,data\raw\radiography\COVID-19_Radiography_Dataset\Lung_Opacity\images\Lung_Opacity-2920.png
data\processed\labelled_4232\Lung_Opacity\images\Lung_Opacity-4902.png,Lung_Opacity,data\raw\radiography\COVID-19_Radiography_Dataset\Lung_Opacity\images\Lung_Opacity-4902.png
data\processed\labelled_4232\Lung_Opacity\images\Lung_Opacity-5150.png,Lung_Opacity,data\raw\radiography\COVID-19_Radiography_Dataset\Lung_Opacity\images\Lung_Opacity-5150.png
data\processed\labelled_4232\Lung_Opacity\images\Lung_Opacity-1176.png,Lung_Opacity,data\raw\radiography\COVID-19_Radiography_Dataset\Lung_Opacity\images\Lung_Opacity-1176.png
data\processed\labelled_4232\Lung_Opacity\images\Lung_Opacity-3620.png,Lung_Opacity,data\raw\radiography\COVID-19_Radiography_Dataset\Lung_Opacity\images\Lung_Opacity-3620.png
data\processed\labelled_4232\Lung_Opacity\images\Lung_Opacity-1488.png,Lung_Opacity,data\raw\radiography\COVID-19_Radiography_Dataset\Lung_Opacity\images\Lung_Opacity-1488.png
data\processed\labelled_4232\Lung_Opacity\images\Lung_Opacity-5960.png,Lung_Opacity,data\raw\radiography\COVID-19_Radiography_Dataset\Lung_Opacity\images\Lung_Opacity-5960.png
data\processed\labelled_4232\Lung_Opacity\images\Lung_Opacity-1915.png,Lung_Opacity,data\raw\radiography\COVID-19_Radiography_Dataset\Lung_Opacity\images\Lung_Opacity-1915.png
data\processed\labelled_4232\Lung_Opacity\images\Lung_Opacity-6003.png,Lung_Opacity,data\raw\radiography\COVID-19_Radiography_Dataset\Lung_Opacity\images\Lung_Opacity-6003.png
data\processed\labelled_4232\Lung_Opacity\images\Lung_Opacity-2056.png,Lung_Opacity,data\raw\radiography\COVID-19_Radiography_Dataset\Lung_Opacity\images\Lung_Opacity-2056.png
data\processed\labelled_4232\Lung_Opacity\images\Lung_Opacity-1661.png,Lung_Opacity,data\raw\radiography\COVID-19_Radiography_Dataset\Lung_Opacity\images\Lung_Opacity-1661.png
data\processed\labelled_4232\Lung_Opacity\images\Lung_Opacity-3311.png,Lung_Opacity,data\raw\radiography\COVID-19_Radiography_Dataset\Lung_Opacity\images\Lung_Opacity-3311.png
data\processed\labelled_4232\Lung_Opacity\images\Lung_Opacity-5685.png,Lung_Opacity,data\raw\radiography\COVID-19_Radiography_Dataset\Lung_Opacity\images\Lung_Opacity-5685.png
data\processed\labelled_4232\Lung_Opacity\images\Lung_Opacity-3595.png,Lung_Opacity,data\raw\radiography\COVID-19_Radiography_Dataset\Lung_Opacity\images\Lung_Opacity-3595.png
data\processed\labelled_4232\Lung_Opacity\images\Lung_Opacity-3056.png,Lung_Opacity,data\raw\radiography\COVID-19_Radiography_Dataset\Lung_Opacity\images\Lung_Opacity-3056.png
data\processed\labelled_4232\Lung_Opacity\images\Lung_Opacity-5096.png,Lung_Opacity,data\raw\radiography\COVID-19_Radiography_Dataset\Lung_Opacity\images\Lung_Opacity-5096.png
data\processed\labelled_4232\Lung_Opacity\images\Lung_Opacity-4675.png,Lung_Opacity,data\raw\radiography\COVID-19_Radiography_Dataset\Lung_Opacity\images\Lung_Opacity-4675.png
data\processed\labelled_4232\Lung_Opacity\images\Lung_Opacity-3173.png,Lung_Opacity,data\raw\radiography\COVID-19_Radiography_Dataset\Lung_Opacity\images\Lung_Opacity-3173.png
data\processed\labelled_4232\Lung_Opacity\images\Lung_Opacity-2838.png,Lung_Opacity,data\raw\radiography\COVID-19_Radiography_Dataset\Lung_Opacity\images\Lung_Opacity-2838.png
data\processed\labelled_4232\Lung_Opacity\images\Lung_Opacity-5354.png,Lung_Opacity,data\raw\radiography\COVID-19_Radiography_Dataset\Lung_Opacity\images\Lung_Opacity-5354.png
data\processed\labelled_4232\Lung_Opacity\images\Lung_Opacity-4471.png,Lung_Opacity,data\raw\radiography\COVID-19_Radiography_Dataset\Lung_Opacity\images\Lung_Opacity-4471.png
data\processed\labelled_4232\Lung_Opacity\images\Lung_Opacity-2753.png,Lung_Opacity,data\raw\radiography\COVID-19_Radiography_Dataset\Lung_Opacity\images\Lung_Opacity-2753.png
data\processed\labelled_4232\Lung_Opacity\images\Lung_Opacity-2789.png,Lung_Opacity,data\raw\radiography\COVID-19_Radiography_Dataset\Lung_Opacity\images\Lung_Opacity-2789.png
data\processed\labelled_4232\Lung_Opacity\images\Lung_Opacity-2670.png,Lung_Opacity,data\raw\radiography\COVID-19_Radiography_Dataset\Lung_Opacity\images\Lung_Opacity-2670.png
data\processed\labelled_4232\Lung_Opacity\images\Lung_Opacity-5359.png,Lung_Opacity,data\raw\radiography\COVID-19_Radiography_Dataset\Lung_Opacity\images\Lung_Opacity-5359.png
data\processed\labelled_4232\Lung_Opacity\images\Lung_Opacity-2801.png,Lung_Opacity,data\raw\radiography\COVID-19_Radiography_Dataset\Lung_Opacity\images\Lung_Opacity-2801.png
data\processed\labelled_4232\Lung_Opacity\images\Lung_Opacity-4801.png,Lung_Opacity,data\raw\radiography\COVID-19_Radiography_Dataset\Lung_Opacity\images\Lung_Opacity-4801.png
data\processed\labelled_4232\Lung_Opacity\images\Lung_Opacity-916.png,Lung_Opacity,data\raw\radiography\COVID-19_Radiography_Dataset\Lung_Opacity\images\Lung_Opacity-916.png
data\processed\labelled_4232\Lung_Opacity\images\Lung_Opacity-1911.png,Lung_Opacity,data\raw\radiography\COVID-19_Radiography_Dataset\Lung_Opacity\images\Lung_Opacity-1911.png
data\processed\labelled_4232\Lung_Opacity\images\Lung_Opacity-3636.png,Lung_Opacity,data\raw\radiography\COVID-19_Radiography_Dataset\Lung_Opacity\images\Lung_Opacity-3636.png
data\processed\labelled_4232\Lung_Opacity\images\Lung_Opacity-4505.png,Lung_Opacity,data\raw\radiography\COVID-19_Radiography_Dataset\Lung_Opacity\images\Lung_Opacity-4505.png
data\processed\labelled_4232\Lung_Opacity\images\Lung_Opacity-4983.png,Lung_Opacity,data\raw\radiography\COVID-19_Radiography_Dataset\Lung_Opacity\images\Lung_Opacity-4983.png
data\processed\labelled_4232\Lung_Opacity\images\Lung_Opacity-5737.png,Lung_Opacity,data\raw\radiography\COVID-19_Radiography_Dataset\Lung_Opacity\images\Lung_Opacity-5737.png
data\processed\labelled_4232\Lung_Opacity\images\Lung_Opacity-2064.png,Lung_Opacity,data\raw\radiography\COVID-19_Radiography_Dataset\Lung_Opacity\images\Lung_Opacity-2064.png
data\processed\labelled_4232\Lung_Opacity\images\Lung_Opacity-5954.png,Lung_Opacity,data\raw\radiography\COVID-19_Radiography_Dataset\Lung_Opacity\images\Lung_Opacity-5954.png
data\processed\labelled_4232\Lung_Opacity\images\Lung_Opacity-2514.png,Lung_Opacity,data\raw\radiography\COVID-19_Radiography_Dataset\Lung_Opacity\images\Lung_Opacity-2514.png
data\processed\labelled_4232\Lung_Opacity\images\Lung_Opacity-2616.png,Lung_Opacity,data\raw\radiography\COVID-19_Radiography_Dataset\Lung_Opacity\images\Lung_Opacity-2616.png
data\processed\labelled_4232\Lung_Opacity\images\Lung_Opacity-1712.png,Lung_Opacity,data\raw\radiography\COVID-19_Radiography_Dataset\Lung_Opacity\images\Lung_Opacity-1712.png
data\processed\labelled_4232\Lung_Opacity\images\Lung_Opacity-2523.png,Lung_Opacity,data\raw\radiography\COVID-19_Radiography_Dataset\Lung_Opacity\images\Lung_Opacity-2523.png
data\processed\labelled_4232\Lung_Opacity\images\Lung_Opacity-5662.png,Lung_Opacity,data\raw\radiography\COVID-19_Radiography_Dataset\Lung_Opacity\images\Lung_Opacity-5662.png
data\processed\labelled_4232\Lung_Opacity\images\Lung_Opacity-1237.png,Lung_Opacity,data\raw\radiography\COVID-19_Radiography_Dataset\Lung_Opacity\images\Lung_Opacity-1237.png
data\processed\labelled_4232\Lung_Opacity\images\Lung_Opacity-1954.png,Lung_Opacity,data\raw\radiography\COVID-19_Radiography_Dataset\Lung_Opacity\images\Lung_Opacity-1954.png
data\processed\labelled_4232\Lung_Opacity\images\Lung_Opacity-3337.png,Lung_Opacity,data\raw\radiography\COVID-19_Radiography_Dataset\Lung_Opacity\images\Lung_Opacity-3337.png
data\processed\labelled_4232\Lung_Opacity\images\Lung_Opacity-5909.png,Lung_Opacity,data\raw\radiography\COVID-19_Radiography_Dataset\Lung_Opacity\images\Lung_Opacity-5909.png
data\processed\labelled_4232\Lung_Opacity\images\Lung_Opacity-5872.png,Lung_Opacity,data\raw\radiography\COVID-19_Radiography_Dataset\Lung_Opacity\images\Lung_Opacity-5872.png
data\processed\labelled_4232\Lung_Opacity\images\Lung_Opacity-4810.png,Lung_Opacity,data\raw\radiography\COVID-19_Radiography_Dataset\Lung_Opacity\images\Lung_Opacity-4810.png
data\processed\labelled_4232\Lung_Opacity\images\Lung_Opacity-2232.png,Lung_Opacity,data\raw\radiography\COVID-19_Radiography_Dataset\Lung_Opacity\images\Lung_Opacity-2232.png
data\processed\labelled_4232\Lung_Opacity\images\Lung_Opacity-2682.png,Lung_Opacity,data\raw\radiography\COVID-19_Radiography_Dataset\Lung_Opacity\images\Lung_Opacity-2682.png
data\processed\labelled_4232\Lung_Opacity\images\Lung_Opacity-3258.png,Lung_Opacity,data\raw\radiography\COVID-19_Radiography_Dataset\Lung_Opacity\images\Lung_Opacity-3258.png
data\processed\labelled_4232\Lung_Opacity\images\Lung_Opacity-5249.png,Lung_Opacity,data\raw\radiography\COVID-19_Radiography_Dataset\Lung_Opacity\images\Lung_Opacity-5249.png
data\processed\labelled_4232\Lung_Opacity\images\Lung_Opacity-4239.png,Lung_Opacity,data\raw\radiography\COVID-19_Radiography_Dataset\Lung_Opacity\images\Lung_Opacity-4239.png
data\processed\labelled_4232\Lung_Opacity\images\Lung_Opacity-4969.png,Lung_Opacity,data\raw\radiography\COVID-19_Radiography_Dataset\Lung_Opacity\images\Lung_Opacity-4969.png
data\processed\labelled_4232\Lung_Opacity\images\Lung_Opacity-3903.png,Lung_Opacity,data\raw\radiography\COVID-19_Radiography_Dataset\Lung_Opacity\images\Lung_Opacity-3903.png
data\processed\labelled_4232\Lung_Opacity\images\Lung_Opacity-2268.png,Lung_Opacity,data\raw\radiography\COVID-19_Radiography_Dataset\Lung_Opacity\images\Lung_Opacity-2268.png
data\processed\labelled_4232\Lung_Opacity\images\Lung_Opacity-4664.png,Lung_Opacity,data\raw\radiography\COVID-19_Radiography_Dataset\Lung_Opacity\images\Lung_Opacity-4664.png
data\processed\labelled_4232\Lung_Opacity\images\Lung_Opacity-5388.png,Lung_Opacity,data\raw\radiography\COVID-19_Radiography_Dataset\Lung_Opacity\images\Lung_Opacity-5388.png
data\processed\labelled_4232\Lung_Opacity\images\Lung_Opacity-2559.png,Lung_Opacity,data\raw\radiography\COVID-19_Radiography_Dataset\Lung_Opacity\images\Lung_Opacity-2559.png
data\processed\labelled_4232\Lung_Opacity\images\Lung_Opacity-1243.png,Lung_Opacity,data\raw\radiography\COVID-19_Radiography_Dataset\Lung_Opacity\images\Lung_Opacity-1243.png
data\processed\labelled_4232\Lung_Opacity\images\Lung_Opacity-383.png,Lung_Opacity,data\raw\radiography\COVID-19_Radiography_Dataset\Lung_Opacity\images\Lung_Opacity-383.png
data\processed\labelled_4232\Lung_Opacity\images\Lung_Opacity-4084.png,Lung_Opacity,data\raw\radiography\COVID-19_Radiography_Dataset\Lung_Opacity\images\Lung_Opacity-4084.png
data\processed\labelled_4232\Lung_Opacity\images\Lung_Opacity-2181.png,Lung_Opacity,data\raw\radiography\COVID-19_Radiography_Dataset\Lung_Opacity\images\Lung_Opacity-2181.png
data\processed\labelled_4232\Lung_Opacity\images\Lung_Opacity-5365.png,Lung_Opacity,data\raw\radiography\COVID-19_Radiography_Dataset\Lung_Opacity\images\Lung_Opacity-5365.png
data\processed\labelled_4232\Lung_Opacity\images\Lung_Opacity-3506.png,Lung_Opacity,data\raw\radiography\COVID-19_Radiography_Dataset\Lung_Opacity\images\Lung_Opacity-3506.png
data\processed\labelled_4232\Lung_Opacity\images\Lung_Opacity-3384.png,Lung_Opacity,data\raw\radiography\COVID-19_Radiography_Dataset\Lung_Opacity\images\Lung_Opacity-3384.png
data\processed\labelled_4232\Lung_Opacity\images\Lung_Opacity-2677.png,Lung_Opacity,data\raw\radiography\COVID-19_Radiography_Dataset\Lung_Opacity\images\Lung_Opacity-2677.png
data\processed\labelled_4232\Lung_Opacity\images\Lung_Opacity-3423.png,Lung_Opacity,data\raw\radiography\COVID-19_Radiography_Dataset\Lung_Opacity\images\Lung_Opacity-3423.png
data\processed\labelled_4232\Lung_Opacity\images\Lung_Opacity-5999.png,Lung_Opacity,data\raw\radiography\COVID-19_Radiography_Dataset\Lung_Opacity\images\Lung_Opacity-5999.png
data\processed\labelled_4232\Lung_Opacity\images\Lung_Opacity-4243.png,Lung_Opacity,data\raw\radiography\COVID-19_Radiography_Dataset\Lung_Opacity\images\Lung_Opacity-4243.png
data\processed\labelled_4232\Lung_Opacity\images\Lung_Opacity-5613.png,Lung_Opacity,data\raw\radiography\COVID-19_Radiography_Dataset\Lung_Opacity\images\Lung_Opacity-5613.png
data\processed\labelled_4232\Lung_Opacity\images\Lung_Opacity-176.png,Lung_Opacity,data\raw\radiography\COVID-19_Radiography_Dataset\Lung_Opacity\images\Lung_Opacity-176.png
data\processed\labelled_4232\Lung_Opacity\images\Lung_Opacity-780.png,Lung_Opacity,data\raw\radiography\COVID-19_Radiography_Dataset\Lung_Opacity\images\Lung_Opacity-780.png
data\processed\labelled_4232\Lung_Opacity\images\Lung_Opacity-3546.png,Lung_Opacity,data\raw\radiography\COVID-19_Radiography_Dataset\Lung_Opacity\images\Lung_Opacity-3546.png
data\processed\labelled_4232\Lung_Opacity\images\Lung_Opacity-4556.png,Lung_Opacity,data\raw\radiography\COVID-19_Radiography_Dataset\Lung_Opacity\images\Lung_Opacity-4556.png
data\processed\labelled_4232\Lung_Opacity\images\Lung_Opacity-2207.png,Lung_Opacity,data\raw\radiography\COVID-19_Radiography_Dataset\Lung_Opacity\images\Lung_Opacity-2207.png
data\processed\labelled_4232\Lung_Opacity\images\Lung_Opacity-3418.png,Lung_Opacity,data\raw\radiography\COVID-19_Radiography_Dataset\Lung_Opacity\images\Lung_Opacity-3418.png
data\processed\labelled_4232\Lung_Opacity\images\Lung_Opacity-5006.png,Lung_Opacity,data\raw\radiography\COVID-19_Radiography_Dataset\Lung_Opacity\images\Lung_Opacity-5006.png
data\processed\labelled_4232\Lung_Opacity\images\Lung_Opacity-1376.png,Lung_Opacity,data\raw\radiography\COVID-19_Radiography_Dataset\Lung_Opacity\images\Lung_Opacity-1376.png
data\processed\labelled_4232\Lung_Opacity\images\Lung_Opacity-4396.png,Lung_Opacity,data\raw\radiography\COVID-19_Radiography_Dataset\Lung_Opacity\images\Lung_Opacity-4396.png
data\processed\labelled_4232\Lung_Opacity\images\Lung_Opacity-4560.png,Lung_Opacity,data\raw\radiography\COVID-19_Radiography_Dataset\Lung_Opacity\images\Lung_Opacity-4560.png
data\processed\labelled_4232\Lung_Opacity\images\Lung_Opacity-4285.png,Lung_Opacity,data\raw\radiography\COVID-19_Radiography_Dataset\Lung_Opacity\images\Lung_Opacity-4285.png
data\processed\labelled_4232\Lung_Opacity\images\Lung_Opacity-275.png,Lung_Opacity,data\raw\radiography\COVID-19_Radiography_Dataset\Lung_Opacity\images\Lung_Opacity-275.png
data\processed\labelled_4232\Lung_Opacity\images\Lung_Opacity-3664.png,Lung_Opacity,data\raw\radiography\COVID-19_Radiography_Dataset\Lung_Opacity\images\Lung_Opacity-3664.png
data\processed\labelled_4232\Lung_Opacity\images\Lung_Opacity-4220.png,Lung_Opacity,data\raw\radiography\COVID-19_Radiography_Dataset\Lung_Opacity\images\Lung_Opacity-4220.png
data\processed\labelled_4232\Lung_Opacity\images\Lung_Opacity-1961.png,Lung_Opacity,data\raw\radiography\COVID-19_Radiography_Dataset\Lung_Opacity\images\Lung_Opacity-1961.png
data\processed\labelled_4232\Lung_Opacity\images\Lung_Opacity-5207.png,Lung_Opacity,data\raw\radiography\COVID-19_Radiography_Dataset\Lung_Opacity\images\Lung_Opacity-5207.png
data\processed\labelled_4232\Lung_Opacity\images\Lung_Opacity-5997.png,Lung_Opacity,data\raw\radiography\COVID-19_Radiography_Dataset\Lung_Opacity\images\Lung_Opacity-5997.png
data\processed\labelled_4232\Lung_Opacity\images\Lung_Opacity-999.png,Lung_Opacity,data\raw\radiography\COVID-19_Radiography_Dataset\Lung_Opacity\images\Lung_Opacity-999.png
data\processed\labelled_4232\Lung_Opacity\images\Lung_Opacity-1433.png,Lung_Opacity,data\raw\radiography\COVID-19_Radiography_Dataset\Lung_Opacity\images\Lung_Opacity-1433.png
data\processed\labelled_4232\Lung_Opacity\images\Lung_Opacity-3807.png,Lung_Opacity,data\raw\radiography\COVID-19_Radiography_Dataset\Lung_Opacity\images\Lung_Opacity-3807.png
data\processed\labelled_4232\Lung_Opacity\images\Lung_Opacity-4961.png,Lung_Opacity,data\raw\radiography\COVID-19_Radiography_Dataset\Lung_Opacity\images\Lung_Opacity-4961.png
data\processed\labelled_4232\Lung_Opacity\images\Lung_Opacity-5173.png,Lung_Opacity,data\raw\radiography\COVID-19_Radiography_Dataset\Lung_Opacity\images\Lung_Opacity-5173.png
data\processed\labelled_4232\Lung_Opacity\images\Lung_Opacity-1052.png,Lung_Opacity,data\raw\radiography\COVID-19_Radiography_Dataset\Lung_Opacity\images\Lung_Opacity-1052.png
data\processed\labelled_4232\Lung_Opacity\images\Lung_Opacity-2973.png,Lung_Opacity,data\raw\radiography\COVID-19_Radiography_Dataset\Lung_Opacity\images\Lung_Opacity-2973.png
data\processed\labelled_4232\Lung_Opacity\images\Lung_Opacity-5853.png,Lung_Opacity,data\raw\radiography\COVID-19_Radiography_Dataset\Lung_Opacity\images\Lung_Opacity-5853.png
data\processed\labelled_4232\Lung_Opacity\images\Lung_Opacity-5109.png,Lung_Opacity,data\raw\radiography\COVID-19_Radiography_Dataset\Lung_Opacity\images\Lung_Opacity-5109.png
data\processed\labelled_4232\Lung_Opacity\images\Lung_Opacity-5574.png,Lung_Opacity,data\raw\radiography\COVID-19_Radiography_Dataset\Lung_Opacity\images\Lung_Opacity-5574.png
data\processed\labelled_4232\Lung_Opacity\images\Lung_Opacity-2152.png,Lung_Opacity,data\raw\radiography\COVID-19_Radiography_Dataset\Lung_Opacity\images\Lung_Opacity-2152.png
data\processed\labelled_4232\Lung_Opacity\images\Lung_Opacity-72.png,Lung_Opacity,data\raw\radiography\COVID-19_Radiography_Dataset\Lung_Opacity\images\Lung_Opacity-72.png
data\processed\labelled_4232\Lung_Opacity\images\Lung_Opacity-3603.png,Lung_Opacity,data\raw\radiography\COVID-19_Radiography_Dataset\Lung_Opacity\images\Lung_Opacity-3603.png
data\processed\labelled_4232\Lung_Opacity\images\Lung_Opacity-3537.png,Lung_Opacity,data\raw\radiography\COVID-19_Radiography_Dataset\Lung_Opacity\images\Lung_Opacity-3537.png
data\processed\labelled_4232\Lung_Opacity\images\Lung_Opacity-4125.png,Lung_Opacity,data\raw\radiography\COVID-19_Radiography_Dataset\Lung_Opacity\images\Lung_Opacity-4125.png
data\processed\labelled_4232\Lung_Opacity\images\Lung_Opacity-3167.png,Lung_Opacity,data\raw\radiography\COVID-19_Radiography_Dataset\Lung_Opacity\images\Lung_Opacity-3167.png
data\processed\labelled_4232\Lung_Opacity\images\Lung_Opacity-3653.png,Lung_Opacity,data\raw\radiography\COVID-19_Radiography_Dataset\Lung_Opacity\images\Lung_Opacity-3653.png
data\processed\labelled_4232\Lung_Opacity\images\Lung_Opacity-3204.png,Lung_Opacity,data\raw\radiography\COVID-19_Radiography_Dataset\Lung_Opacity\images\Lung_Opacity-3204.png
data\processed\labelled_4232\Lung_Opacity\images\Lung_Opacity-1893.png,Lung_Opacity,data\raw\radiography\COVID-19_Radiography_Dataset\Lung_Opacity\images\Lung_Opacity-1893.png
data\processed\labelled_4232\Lung_Opacity\images\Lung_Opacity-416.png,Lung_Opacity,data\raw\radiography\COVID-19_Radiography_Dataset\Lung_Opacity\images\Lung_Opacity-416.png
data\processed\labelled_4232\Lung_Opacity\images\Lung_Opacity-3747.png,Lung_Opacity,data\raw\radiography\COVID-19_Radiography_Dataset\Lung_Opacity\images\Lung_Opacity-3747.png
data\processed\labelled_4232\Lung_Opacity\images\Lung_Opacity-3441.png,Lung_Opacity,data\raw\radiography\COVID-19_Radiography_Dataset\Lung_Opacity\images\Lung_Opacity-3441.png
data\processed\labelled_4232\Lung_Opacity\images\Lung_Opacity-2129.png,Lung_Opacity,data\raw\radiography\COVID-19_Radiography_Dataset\Lung_Opacity\images\Lung_Opacity-2129.png
data\processed\labelled_4232\Lung_Opacity\images\Lung_Opacity-2434.png,Lung_Opacity,data\raw\radiography\COVID-19_Radiography_Dataset\Lung_Opacity\images\Lung_Opacity-2434.png
data\processed\labelled_4232\Lung_Opacity\images\Lung_Opacity-4231.png,Lung_Opacity,data\raw\radiography\COVID-19_Radiography_Dataset\Lung_Opacity\images\Lung_Opacity-4231.png
data\processed\labelled_4232\Lung_Opacity\images\Lung_Opacity-1442.png,Lung_Opacity,data\raw\radiography\COVID-19_Radiography_Dataset\Lung_Opacity\images\Lung_Opacity-1442.png
data\processed\labelled_4232\Lung_Opacity\images\Lung_Opacity-438.png,Lung_Opacity,data\raw\radiography\COVID-19_Radiography_Dataset\Lung_Opacity\images\Lung_Opacity-438.png
data\processed\labelled_4232\Lung_Opacity\images\Lung_Opacity-538.png,Lung_Opacity,data\raw\radiography\COVID-19_Radiography_Dataset\Lung_Opacity\images\Lung_Opacity-538.png
data\processed\labelled_4232\Lung_Opacity\images\Lung_Opacity-5091.png,Lung_Opacity,data\raw\radiography\COVID-19_Radiography_Dataset\Lung_Opacity\images\Lung_Opacity-5091.png
data\processed\labelled_4232\Lung_Opacity\images\Lung_Opacity-2978.png,Lung_Opacity,data\raw\radiography\COVID-19_Radiography_Dataset\Lung_Opacity\images\Lung_Opacity-2978.png
data\processed\labelled_4232\Lung_Opacity\images\Lung_Opacity-1797.png,Lung_Opacity,data\raw\radiography\COVID-19_Radiography_Dataset\Lung_Opacity\images\Lung_Opacity-1797.png
data\processed\labelled_4232\Lung_Opacity\images\Lung_Opacity-1899.png,Lung_Opacity,data\raw\radiography\COVID-19_Radiography_Dataset\Lung_Opacity\images\Lung_Opacity-1899.png
data\processed\labelled_4232\Lung_Opacity\images\Lung_Opacity-5063.png,Lung_Opacity,data\raw\radiography\COVID-19_Radiography_Dataset\Lung_Opacity\images\Lung_Opacity-5063.png
data\processed\labelled_4232\Lung_Opacity\images\Lung_Opacity-3397.png,Lung_Opacity,data\raw\radiography\COVID-19_Radiography_Dataset\Lung_Opacity\images\Lung_Opacity-3397.png
data\processed\labelled_4232\Lung_Opacity\images\Lung_Opacity-1698.png,Lung_Opacity,data\raw\radiography\COVID-19_Radiography_Dataset\Lung_Opacity\images\Lung_Opacity-1698.png
data\processed\labelled_4232\Lung_Opacity\images\Lung_Opacity-789.png,Lung_Opacity,data\raw\radiography\COVID-19_Radiography_Dataset\Lung_Opacity\images\Lung_Opacity-789.png
data\processed\labelled_4232\Lung_Opacity\images\Lung_Opacity-1356.png,Lung_Opacity,data\raw\radiography\COVID-19_Radiography_Dataset\Lung_Opacity\images\Lung_Opacity-1356.png
data\processed\labelled_4232\Lung_Opacity\images\Lung_Opacity-3792.png,Lung_Opacity,data\raw\radiography\COVID-19_Radiography_Dataset\Lung_Opacity\images\Lung_Opacity-3792.png
data\processed\labelled_4232\Lung_Opacity\images\Lung_Opacity-2496.png,Lung_Opacity,data\raw\radiography\COVID-19_Radiography_Dataset\Lung_Opacity\images\Lung_Opacity-2496.png
data\processed\labelled_4232\Lung_Opacity\images\Lung_Opacity-2172.png,Lung_Opacity,data\raw\radiography\COVID-19_Radiography_Dataset\Lung_Opacity\images\Lung_Opacity-2172.png
data\processed\labelled_4232\Lung_Opacity\images\Lung_Opacity-5420.png,Lung_Opacity,data\raw\radiography\COVID-19_Radiography_Dataset\Lung_Opacity\images\Lung_Opacity-5420.png
data\processed\labelled_4232\Lung_Opacity\images\Lung_Opacity-117.png,Lung_Opacity,data\raw\radiography\COVID-19_Radiography_Dataset\Lung_Opacity\images\Lung_Opacity-117.png
data\processed\labelled_4232\Lung_Opacity\images\Lung_Opacity-4739.png,Lung_Opacity,data\raw\radiography\COVID-19_Radiography_Dataset\Lung_Opacity\images\Lung_Opacity-4739.png
data\processed\labelled_4232\Lung_Opacity\images\Lung_Opacity-5177.png,Lung_Opacity,data\raw\radiography\COVID-19_Radiography_Dataset\Lung_Opacity\images\Lung_Opacity-5177.png
data\processed\labelled_4232\Lung_Opacity\images\Lung_Opacity-2944.png,Lung_Opacity,data\raw\radiography\COVID-19_Radiography_Dataset\Lung_Opacity\images\Lung_Opacity-2944.png
data\processed\labelled_4232\Lung_Opacity\images\Lung_Opacity-4047.png,Lung_Opacity,data\raw\radiography\COVID-19_Radiography_Dataset\Lung_Opacity\images\Lung_Opacity-4047.png
data\processed\labelled_4232\Lung_Opacity\images\Lung_Opacity-1874.png,Lung_Opacity,data\raw\radiography\COVID-19_Radiography_Dataset\Lung_Opacity\images\Lung_Opacity-1874.png
data\processed\labelled_4232\Lung_Opacity\images\Lung_Opacity-4571.png,Lung_Opacity,data\raw\radiography\COVID-19_Radiography_Dataset\Lung_Opacity\images\Lung_Opacity-4571.png
data\processed\labelled_4232\Lung_Opacity\images\Lung_Opacity-3803.png,Lung_Opacity,data\raw\radiography\COVID-19_Radiography_Dataset\Lung_Opacity\images\Lung_Opacity-3803.png
data\processed\labelled_4232\Lung_Opacity\images\Lung_Opacity-3584.png,Lung_Opacity,data\raw\radiography\COVID-19_Radiography_Dataset\Lung_Opacity\images\Lung_Opacity-3584.png
data\processed\labelled_4232\Lung_Opacity\images\Lung_Opacity-5775.png,Lung_Opacity,data\raw\radiography\COVID-19_Radiography_Dataset\Lung_Opacity\images\Lung_Opacity-5775.png
data\processed\labelled_4232\Lung_Opacity\images\Lung_Opacity-5694.png,Lung_Opacity,data\raw\radiography\COVID-19_Radiography_Dataset\Lung_Opacity\images\Lung_Opacity-5694.png
data\processed\labelled_4232\Lung_Opacity\images\Lung_Opacity-4452.png,Lung_Opacity,data\raw\radiography\COVID-19_Radiography_Dataset\Lung_Opacity\images\Lung_Opacity-4452.png
data\processed\labelled_4232\Lung_Opacity\images\Lung_Opacity-1026.png,Lung_Opacity,data\raw\radiography\COVID-19_Radiography_Dataset\Lung_Opacity\images\Lung_Opacity-1026.png
data\processed\labelled_4232\Lung_Opacity\images\Lung_Opacity-3409.png,Lung_Opacity,data\raw\radiography\COVID-19_Radiography_Dataset\Lung_Opacity\images\Lung_Opacity-3409.png
data\processed\labelled_4232\Lung_Opacity\images\Lung_Opacity-2205.png,Lung_Opacity,data\raw\radiography\COVID-19_Radiography_Dataset\Lung_Opacity\images\Lung_Opacity-2205.png
data\processed\labelled_4232\Lung_Opacity\images\Lung_Opacity-4980.png,Lung_Opacity,data\raw\radiography\COVID-19_Radiography_Dataset\Lung_Opacity\images\Lung_Opacity-4980.png
data\processed\labelled_4232\Lung_Opacity\images\Lung_Opacity-3293.png,Lung_Opacity,data\raw\radiography\COVID-19_Radiography_Dataset\Lung_Opacity\images\Lung_Opacity-3293.png
data\processed\labelled_4232\Lung_Opacity\images\Lung_Opacity-2416.png,Lung_Opacity,data\raw\radiography\COVID-19_Radiography_Dataset\Lung_Opacity\images\Lung_Opacity-2416.png
data\processed\labelled_4232\Lung_Opacity\images\Lung_Opacity-1622.png,Lung_Opacity,data\raw\radiography\COVID-19_Radiography_Dataset\Lung_Opacity\images\Lung_Opacity-1622.png
data\processed\labelled_4232\Lung_Opacity\images\Lung_Opacity-3474.png,Lung_Opacity,data\raw\radiography\COVID-19_Radiography_Dataset\Lung_Opacity\images\Lung_Opacity-3474.png
data\processed\labelled_4232\Lung_Opacity\images\Lung_Opacity-128.png,Lung_Opacity,data\raw\radiography\COVID-19_Radiography_Dataset\Lung_Opacity\images\Lung_Opacity-128.png
data\processed\labelled_4232\Lung_Opacity\images\Lung_Opacity-3188.png,Lung_Opacity,data\raw\radiography\COVID-19_Radiography_Dataset\Lung_Opacity\images\Lung_Opacity-3188.png
data\processed\labelled_4232\Lung_Opacity\images\Lung_Opacity-4618.png,Lung_Opacity,data\raw\radiography\COVID-19_Radiography_Dataset\Lung_Opacity\images\Lung_Opacity-4618.png
data\processed\labelled_4232\Lung_Opacity\images\Lung_Opacity-4312.png,Lung_Opacity,data\raw\radiography\COVID-19_Radiography_Dataset\Lung_Opacity\images\Lung_Opacity-4312.png
data\processed\labelled_4232\Lung_Opacity\images\Lung_Opacity-2737.png,Lung_Opacity,data\raw\radiography\COVID-19_Radiography_Dataset\Lung_Opacity\images\Lung_Opacity-2737.png
data\processed\labelled_4232\Lung_Opacity\images\Lung_Opacity-4803.png,Lung_Opacity,data\raw\radiography\COVID-19_Radiography_Dataset\Lung_Opacity\images\Lung_Opacity-4803.png
data\processed\labelled_4232\Lung_Opacity\images\Lung_Opacity-3661.png,Lung_Opacity,data\raw\radiography\COVID-19_Radiography_Dataset\Lung_Opacity\images\Lung_Opacity-3661.png
data\processed\labelled_4232\Lung_Opacity\images\Lung_Opacity-844.png,Lung_Opacity,data\raw\radiography\COVID-19_Radiography_Dataset\Lung_Opacity\images\Lung_Opacity-844.png
data\processed\labelled_4232\Lung_Opacity\images\Lung_Opacity-319.png,Lung_Opacity,data\raw\radiography\COVID-19_Radiography_Dataset\Lung_Opacity\images\Lung_Opacity-319.png
data\processed\labelled_4232\Lung_Opacity\images\Lung_Opacity-4195.png,Lung_Opacity,data\raw\radiography\COVID-19_Radiography_Dataset\Lung_Opacity\images\Lung_Opacity-4195.png
data\processed\labelled_4232\Lung_Opacity\images\Lung_Opacity-1362.png,Lung_Opacity,data\raw\radiography\COVID-19_Radiography_Dataset\Lung_Opacity\images\Lung_Opacity-1362.png
data\processed\labelled_4232\Lung_Opacity\images\Lung_Opacity-4889.png,Lung_Opacity,data\raw\radiography\COVID-19_Radiography_Dataset\Lung_Opacity\images\Lung_Opacity-4889.png
data\processed\labelled_4232\Lung_Opacity\images\Lung_Opacity-5524.png,Lung_Opacity,data\raw\radiography\COVID-19_Radiography_Dataset\Lung_Opacity\images\Lung_Opacity-5524.png
data\processed\labelled_4232\Lung_Opacity\images\Lung_Opacity-4740.png,Lung_Opacity,data\raw\radiography\COVID-19_Radiography_Dataset\Lung_Opacity\images\Lung_Opacity-4740.png
data\processed\labelled_4232\Lung_Opacity\images\Lung_Opacity-1775.png,Lung_Opacity,data\raw\radiography\COVID-19_Radiography_Dataset\Lung_Opacity\images\Lung_Opacity-1775.png
data\processed\labelled_4232\Lung_Opacity\images\Lung_Opacity-2294.png,Lung_Opacity,data\raw\radiography\COVID-19_Radiography_Dataset\Lung_Opacity\images\Lung_Opacity-2294.png
data\processed\labelled_4232\Lung_Opacity\images\Lung_Opacity-5743.png,Lung_Opacity,data\raw\radiography\COVID-19_Radiography_Dataset\Lung_Opacity\images\Lung_Opacity-5743.png
data\processed\labelled_4232\Lung_Opacity\images\Lung_Opacity-2447.png,Lung_Opacity,data\raw\radiography\COVID-19_Radiography_Dataset\Lung_Opacity\images\Lung_Opacity-2447.png
data\processed\labelled_4232\Lung_Opacity\images\Lung_Opacity-5748.png,Lung_Opacity,data\raw\radiography\COVID-19_Radiography_Dataset\Lung_Opacity\images\Lung_Opacity-5748.png
data\processed\labelled_4232\Lung_Opacity\images\Lung_Opacity-4912.png,Lung_Opacity,data\raw\radiography\COVID-19_Radiography_Dataset\Lung_Opacity\images\Lung_Opacity-4912.png
data\processed\labelled_4232\Lung_Opacity\images\Lung_Opacity-3461.png,Lung_Opacity,data\raw\radiography\COVID-19_Radiography_Dataset\Lung_Opacity\images\Lung_Opacity-3461.png
data\processed\labelled_4232\Lung_Opacity\images\Lung_Opacity-3800.png,Lung_Opacity,data\raw\radiography\COVID-19_Radiography_Dataset\Lung_Opacity\images\Lung_Opacity-3800.png
data\processed\labelled_4232\Lung_Opacity\images\Lung_Opacity-1860.png,Lung_Opacity,data\raw\radiography\COVID-19_Radiography_Dataset\Lung_Opacity\images\Lung_Opacity-1860.png
data\processed\labelled_4232\Lung_Opacity\images\Lung_Opacity-5919.png,Lung_Opacity,data\raw\radiography\COVID-19_Radiography_Dataset\Lung_Opacity\images\Lung_Opacity-5919.png
data\processed\labelled_4232\Lung_Opacity\images\Lung_Opacity-1498.png,Lung_Opacity,data\raw\radiography\COVID-19_Radiography_Dataset\Lung_Opacity\images\Lung_Opacity-1498.png
data\processed\labelled_4232\Lung_Opacity\images\Lung_Opacity-2043.png,Lung_Opacity,data\raw\radiography\COVID-19_Radiography_Dataset\Lung_Opacity\images\Lung_Opacity-2043.png
data\processed\labelled_4232\Lung_Opacity\images\Lung_Opacity-1238.png,Lung_Opacity,data\raw\radiography\COVID-19_Radiography_Dataset\Lung_Opacity\images\Lung_Opacity-1238.png
data\processed\labelled_4232\Lung_Opacity\images\Lung_Opacity-631.png,Lung_Opacity,data\raw\radiography\COVID-19_Radiography_Dataset\Lung_Opacity\images\Lung_Opacity-631.png
data\processed\labelled_4232\Lung_Opacity\images\Lung_Opacity-3459.png,Lung_Opacity,data\raw\radiography\COVID-19_Radiography_Dataset\Lung_Opacity\images\Lung_Opacity-3459.png
data\processed\labelled_4232\Lung_Opacity\images\Lung_Opacity-2822.png,Lung_Opacity,data\raw\radiography\COVID-19_Radiography_Dataset\Lung_Opacity\images\Lung_Opacity-2822.png
data\processed\labelled_4232\Lung_Opacity\images\Lung_Opacity-2515.png,Lung_Opacity,data\raw\radiography\COVID-19_Radiography_Dataset\Lung_Opacity\images\Lung_Opacity-2515.png
data\processed\labelled_4232\Lung_Opacity\images\Lung_Opacity-2773.png,Lung_Opacity,data\raw\radiography\COVID-19_Radiography_Dataset\Lung_Opacity\images\Lung_Opacity-2773.png
data\processed\labelled_4232\Lung_Opacity\images\Lung_Opacity-2718.png,Lung_Opacity,data\raw\radiography\COVID-19_Radiography_Dataset\Lung_Opacity\images\Lung_Opacity-2718.png
data\processed\labelled_4232\Lung_Opacity\images\Lung_Opacity-1592.png,Lung_Opacity,data\raw\radiography\COVID-19_Radiography_Dataset\Lung_Opacity\images\Lung_Opacity-1592.png
data\processed\labelled_4232\Lung_Opacity\images\Lung_Opacity-1677.png,Lung_Opacity,data\raw\radiography\COVID-19_Radiography_Dataset\Lung_Opacity\images\Lung_Opacity-1677.png
data\processed\labelled_4232\Lung_Opacity\images\Lung_Opacity-1621.png,Lung_Opacity,data\raw\radiography\COVID-19_Radiography_Dataset\Lung_Opacity\images\Lung_Opacity-1621.png
data\processed\labelled_4232\Lung_Opacity\images\Lung_Opacity-815.png,Lung_Opacity,data\raw\radiography\COVID-19_Radiography_Dataset\Lung_Opacity\images\Lung_Opacity-815.png
data\processed\labelled_4232\Lung_Opacity\images\Lung_Opacity-3821.png,Lung_Opacity,data\raw\radiography\COVID-19_Radiography_Dataset\Lung_Opacity\images\Lung_Opacity-3821.png
data\processed\labelled_4232\Lung_Opacity\images\Lung_Opacity-4425.png,Lung_Opacity,data\raw\radiography\COVID-19_Radiography_Dataset\Lung_Opacity\images\Lung_Opacity-4425.png
data\processed\labelled_4232\Lung_Opacity\images\Lung_Opacity-5049.png,Lung_Opacity,data\raw\radiography\COVID-19_Radiography_Dataset\Lung_Opacity\images\Lung_Opacity-5049.png
data\processed\labelled_4232\Lung_Opacity\images\Lung_Opacity-846.png,Lung_Opacity,data\raw\radiography\COVID-19_Radiography_Dataset\Lung_Opacity\images\Lung_Opacity-846.png
data\processed\labelled_4232\Lung_Opacity\images\Lung_Opacity-5199.png,Lung_Opacity,data\raw\radiography\COVID-19_Radiography_Dataset\Lung_Opacity\images\Lung_Opacity-5199.png
data\processed\labelled_4232\Lung_Opacity\images\Lung_Opacity-5159.png,Lung_Opacity,data\raw\radiography\COVID-19_Radiography_Dataset\Lung_Opacity\images\Lung_Opacity-5159.png
data\processed\labelled_4232\Lung_Opacity\images\Lung_Opacity-4694.png,Lung_Opacity,data\raw\radiography\COVID-19_Radiography_Dataset\Lung_Opacity\images\Lung_Opacity-4694.png
data\processed\labelled_4232\Lung_Opacity\images\Lung_Opacity-5000.png,Lung_Opacity,data\raw\radiography\COVID-19_Radiography_Dataset\Lung_Opacity\images\Lung_Opacity-5000.png
data\processed\labelled_4232\Lung_Opacity\images\Lung_Opacity-422.png,Lung_Opacity,data\raw\radiography\COVID-19_Radiography_Dataset\Lung_Opacity\images\Lung_Opacity-422.png
data\processed\labelled_4232\Lung_Opacity\images\Lung_Opacity-5021.png,Lung_Opacity,data\raw\radiography\COVID-19_Radiography_Dataset\Lung_Opacity\images\Lung_Opacity-5021.png
data\processed\labelled_4232\Lung_Opacity\images\Lung_Opacity-3775.png,Lung_Opacity,data\raw\radiography\COVID-19_Radiography_Dataset\Lung_Opacity\images\Lung_Opacity-3775.png
data\processed\labelled_4232\Lung_Opacity\images\Lung_Opacity-1006.png,Lung_Opacity,data\raw\radiography\COVID-19_Radiography_Dataset\Lung_Opacity\images\Lung_Opacity-1006.png
data\processed\labelled_4232\Lung_Opacity\images\Lung_Opacity-130.png,Lung_Opacity,data\raw\radiography\COVID-19_Radiography_Dataset\Lung_Opacity\images\Lung_Opacity-130.png
data\processed\labelled_4232\Lung_Opacity\images\Lung_Opacity-782.png,Lung_Opacity,data\raw\radiography\COVID-19_Radiography_Dataset\Lung_Opacity\images\Lung_Opacity-782.png
data\processed\labelled_4232\Lung_Opacity\images\Lung_Opacity-4547.png,Lung_Opacity,data\raw\radiography\COVID-19_Radiography_Dataset\Lung_Opacity\images\Lung_Opacity-4547.png
data\processed\labelled_4232\Lung_Opacity\images\Lung_Opacity-5251.png,Lung_Opacity,data\raw\radiography\COVID-19_Radiography_Dataset\Lung_Opacity\images\Lung_Opacity-5251.png
data\processed\labelled_4232\Lung_Opacity\images\Lung_Opacity-756.png,Lung_Opacity,data\raw\radiography\COVID-19_Radiography_Dataset\Lung_Opacity\images\Lung_Opacity-756.png
data\processed\labelled_4232\Lung_Opacity\images\Lung_Opacity-2190.png,Lung_Opacity,data\raw\radiography\COVID-19_Radiography_Dataset\Lung_Opacity\images\Lung_Opacity-2190.png
data\processed\labelled_4232\Lung_Opacity\images\Lung_Opacity-3067.png,Lung_Opacity,data\raw\radiography\COVID-19_Radiography_Dataset\Lung_Opacity\images\Lung_Opacity-3067.png
data\processed\labelled_4232\Lung_Opacity\images\Lung_Opacity-5597.png,Lung_Opacity,data\raw\radiography\COVID-19_Radiography_Dataset\Lung_Opacity\images\Lung_Opacity-5597.png
data\processed\labelled_4232\Lung_Opacity\images\Lung_Opacity-1296.png,Lung_Opacity,data\raw\radiography\COVID-19_Radiography_Dataset\Lung_Opacity\images\Lung_Opacity-1296.png
data\processed\labelled_4232\Lung_Opacity\images\Lung_Opacity-5885.png,Lung_Opacity,data\raw\radiography\COVID-19_Radiography_Dataset\Lung_Opacity\images\Lung_Opacity-5885.png
data\processed\labelled_4232\Lung_Opacity\images\Lung_Opacity-1471.png,Lung_Opacity,data\raw\radiography\COVID-19_Radiography_Dataset\Lung_Opacity\images\Lung_Opacity-1471.png
data\processed\labelled_4232\Lung_Opacity\images\Lung_Opacity-5646.png,Lung_Opacity,data\raw\radiography\COVID-19_Radiography_Dataset\Lung_Opacity\images\Lung_Opacity-5646.png
data\processed\labelled_4232\Lung_Opacity\images\Lung_Opacity-3065.png,Lung_Opacity,data\raw\radiography\COVID-19_Radiography_Dataset\Lung_Opacity\images\Lung_Opacity-3065.png
data\processed\labelled_4232\Lung_Opacity\images\Lung_Opacity-5603.png,Lung_Opacity,data\raw\radiography\COVID-19_Radiography_Dataset\Lung_Opacity\images\Lung_Opacity-5603.png
data\processed\labelled_4232\Lung_Opacity\images\Lung_Opacity-710.png,Lung_Opacity,data\raw\radiography\COVID-19_Radiography_Dataset\Lung_Opacity\images\Lung_Opacity-710.png
data\processed\labelled_4232\Lung_Opacity\images\Lung_Opacity-431.png,Lung_Opacity,data\raw\radiography\COVID-19_Radiography_Dataset\Lung_Opacity\images\Lung_Opacity-431.png
data\processed\labelled_4232\Lung_Opacity\images\Lung_Opacity-4817.png,Lung_Opacity,data\raw\radiography\COVID-19_Radiography_Dataset\Lung_Opacity\images\Lung_Opacity-4817.png
data\processed\labelled_4232\Lung_Opacity\images\Lung_Opacity-2512.png,Lung_Opacity,data\raw\radiography\COVID-19_Radiography_Dataset\Lung_Opacity\images\Lung_Opacity-2512.png
data\processed\labelled_4232\Lung_Opacity\images\Lung_Opacity-676.png,Lung_Opacity,data\raw\radiography\COVID-19_Radiography_Dataset\Lung_Opacity\images\Lung_Opacity-676.png
data\processed\labelled_4232\Lung_Opacity\images\Lung_Opacity-2798.png,Lung_Opacity,data\raw\radiography\COVID-19_Radiography_Dataset\Lung_Opacity\images\Lung_Opacity-2798.png
data\processed\labelled_4232\Lung_Opacity\images\Lung_Opacity-4030.png,Lung_Opacity,data\raw\radiography\COVID-19_Radiography_Dataset\Lung_Opacity\images\Lung_Opacity-4030.png
data\processed\labelled_4232\Lung_Opacity\images\Lung_Opacity-1507.png,Lung_Opacity,data\raw\radiography\COVID-19_Radiography_Dataset\Lung_Opacity\images\Lung_Opacity-1507.png
data\processed\labelled_4232\Lung_Opacity\images\Lung_Opacity-5889.png,Lung_Opacity,data\raw\radiography\COVID-19_Radiography_Dataset\Lung_Opacity\images\Lung_Opacity-5889.png
data\processed\labelled_4232\Lung_Opacity\images\Lung_Opacity-2664.png,Lung_Opacity,data\raw\radiography\COVID-19_Radiography_Dataset\Lung_Opacity\images\Lung_Opacity-2664.png
data\processed\labelled_4232\Lung_Opacity\images\Lung_Opacity-4529.png,Lung_Opacity,data\raw\radiography\COVID-19_Radiography_Dataset\Lung_Opacity\images\Lung_Opacity-4529.png
data\processed\labelled_4232\Lung_Opacity\images\Lung_Opacity-859.png,Lung_Opacity,data\raw\radiography\COVID-19_Radiography_Dataset\Lung_Opacity\images\Lung_Opacity-859.png
data\processed\labelled_4232\Lung_Opacity\images\Lung_Opacity-5358.png,Lung_Opacity,data\raw\radiography\COVID-19_Radiography_Dataset\Lung_Opacity\images\Lung_Opacity-5358.png
data\processed\labelled_4232\Lung_Opacity\images\Lung_Opacity-1673.png,Lung_Opacity,data\raw\radiography\COVID-19_Radiography_Dataset\Lung_Opacity\images\Lung_Opacity-1673.png
data\processed\labelled_4232\Lung_Opacity\images\Lung_Opacity-983.png,Lung_Opacity,data\raw\radiography\COVID-19_Radiography_Dataset\Lung_Opacity\images\Lung_Opacity-983.png
data\processed\labelled_4232\Lung_Opacity\images\Lung_Opacity-1124.png,Lung_Opacity,data\raw\radiography\COVID-19_Radiography_Dataset\Lung_Opacity\images\Lung_Opacity-1124.png
data\processed\labelled_4232\Lung_Opacity\images\Lung_Opacity-1530.png,Lung_Opacity,data\raw\radiography\COVID-19_Radiography_Dataset\Lung_Opacity\images\Lung_Opacity-1530.png
data\processed\labelled_4232\Lung_Opacity\images\Lung_Opacity-5295.png,Lung_Opacity,data\raw\radiography\COVID-19_Radiography_Dataset\Lung_Opacity\images\Lung_Opacity-5295.png
data\processed\labelled_4232\Lung_Opacity\images\Lung_Opacity-1331.png,Lung_Opacity,data\raw\radiography\COVID-19_Radiography_Dataset\Lung_Opacity\images\Lung_Opacity-1331.png
data\processed\labelled_4232\Lung_Opacity\images\Lung_Opacity-5718.png,Lung_Opacity,data\raw\radiography\COVID-19_Radiography_Dataset\Lung_Opacity\images\Lung_Opacity-5718.png
data\processed\labelled_4232\Lung_Opacity\images\Lung_Opacity-230.png,Lung_Opacity,data\raw\radiography\COVID-19_Radiography_Dataset\Lung_Opacity\images\Lung_Opacity-230.png
data\processed\labelled_4232\Lung_Opacity\images\Lung_Opacity-3130.png,Lung_Opacity,data\raw\radiography\COVID-19_Radiography_Dataset\Lung_Opacity\images\Lung_Opacity-3130.png
data\processed\labelled_4232\Lung_Opacity\images\Lung_Opacity-878.png,Lung_Opacity,data\raw\radiography\COVID-19_Radiography_Dataset\Lung_Opacity\images\Lung_Opacity-878.png
data\processed\labelled_4232\Lung_Opacity\images\Lung_Opacity-2835.png,Lung_Opacity,data\raw\radiography\COVID-19_Radiography_Dataset\Lung_Opacity\images\Lung_Opacity-2835.png
data\processed\labelled_4232\Lung_Opacity\images\Lung_Opacity-4489.png,Lung_Opacity,data\raw\radiography\COVID-19_Radiography_Dataset\Lung_Opacity\images\Lung_Opacity-4489.png
data\processed\labelled_4232\Lung_Opacity\images\Lung_Opacity-4718.png,Lung_Opacity,data\raw\radiography\COVID-19_Radiography_Dataset\Lung_Opacity\images\Lung_Opacity-4718.png
data\processed\labelled_4232\Lung_Opacity\images\Lung_Opacity-595.png,Lung_Opacity,data\raw\radiography\COVID-19_Radiography_Dataset\Lung_Opacity\images\Lung_Opacity-595.png
data\processed\labelled_4232\Lung_Opacity\images\Lung_Opacity-4723.png,Lung_Opacity,data\raw\radiography\COVID-19_Radiography_Dataset\Lung_Opacity\images\Lung_Opacity-4723.png
data\processed\labelled_4232\Lung_Opacity\images\Lung_Opacity-4979.png,Lung_Opacity,data\raw\radiography\COVID-19_Radiography_Dataset\Lung_Opacity\images\Lung_Opacity-4979.png
data\processed\labelled_4232\Lung_Opacity\images\Lung_Opacity-5868.png,Lung_Opacity,data\raw\radiography\COVID-19_Radiography_Dataset\Lung_Opacity\images\Lung_Opacity-5868.png
data\processed\labelled_4232\Lung_Opacity\images\Lung_Opacity-4750.png,Lung_Opacity,data\raw\radiography\COVID-19_Radiography_Dataset\Lung_Opacity\images\Lung_Opacity-4750.png
data\processed\labelled_4232\Lung_Opacity\images\Lung_Opacity-2680.png,Lung_Opacity,data\raw\radiography\COVID-19_Radiography_Dataset\Lung_Opacity\images\Lung_Opacity-2680.png
data\processed\labelled_4232\Lung_Opacity\images\Lung_Opacity-1596.png,Lung_Opacity,data\raw\radiography\COVID-19_Radiography_Dataset\Lung_Opacity\images\Lung_Opacity-1596.png
data\processed\labelled_4232\Lung_Opacity\images\Lung_Opacity-1731.png,Lung_Opacity,data\raw\radiography\COVID-19_Radiography_Dataset\Lung_Opacity\images\Lung_Opacity-1731.png
data\processed\labelled_4232\Lung_Opacity\images\Lung_Opacity-5338.png,Lung_Opacity,data\raw\radiography\COVID-19_Radiography_Dataset\Lung_Opacity\images\Lung_Opacity-5338.png
data\processed\labelled_4232\Lung_Opacity\images\Lung_Opacity-2602.png,Lung_Opacity,data\raw\radiography\COVID-19_Radiography_Dataset\Lung_Opacity\images\Lung_Opacity-2602.png
data\processed\labelled_4232\Lung_Opacity\images\Lung_Opacity-1786.png,Lung_Opacity,data\raw\radiography\COVID-19_Radiography_Dataset\Lung_Opacity\images\Lung_Opacity-1786.png
data\processed\labelled_4232\Lung_Opacity\images\Lung_Opacity-2810.png,Lung_Opacity,data\raw\radiography\COVID-19_Radiography_Dataset\Lung_Opacity\images\Lung_Opacity-2810.png
data\processed\labelled_4232\Lung_Opacity\images\Lung_Opacity-2265.png,Lung_Opacity,data\raw\radiography\COVID-19_Radiography_Dataset\Lung_Opacity\images\Lung_Opacity-2265.png
data\processed\labelled_4232\Lung_Opacity\images\Lung_Opacity-794.png,Lung_Opacity,data\raw\radiography\COVID-19_Radiography_Dataset\Lung_Opacity\images\Lung_Opacity-794.png
data\processed\labelled_4232\Lung_Opacity\images\Lung_Opacity-3710.png,Lung_Opacity,data\raw\radiography\COVID-19_Radiography_Dataset\Lung_Opacity\images\Lung_Opacity-3710.png
data\processed\labelled_4232\Lung_Opacity\images\Lung_Opacity-1401.png,Lung_Opacity,data\raw\radiography\COVID-19_Radiography_Dataset\Lung_Opacity\images\Lung_Opacity-1401.png
data\processed\labelled_4232\Lung_Opacity\images\Lung_Opacity-4546.png,Lung_Opacity,data\raw\radiography\COVID-19_Radiography_Dataset\Lung_Opacity\images\Lung_Opacity-4546.png
data\processed\labelled_4232\Lung_Opacity\images\Lung_Opacity-3144.png,Lung_Opacity,data\raw\radiography\COVID-19_Radiography_Dataset\Lung_Opacity\images\Lung_Opacity-3144.png
data\processed\labelled_4232\Lung_Opacity\images\Lung_Opacity-4388.png,Lung_Opacity,data\raw\radiography\COVID-19_Radiography_Dataset\Lung_Opacity\images\Lung_Opacity-4388.png
data\processed\labelled_4232\Lung_Opacity\images\Lung_Opacity-104.png,Lung_Opacity,data\raw\radiography\COVID-19_Radiography_Dataset\Lung_Opacity\images\Lung_Opacity-104.png
data\processed\labelled_4232\Lung_Opacity\images\Lung_Opacity-5340.png,Lung_Opacity,data\raw\radiography\COVID-19_Radiography_Dataset\Lung_Opacity\images\Lung_Opacity-5340.png
data\processed\labelled_4232\Lung_Opacity\images\Lung_Opacity-1974.png,Lung_Opacity,data\raw\radiography\COVID-19_Radiography_Dataset\Lung_Opacity\images\Lung_Opacity-1974.png
data\processed\labelled_4232\Lung_Opacity\images\Lung_Opacity-1198.png,Lung_Opacity,data\raw\radiography\COVID-19_Radiography_Dataset\Lung_Opacity\images\Lung_Opacity-1198.png
data\processed\labelled_4232\Lung_Opacity\images\Lung_Opacity-1369.png,Lung_Opacity,data\raw\radiography\COVID-19_Radiography_Dataset\Lung_Opacity\images\Lung_Opacity-1369.png
data\processed\labelled_4232\Lung_Opacity\images\Lung_Opacity-4374.png,Lung_Opacity,data\raw\radiography\COVID-19_Radiography_Dataset\Lung_Opacity\images\Lung_Opacity-4374.png
data\processed\labelled_4232\Lung_Opacity\images\Lung_Opacity-2465.png,Lung_Opacity,data\raw\radiography\COVID-19_Radiography_Dataset\Lung_Opacity\images\Lung_Opacity-2465.png
data\processed\labelled_4232\Lung_Opacity\images\Lung_Opacity-4272.png,Lung_Opacity,data\raw\radiography\COVID-19_Radiography_Dataset\Lung_Opacity\images\Lung_Opacity-4272.png
data\processed\labelled_4232\Lung_Opacity\images\Lung_Opacity-3883.png,Lung_Opacity,data\raw\radiography\COVID-19_Radiography_Dataset\Lung_Opacity\images\Lung_Opacity-3883.png
data\processed\labelled_4232\Lung_Opacity\images\Lung_Opacity-3518.png,Lung_Opacity,data\raw\radiography\COVID-19_Radiography_Dataset\Lung_Opacity\images\Lung_Opacity-3518.png
data\processed\labelled_4232\Lung_Opacity\images\Lung_Opacity-3444.png,Lung_Opacity,data\raw\radiography\COVID-19_Radiography_Dataset\Lung_Opacity\images\Lung_Opacity-3444.png
data\processed\labelled_4232\Lung_Opacity\images\Lung_Opacity-204.png,Lung_Opacity,data\raw\radiography\COVID-19_Radiography_Dataset\Lung_Opacity\images\Lung_Opacity-204.png
data\processed\labelled_4232\Lung_Opacity\images\Lung_Opacity-430.png,Lung_Opacity,data\raw\radiography\COVID-19_Radiography_Dataset\Lung_Opacity\images\Lung_Opacity-430.png
data\processed\labelled_4232\Lung_Opacity\images\Lung_Opacity-1612.png,Lung_Opacity,data\raw\radiography\COVID-19_Radiography_Dataset\Lung_Opacity\images\Lung_Opacity-1612.png
data\processed\labelled_4232\Lung_Opacity\images\Lung_Opacity-5214.png,Lung_Opacity,data\raw\radiography\COVID-19_Radiography_Dataset\Lung_Opacity\images\Lung_Opacity-5214.png
data\processed\labelled_4232\Lung_Opacity\images\Lung_Opacity-5361.png,Lung_Opacity,data\raw\radiography\COVID-19_Radiography_Dataset\Lung_Opacity\images\Lung_Opacity-5361.png
data\processed\labelled_4232\Lung_Opacity\images\Lung_Opacity-5848.png,Lung_Opacity,data\raw\radiography\COVID-19_Radiography_Dataset\Lung_Opacity\images\Lung_Opacity-5848.png
data\processed\labelled_4232\Lung_Opacity\images\Lung_Opacity-4869.png,Lung_Opacity,data\raw\radiography\COVID-19_Radiography_Dataset\Lung_Opacity\images\Lung_Opacity-4869.png
data\processed\labelled_4232\Lung_Opacity\images\Lung_Opacity-4041.png,Lung_Opacity,data\raw\radiography\COVID-19_Radiography_Dataset\Lung_Opacity\images\Lung_Opacity-4041.png
data\processed\labelled_4232\Lung_Opacity\images\Lung_Opacity-5680.png,Lung_Opacity,data\raw\radiography\COVID-19_Radiography_Dataset\Lung_Opacity\images\Lung_Opacity-5680.png
data\processed\labelled_4232\Lung_Opacity\images\Lung_Opacity-4071.png,Lung_Opacity,data\raw\radiography\COVID-19_Radiography_Dataset\Lung_Opacity\images\Lung_Opacity-4071.png
data\processed\labelled_4232\Lung_Opacity\images\Lung_Opacity-700.png,Lung_Opacity,data\raw\radiography\COVID-19_Radiography_Dataset\Lung_Opacity\images\Lung_Opacity-700.png
data\processed\labelled_4232\Lung_Opacity\images\Lung_Opacity-3044.png,Lung_Opacity,data\raw\radiography\COVID-19_Radiography_Dataset\Lung_Opacity\images\Lung_Opacity-3044.png
data\processed\labelled_4232\Lung_Opacity\images\Lung_Opacity-1010.png,Lung_Opacity,data\raw\radiography\COVID-19_Radiography_Dataset\Lung_Opacity\images\Lung_Opacity-1010.png
data\processed\labelled_4232\Lung_Opacity\images\Lung_Opacity-4558.png,Lung_Opacity,data\raw\radiography\COVID-19_Radiography_Dataset\Lung_Opacity\images\Lung_Opacity-4558.png
data\processed\labelled_4232\Lung_Opacity\images\Lung_Opacity-2765.png,Lung_Opacity,data\raw\radiography\COVID-19_Radiography_Dataset\Lung_Opacity\images\Lung_Opacity-2765.png
data\processed\labelled_4232\Lung_Opacity\images\Lung_Opacity-3243.png,Lung_Opacity,data\raw\radiography\COVID-19_Radiography_Dataset\Lung_Opacity\images\Lung_Opacity-3243.png
data\processed\labelled_4232\Lung_Opacity\images\Lung_Opacity-3779.png,Lung_Opacity,data\raw\radiography\COVID-19_Radiography_Dataset\Lung_Opacity\images\Lung_Opacity-3779.png
data\processed\labelled_4232\Lung_Opacity\images\Lung_Opacity-2646.png,Lung_Opacity,data\raw\radiography\COVID-19_Radiography_Dataset\Lung_Opacity\images\Lung_Opacity-2646.png
data\processed\labelled_4232\Lung_Opacity\images\Lung_Opacity-2793.png,Lung_Opacity,data\raw\radiography\COVID-19_Radiography_Dataset\Lung_Opacity\images\Lung_Opacity-2793.png
data\processed\labelled_4232\Lung_Opacity\images\Lung_Opacity-1122.png,Lung_Opacity,data\raw\radiography\COVID-19_Radiography_Dataset\Lung_Opacity\images\Lung_Opacity-1122.png
data\processed\labelled_4232\Lung_Opacity\images\Lung_Opacity-1072.png,Lung_Opacity,data\raw\radiography\COVID-19_Radiography_Dataset\Lung_Opacity\images\Lung_Opacity-1072.png
data\processed\labelled_4232\Lung_Opacity\images\Lung_Opacity-3102.png,Lung_Opacity,data\raw\radiography\COVID-19_Radiography_Dataset\Lung_Opacity\images\Lung_Opacity-3102.png
data\processed\labelled_4232\Lung_Opacity\images\Lung_Opacity-5333.png,Lung_Opacity,data\raw\radiography\COVID-19_Radiography_Dataset\Lung_Opacity\images\Lung_Opacity-5333.png
data\processed\labelled_4232\Lung_Opacity\images\Lung_Opacity-28.png,Lung_Opacity,data\raw\radiography\COVID-19_Radiography_Dataset\Lung_Opacity\images\Lung_Opacity-28.png
data\processed\labelled_4232\Lung_Opacity\images\Lung_Opacity-5070.png,Lung_Opacity,data\raw\radiography\COVID-19_Radiography_Dataset\Lung_Opacity\images\Lung_Opacity-5070.png
data\processed\labelled_4232\Lung_Opacity\images\Lung_Opacity-352.png,Lung_Opacity,data\raw\radiography\COVID-19_Radiography_Dataset\Lung_Opacity\images\Lung_Opacity-352.png
data\processed\labelled_4232\Lung_Opacity\images\Lung_Opacity-4789.png,Lung_Opacity,data\raw\radiography\COVID-19_Radiography_Dataset\Lung_Opacity\images\Lung_Opacity-4789.png
data\processed\labelled_4232\Lung_Opacity\images\Lung_Opacity-865.png,Lung_Opacity,data\raw\radiography\COVID-19_Radiography_Dataset\Lung_Opacity\images\Lung_Opacity-865.png
data\processed\labelled_4232\Lung_Opacity\images\Lung_Opacity-3627.png,Lung_Opacity,data\raw\radiography\COVID-19_Radiography_Dataset\Lung_Opacity\images\Lung_Opacity-3627.png
data\processed\labelled_4232\Lung_Opacity\images\Lung_Opacity-5757.png,Lung_Opacity,data\raw\radiography\COVID-19_Radiography_Dataset\Lung_Opacity\images\Lung_Opacity-5757.png
data\processed\labelled_4232\Lung_Opacity\images\Lung_Opacity-4442.png,Lung_Opacity,data\raw\radiography\COVID-19_Radiography_Dataset\Lung_Opacity\images\Lung_Opacity-4442.png
data\processed\labelled_4232\Lung_Opacity\images\Lung_Opacity-4826.png,Lung_Opacity,data\raw\radiography\COVID-19_Radiography_Dataset\Lung_Opacity\images\Lung_Opacity-4826.png
data\processed\labelled_4232\Lung_Opacity\images\Lung_Opacity-3468.png,Lung_Opacity,data\raw\radiography\COVID-19_Radiography_Dataset\Lung_Opacity\images\Lung_Opacity-3468.png
data\processed\labelled_4232\Lung_Opacity\images\Lung_Opacity-5331.png,Lung_Opacity,data\raw\radiography\COVID-19_Radiography_Dataset\Lung_Opacity\images\Lung_Opacity-5331.png
data\processed\labelled_4232\Lung_Opacity\images\Lung_Opacity-4531.png,Lung_Opacity,data\raw\radiography\COVID-19_Radiography_Dataset\Lung_Opacity\images\Lung_Opacity-4531.png
data\processed\labelled_4232\Lung_Opacity\images\Lung_Opacity-4310.png,Lung_Opacity,data\raw\radiography\COVID-19_Radiography_Dataset\Lung_Opacity\images\Lung_Opacity-4310.png
data\processed\labelled_4232\Lung_Opacity\images\Lung_Opacity-5395.png,Lung_Opacity,data\raw\radiography\COVID-19_Radiography_Dataset\Lung_Opacity\images\Lung_Opacity-5395.png
data\processed\labelled_4232\Lung_Opacity\images\Lung_Opacity-3394.png,Lung_Opacity,data\raw\radiography\COVID-19_Radiography_Dataset\Lung_Opacity\images\Lung_Opacity-3394.png
data\processed\labelled_4232\Lung_Opacity\images\Lung_Opacity-5277.png,Lung_Opacity,data\raw\radiography\COVID-19_Radiography_Dataset\Lung_Opacity\images\Lung_Opacity-5277.png
data\processed\labelled_4232\Lung_Opacity\images\Lung_Opacity-3197.png,Lung_Opacity,data\raw\radiography\COVID-19_Radiography_Dataset\Lung_Opacity\images\Lung_Opacity-3197.png
data\processed\labelled_4232\Lung_Opacity\images\Lung_Opacity-3322.png,Lung_Opacity,data\raw\radiography\COVID-19_Radiography_Dataset\Lung_Opacity\images\Lung_Opacity-3322.png
data\processed\labelled_4232\Lung_Opacity\images\Lung_Opacity-4051.png,Lung_Opacity,data\raw\radiography\COVID-19_Radiography_Dataset\Lung_Opacity\images\Lung_Opacity-4051.png
data\processed\labelled_4232\Lung_Opacity\images\Lung_Opacity-5911.png,Lung_Opacity,data\raw\radiography\COVID-19_Radiography_Dataset\Lung_Opacity\images\Lung_Opacity-5911.png
data\processed\labelled_4232\Lung_Opacity\images\Lung_Opacity-2992.png,Lung_Opacity,data\raw\radiography\COVID-19_Radiography_Dataset\Lung_Opacity\images\Lung_Opacity-2992.png
data\processed\labelled_4232\Lung_Opacity\images\Lung_Opacity-4324.png,Lung_Opacity,data\raw\radiography\COVID-19_Radiography_Dataset\Lung_Opacity\images\Lung_Opacity-4324.png
data\processed\labelled_4232\Lung_Opacity\images\Lung_Opacity-1159.png,Lung_Opacity,data\raw\radiography\COVID-19_Radiography_Dataset\Lung_Opacity\images\Lung_Opacity-1159.png
data\processed\labelled_4232\Lung_Opacity\images\Lung_Opacity-1232.png,Lung_Opacity,data\raw\radiography\COVID-19_Radiography_Dataset\Lung_Opacity\images\Lung_Opacity-1232.png
data\processed\labelled_4232\Lung_Opacity\images\Lung_Opacity-4522.png,Lung_Opacity,data\raw\radiography\COVID-19_Radiography_Dataset\Lung_Opacity\images\Lung_Opacity-4522.png
data\processed\labelled_4232\Lung_Opacity\images\Lung_Opacity-4183.png,Lung_Opacity,data\raw\radiography\COVID-19_Radiography_Dataset\Lung_Opacity\images\Lung_Opacity-4183.png
data\processed\labelled_4232\Lung_Opacity\images\Lung_Opacity-4103.png,Lung_Opacity,data\raw\radiography\COVID-19_Radiography_Dataset\Lung_Opacity\images\Lung_Opacity-4103.png
data\processed\labelled_4232\Lung_Opacity\images\Lung_Opacity-3713.png,Lung_Opacity,data\raw\radiography\COVID-19_Radiography_Dataset\Lung_Opacity\images\Lung_Opacity-3713.png
data\processed\labelled_4232\Lung_Opacity\images\Lung_Opacity-313.png,Lung_Opacity,data\raw\radiography\COVID-19_Radiography_Dataset\Lung_Opacity\images\Lung_Opacity-313.png
data\processed\labelled_4232\Lung_Opacity\images\Lung_Opacity-3319.png,Lung_Opacity,data\raw\radiography\COVID-19_Radiography_Dataset\Lung_Opacity\images\Lung_Opacity-3319.png
data\processed\labelled_4232\Lung_Opacity\images\Lung_Opacity-324.png,Lung_Opacity,data\raw\radiography\COVID-19_Radiography_Dataset\Lung_Opacity\images\Lung_Opacity-324.png
data\processed\labelled_4232\Lung_Opacity\images\Lung_Opacity-1339.png,Lung_Opacity,data\raw\radiography\COVID-19_Radiography_Dataset\Lung_Opacity\images\Lung_Opacity-1339.png
data\processed\labelled_4232\Lung_Opacity\images\Lung_Opacity-5968.png,Lung_Opacity,data\raw\radiography\COVID-19_Radiography_Dataset\Lung_Opacity\images\Lung_Opacity-5968.png
data\processed\labelled_4232\Lung_Opacity\images\Lung_Opacity-2157.png,Lung_Opacity,data\raw\radiography\COVID-19_Radiography_Dataset\Lung_Opacity\images\Lung_Opacity-2157.png
data\processed\labelled_4232\Lung_Opacity\images\Lung_Opacity-3241.png,Lung_Opacity,data\raw\radiography\COVID-19_Radiography_Dataset\Lung_Opacity\images\Lung_Opacity-3241.png
data\processed\labelled_4232\Lung_Opacity\images\Lung_Opacity-1595.png,Lung_Opacity,data\raw\radiography\COVID-19_Radiography_Dataset\Lung_Opacity\images\Lung_Opacity-1595.png
data\processed\labelled_4232\Lung_Opacity\images\Lung_Opacity-5446.png,Lung_Opacity,data\raw\radiography\COVID-19_Radiography_Dataset\Lung_Opacity\images\Lung_Opacity-5446.png
data\processed\labelled_4232\Lung_Opacity\images\Lung_Opacity-5989.png,Lung_Opacity,data\raw\radiography\COVID-19_Radiography_Dataset\Lung_Opacity\images\Lung_Opacity-5989.png
data\processed\labelled_4232\Lung_Opacity\images\Lung_Opacity-2962.png,Lung_Opacity,data\raw\radiography\COVID-19_Radiography_Dataset\Lung_Opacity\images\Lung_Opacity-2962.png
data\processed\labelled_4232\Lung_Opacity\images\Lung_Opacity-998.png,Lung_Opacity,data\raw\radiography\COVID-19_Radiography_Dataset\Lung_Opacity\images\Lung_Opacity-998.png
data\processed\labelled_4232\Lung_Opacity\images\Lung_Opacity-2623.png,Lung_Opacity,data\raw\radiography\COVID-19_Radiography_Dataset\Lung_Opacity\images\Lung_Opacity-2623.png
data\processed\labelled_4232\Lung_Opacity\images\Lung_Opacity-4107.png,Lung_Opacity,data\raw\radiography\COVID-19_Radiography_Dataset\Lung_Opacity\images\Lung_Opacity-4107.png
data\processed\labelled_4232\Lung_Opacity\images\Lung_Opacity-190.png,Lung_Opacity,data\raw\radiography\COVID-19_Radiography_Dataset\Lung_Opacity\images\Lung_Opacity-190.png
data\processed\labelled_4232\Lung_Opacity\images\Lung_Opacity-3983.png,Lung_Opacity,data\raw\radiography\COVID-19_Radiography_Dataset\Lung_Opacity\images\Lung_Opacity-3983.png
data\processed\labelled_4232\Lung_Opacity\images\Lung_Opacity-4613.png,Lung_Opacity,data\raw\radiography\COVID-19_Radiography_Dataset\Lung_Opacity\images\Lung_Opacity-4613.png
data\processed\labelled_4232\Lung_Opacity\images\Lung_Opacity-2553.png,Lung_Opacity,data\raw\radiography\COVID-19_Radiography_Dataset\Lung_Opacity\images\Lung_Opacity-2553.png
data\processed\labelled_4232\Lung_Opacity\images\Lung_Opacity-5778.png,Lung_Opacity,data\raw\radiography\COVID-19_Radiography_Dataset\Lung_Opacity\images\Lung_Opacity-5778.png
data\processed\labelled_4232\Lung_Opacity\images\Lung_Opacity-470.png,Lung_Opacity,data\raw\radiography\COVID-19_Radiography_Dataset\Lung_Opacity\images\Lung_Opacity-470.png
data\processed\labelled_4232\Lung_Opacity\images\Lung_Opacity-5147.png,Lung_Opacity,data\raw\radiography\COVID-19_Radiography_Dataset\Lung_Opacity\images\Lung_Opacity-5147.png
data\processed\labelled_4232\Lung_Opacity\images\Lung_Opacity-4017.png,Lung_Opacity,data\raw\radiography\COVID-19_Radiography_Dataset\Lung_Opacity\images\Lung_Opacity-4017.png
data\processed\labelled_4232\Lung_Opacity\images\Lung_Opacity-179.png,Lung_Opacity,data\raw\radiography\COVID-19_Radiography_Dataset\Lung_Opacity\images\Lung_Opacity-179.png
data\processed\labelled_4232\Lung_Opacity\images\Lung_Opacity-2730.png,Lung_Opacity,data\raw\radiography\COVID-19_Radiography_Dataset\Lung_Opacity\images\Lung_Opacity-2730.png
data\processed\labelled_4232\Lung_Opacity\images\Lung_Opacity-853.png,Lung_Opacity,data\raw\radiography\COVID-19_Radiography_Dataset\Lung_Opacity\images\Lung_Opacity-853.png
data\processed\labelled_4232\Lung_Opacity\images\Lung_Opacity-71.png,Lung_Opacity,data\raw\radiography\COVID-19_Radiography_Dataset\Lung_Opacity\images\Lung_Opacity-71.png
data\processed\labelled_4232\Lung_Opacity\images\Lung_Opacity-5153.png,Lung_Opacity,data\raw\radiography\COVID-19_Radiography_Dataset\Lung_Opacity\images\Lung_Opacity-5153.png
data\processed\labelled_4232\Lung_Opacity\images\Lung_Opacity-20.png,Lung_Opacity,data\raw\radiography\COVID-19_Radiography_Dataset\Lung_Opacity\images\Lung_Opacity-20.png
data\processed\labelled_4232\Lung_Opacity\images\Lung_Opacity-2051.png,Lung_Opacity,data\raw\radiography\COVID-19_Radiography_Dataset\Lung_Opacity\images\Lung_Opacity-2051.png
data\processed\labelled_4232\Lung_Opacity\images\Lung_Opacity-4882.png,Lung_Opacity,data\raw\radiography\COVID-19_Radiography_Dataset\Lung_Opacity\images\Lung_Opacity-4882.png
data\processed\labelled_4232\Lung_Opacity\images\Lung_Opacity-5101.png,Lung_Opacity,data\raw\radiography\COVID-19_Radiography_Dataset\Lung_Opacity\images\Lung_Opacity-5101.png
data\processed\labelled_4232\Lung_Opacity\images\Lung_Opacity-4539.png,Lung_Opacity,data\raw\radiography\COVID-19_Radiography_Dataset\Lung_Opacity\images\Lung_Opacity-4539.png
data\processed\labelled_4232\Lung_Opacity\images\Lung_Opacity-1510.png,Lung_Opacity,data\raw\radiography\COVID-19_Radiography_Dataset\Lung_Opacity\images\Lung_Opacity-1510.png
data\processed\labelled_4232\Lung_Opacity\images\Lung_Opacity-1207.png,Lung_Opacity,data\raw\radiography\COVID-19_Radiography_Dataset\Lung_Opacity\images\Lung_Opacity-1207.png
data\processed\labelled_4232\Lung_Opacity\images\Lung_Opacity-2562.png,Lung_Opacity,data\raw\radiography\COVID-19_Radiography_Dataset\Lung_Opacity\images\Lung_Opacity-2562.png
data\processed\labelled_4232\Lung_Opacity\images\Lung_Opacity-1085.png,Lung_Opacity,data\raw\radiography\COVID-19_Radiography_Dataset\Lung_Opacity\images\Lung_Opacity-1085.png
data\processed\labelled_4232\Lung_Opacity\images\Lung_Opacity-4201.png,Lung_Opacity,data\raw\radiography\COVID-19_Radiography_Dataset\Lung_Opacity\images\Lung_Opacity-4201.png
data\processed\labelled_4232\Lung_Opacity\images\Lung_Opacity-453.png,Lung_Opacity,data\raw\radiography\COVID-19_Radiography_Dataset\Lung_Opacity\images\Lung_Opacity-453.png
data\processed\labelled_4232\Lung_Opacity\images\Lung_Opacity-1414.png,Lung_Opacity,data\raw\radiography\COVID-19_Radiography_Dataset\Lung_Opacity\images\Lung_Opacity-1414.png
data\processed\labelled_4232\Lung_Opacity\images\Lung_Opacity-686.png,Lung_Opacity,data\raw\radiography\COVID-19_Radiography_Dataset\Lung_Opacity\images\Lung_Opacity-686.png
data\processed\labelled_4232\Lung_Opacity\images\Lung_Opacity-1015.png,Lung_Opacity,data\raw\radiography\COVID-19_Radiography_Dataset\Lung_Opacity\images\Lung_Opacity-1015.png
data\processed\labelled_4232\Lung_Opacity\images\Lung_Opacity-1512.png,Lung_Opacity,data\raw\radiography\COVID-19_Radiography_Dataset\Lung_Opacity\images\Lung_Opacity-1512.png
data\processed\labelled_4232\Lung_Opacity\images\Lung_Opacity-2572.png,Lung_Opacity,data\raw\radiography\COVID-19_Radiography_Dataset\Lung_Opacity\images\Lung_Opacity-2572.png
data\processed\labelled_4232\Lung_Opacity\images\Lung_Opacity-2095.png,Lung_Opacity,data\raw\radiography\COVID-19_Radiography_Dataset\Lung_Opacity\images\Lung_Opacity-2095.png
data\processed\labelled_4232\Lung_Opacity\images\Lung_Opacity-4262.png,Lung_Opacity,data\raw\radiography\COVID-19_Radiography_Dataset\Lung_Opacity\images\Lung_Opacity-4262.png
data\processed\labelled_4232\Lung_Opacity\images\Lung_Opacity-2009.png,Lung_Opacity,data\raw\radiography\COVID-19_Radiography_Dataset\Lung_Opacity\images\Lung_Opacity-2009.png
data\processed\labelled_4232\Lung_Opacity\images\Lung_Opacity-2867.png,Lung_Opacity,data\raw\radiography\COVID-19_Radiography_Dataset\Lung_Opacity\images\Lung_Opacity-2867.png
data\processed\labelled_4232\Lung_Opacity\images\Lung_Opacity-5819.png,Lung_Opacity,data\raw\radiography\COVID-19_Radiography_Dataset\Lung_Opacity\images\Lung_Opacity-5819.png
data\processed\labelled_4232\Lung_Opacity\images\Lung_Opacity-3479.png,Lung_Opacity,data\raw\radiography\COVID-19_Radiography_Dataset\Lung_Opacity\images\Lung_Opacity-3479.png
data\processed\labelled_4232\Lung_Opacity\images\Lung_Opacity-3532.png,Lung_Opacity,data\raw\radiography\COVID-19_Radiography_Dataset\Lung_Opacity\images\Lung_Opacity-3532.png
data\processed\labelled_4232\Lung_Opacity\images\Lung_Opacity-4627.png,Lung_Opacity,data\raw\radiography\COVID-19_Radiography_Dataset\Lung_Opacity\images\Lung_Opacity-4627.png
data\processed\labelled_4232\Lung_Opacity\images\Lung_Opacity-2002.png,Lung_Opacity,data\raw\radiography\COVID-19_Radiography_Dataset\Lung_Opacity\images\Lung_Opacity-2002.png
data\processed\labelled_4232\Lung_Opacity\images\Lung_Opacity-683.png,Lung_Opacity,data\raw\radiography\COVID-19_Radiography_Dataset\Lung_Opacity\images\Lung_Opacity-683.png
data\processed\labelled_4232\Lung_Opacity\images\Lung_Opacity-849.png,Lung_Opacity,data\raw\radiography\COVID-19_Radiography_Dataset\Lung_Opacity\images\Lung_Opacity-849.png
data\processed\labelled_4232\Lung_Opacity\images\Lung_Opacity-720.png,Lung_Opacity,data\raw\radiography\COVID-19_Radiography_Dataset\Lung_Opacity\images\Lung_Opacity-720.png
data\processed\labelled_4232\Lung_Opacity\images\Lung_Opacity-3862.png,Lung_Opacity,data\raw\radiography\COVID-19_Radiography_Dataset\Lung_Opacity\images\Lung_Opacity-3862.png
data\processed\labelled_4232\Lung_Opacity\images\Lung_Opacity-3676.png,Lung_Opacity,data\raw\radiography\COVID-19_Radiography_Dataset\Lung_Opacity\images\Lung_Opacity-3676.png
data\processed\labelled_4232\Lung_Opacity\images\Lung_Opacity-2509.png,Lung_Opacity,data\raw\radiography\COVID-19_Radiography_Dataset\Lung_Opacity\images\Lung_Opacity-2509.png
data\processed\labelled_4232\Lung_Opacity\images\Lung_Opacity-5184.png,Lung_Opacity,data\raw\radiography\COVID-19_Radiography_Dataset\Lung_Opacity\images\Lung_Opacity-5184.png
data\processed\labelled_4232\Lung_Opacity\images\Lung_Opacity-666.png,Lung_Opacity,data\raw\radiography\COVID-19_Radiography_Dataset\Lung_Opacity\images\Lung_Opacity-666.png
data\processed\labelled_4232\Lung_Opacity\images\Lung_Opacity-1142.png,Lung_Opacity,data\raw\radiography\COVID-19_Radiography_Dataset\Lung_Opacity\images\Lung_Opacity-1142.png
data\processed\labelled_4232\Lung_Opacity\images\Lung_Opacity-1053.png,Lung_Opacity,data\raw\radiography\COVID-19_Radiography_Dataset\Lung_Opacity\images\Lung_Opacity-1053.png
data\processed\labelled_4232\Lung_Opacity\images\Lung_Opacity-4698.png,Lung_Opacity,data\raw\radiography\COVID-19_Radiography_Dataset\Lung_Opacity\images\Lung_Opacity-4698.png
data\processed\labelled_4232\Lung_Opacity\images\Lung_Opacity-5478.png,Lung_Opacity,data\raw\radiography\COVID-19_Radiography_Dataset\Lung_Opacity\images\Lung_Opacity-5478.png
data\processed\labelled_4232\Lung_Opacity\images\Lung_Opacity-4744.png,Lung_Opacity,data\raw\radiography\COVID-19_Radiography_Dataset\Lung_Opacity\images\Lung_Opacity-4744.png
data\processed\labelled_4232\Lung_Opacity\images\Lung_Opacity-1672.png,Lung_Opacity,data\raw\radiography\COVID-19_Radiography_Dataset\Lung_Opacity\images\Lung_Opacity-1672.png
data\processed\labelled_4232\Lung_Opacity\images\Lung_Opacity-4481.png,Lung_Opacity,data\raw\radiography\COVID-19_Radiography_Dataset\Lung_Opacity\images\Lung_Opacity-4481.png
data\processed\labelled_4232\Lung_Opacity\images\Lung_Opacity-5418.png,Lung_Opacity,data\raw\radiography\COVID-19_Radiography_Dataset\Lung_Opacity\images\Lung_Opacity-5418.png
data\processed\labelled_4232\Lung_Opacity\images\Lung_Opacity-5976.png,Lung_Opacity,data\raw\radiography\COVID-19_Radiography_Dataset\Lung_Opacity\images\Lung_Opacity-5976.png
data\processed\labelled_4232\Lung_Opacity\images\Lung_Opacity-3873.png,Lung_Opacity,data\raw\radiography\COVID-19_Radiography_Dataset\Lung_Opacity\images\Lung_Opacity-3873.png
data\processed\labelled_4232\Lung_Opacity\images\Lung_Opacity-3407.png,Lung_Opacity,data\raw\radiography\COVID-19_Radiography_Dataset\Lung_Opacity\images\Lung_Opacity-3407.png
data\processed\labelled_4232\Lung_Opacity\images\Lung_Opacity-4700.png,Lung_Opacity,data\raw\radiography\COVID-19_Radiography_Dataset\Lung_Opacity\images\Lung_Opacity-4700.png
data\processed\labelled_4232\Lung_Opacity\images\Lung_Opacity-707.png,Lung_Opacity,data\raw\radiography\COVID-19_Radiography_Dataset\Lung_Opacity\images\Lung_Opacity-707.png
data\processed\labelled_4232\Lung_Opacity\images\Lung_Opacity-1819.png,Lung_Opacity,data\raw\radiography\COVID-19_Radiography_Dataset\Lung_Opacity\images\Lung_Opacity-1819.png
data\processed\labelled_4232\Lung_Opacity\images\Lung_Opacity-2873.png,Lung_Opacity,data\raw\radiography\COVID-19_Radiography_Dataset\Lung_Opacity\images\Lung_Opacity-2873.png
data\processed\labelled_4232\Lung_Opacity\images\Lung_Opacity-3023.png,Lung_Opacity,data\raw\radiography\COVID-19_Radiography_Dataset\Lung_Opacity\images\Lung_Opacity-3023.png
data\processed\labelled_4232\Lung_Opacity\images\Lung_Opacity-4542.png,Lung_Opacity,data\raw\radiography\COVID-19_Radiography_Dataset\Lung_Opacity\images\Lung_Opacity-4542.png
data\processed\labelled_4232\Lung_Opacity\images\Lung_Opacity-5368.png,Lung_Opacity,data\raw\radiography\COVID-19_Radiography_Dataset\Lung_Opacity\images\Lung_Opacity-5368.png
data\processed\labelled_4232\Lung_Opacity\images\Lung_Opacity-1939.png,Lung_Opacity,data\raw\radiography\COVID-19_Radiography_Dataset\Lung_Opacity\images\Lung_Opacity-1939.png
data\processed\labelled_4232\Lung_Opacity\images\Lung_Opacity-711.png,Lung_Opacity,data\raw\radiography\COVID-19_Radiography_Dataset\Lung_Opacity\images\Lung_Opacity-711.png
data\processed\labelled_4232\Lung_Opacity\images\Lung_Opacity-1762.png,Lung_Opacity,data\raw\radiography\COVID-19_Radiography_Dataset\Lung_Opacity\images\Lung_Opacity-1762.png
data\processed\labelled_4232\Lung_Opacity\images\Lung_Opacity-1436.png,Lung_Opacity,data\raw\radiography\COVID-19_Radiography_Dataset\Lung_Opacity\images\Lung_Opacity-1436.png
data\processed\labelled_4232\Lung_Opacity\images\Lung_Opacity-1348.png,Lung_Opacity,data\raw\radiography\COVID-19_Radiography_Dataset\Lung_Opacity\images\Lung_Opacity-1348.png
data\processed\labelled_4232\Lung_Opacity\images\Lung_Opacity-4420.png,Lung_Opacity,data\raw\radiography\COVID-19_Radiography_Dataset\Lung_Opacity\images\Lung_Opacity-4420.png
data\processed\labelled_4232\Lung_Opacity\images\Lung_Opacity-939.png,Lung_Opacity,data\raw\radiography\COVID-19_Radiography_Dataset\Lung_Opacity\images\Lung_Opacity-939.png
data\processed\labelled_4232\Lung_Opacity\images\Lung_Opacity-1289.png,Lung_Opacity,data\raw\radiography\COVID-19_Radiography_Dataset\Lung_Opacity\images\Lung_Opacity-1289.png
data\processed\labelled_4232\Lung_Opacity\images\Lung_Opacity-3886.png,Lung_Opacity,data\raw\radiography\COVID-19_Radiography_Dataset\Lung_Opacity\images\Lung_Opacity-3886.png
data\processed\labelled_4232\Lung_Opacity\images\Lung_Opacity-2246.png,Lung_Opacity,data\raw\radiography\COVID-19_Radiography_Dataset\Lung_Opacity\images\Lung_Opacity-2246.png
data\processed\labelled_4232\Lung_Opacity\images\Lung_Opacity-339.png,Lung_Opacity,data\raw\radiography\COVID-19_Radiography_Dataset\Lung_Opacity\images\Lung_Opacity-339.png
data\processed\labelled_4232\Lung_Opacity\images\Lung_Opacity-3325.png,Lung_Opacity,data\raw\radiography\COVID-19_Radiography_Dataset\Lung_Opacity\images\Lung_Opacity-3325.png
data\processed\labelled_4232\Lung_Opacity\images\Lung_Opacity-982.png,Lung_Opacity,data\raw\radiography\COVID-19_Radiography_Dataset\Lung_Opacity\images\Lung_Opacity-982.png
data\processed\labelled_4232\Lung_Opacity\images\Lung_Opacity-3438.png,Lung_Opacity,data\raw\radiography\COVID-19_Radiography_Dataset\Lung_Opacity\images\Lung_Opacity-3438.png
data\processed\labelled_4232\Lung_Opacity\images\Lung_Opacity-4764.png,Lung_Opacity,data\raw\radiography\COVID-19_Radiography_Dataset\Lung_Opacity\images\Lung_Opacity-4764.png
data\processed\labelled_4232\Lung_Opacity\images\Lung_Opacity-1978.png,Lung_Opacity,data\raw\radiography\COVID-19_Radiography_Dataset\Lung_Opacity\images\Lung_Opacity-1978.png
data\processed\labelled_4232\Lung_Opacity\images\Lung_Opacity-5933.png,Lung_Opacity,data\raw\radiography\COVID-19_Radiography_Dataset\Lung_Opacity\images\Lung_Opacity-5933.png
data\processed\labelled_4232\Lung_Opacity\images\Lung_Opacity-2390.png,Lung_Opacity,data\raw\radiography\COVID-19_Radiography_Dataset\Lung_Opacity\images\Lung_Opacity-2390.png
data\processed\labelled_4232\Lung_Opacity\images\Lung_Opacity-3251.png,Lung_Opacity,data\raw\radiography\COVID-19_Radiography_Dataset\Lung_Opacity\images\Lung_Opacity-3251.png
data\processed\labelled_4232\Lung_Opacity\images\Lung_Opacity-4238.png,Lung_Opacity,data\raw\radiography\COVID-19_Radiography_Dataset\Lung_Opacity\images\Lung_Opacity-4238.png
data\processed\labelled_4232\Lung_Opacity\images\Lung_Opacity-3814.png,Lung_Opacity,data\raw\radiography\COVID-19_Radiography_Dataset\Lung_Opacity\images\Lung_Opacity-3814.png
data\processed\labelled_4232\Lung_Opacity\images\Lung_Opacity-5256.png,Lung_Opacity,data\raw\radiography\COVID-19_Radiography_Dataset\Lung_Opacity\images\Lung_Opacity-5256.png
data\processed\labelled_4232\Lung_Opacity\images\Lung_Opacity-4575.png,Lung_Opacity,data\raw\radiography\COVID-19_Radiography_Dataset\Lung_Opacity\images\Lung_Opacity-4575.png
data\processed\labelled_4232\Lung_Opacity\images\Lung_Opacity-4956.png,Lung_Opacity,data\raw\radiography\COVID-19_Radiography_Dataset\Lung_Opacity\images\Lung_Opacity-4956.png
data\processed\labelled_4232\Lung_Opacity\images\Lung_Opacity-5641.png,Lung_Opacity,data\raw\radiography\COVID-19_Radiography_Dataset\Lung_Opacity\images\Lung_Opacity-5641.png
data\processed\labelled_4232\Lung_Opacity\images\Lung_Opacity-2955.png,Lung_Opacity,data\raw\radiography\COVID-19_Radiography_Dataset\Lung_Opacity\images\Lung_Opacity-2955.png
data\processed\labelled_4232\Lung_Opacity\images\Lung_Opacity-3138.png,Lung_Opacity,data\raw\radiography\COVID-19_Radiography_Dataset\Lung_Opacity\images\Lung_Opacity-3138.png
data\processed\labelled_4232\Lung_Opacity\images\Lung_Opacity-4276.png,Lung_Opacity,data\raw\radiography\COVID-19_Radiography_Dataset\Lung_Opacity\images\Lung_Opacity-4276.png
data\processed\labelled_4232\Lung_Opacity\images\Lung_Opacity-5969.png,Lung_Opacity,data\raw\radiography\COVID-19_Radiography_Dataset\Lung_Opacity\images\Lung_Opacity-5969.png
data\processed\labelled_4232\Lung_Opacity\images\Lung_Opacity-1175.png,Lung_Opacity,data\raw\radiography\COVID-19_Radiography_Dataset\Lung_Opacity\images\Lung_Opacity-1175.png
data\processed\labelled_4232\Lung_Opacity\images\Lung_Opacity-3335.png,Lung_Opacity,data\raw\radiography\COVID-19_Radiography_Dataset\Lung_Opacity\images\Lung_Opacity-3335.png
data\processed\labelled_4232\Lung_Opacity\images\Lung_Opacity-4523.png,Lung_Opacity,data\raw\radiography\COVID-19_Radiography_Dataset\Lung_Opacity\images\Lung_Opacity-4523.png
data\processed\labelled_4232\Lung_Opacity\images\Lung_Opacity-2588.png,Lung_Opacity,data\raw\radiography\COVID-19_Radiography_Dataset\Lung_Opacity\images\Lung_Opacity-2588.png
data\processed\labelled_4232\Lung_Opacity\images\Lung_Opacity-652.png,Lung_Opacity,data\raw\radiography\COVID-19_Radiography_Dataset\Lung_Opacity\images\Lung_Opacity-652.png
data\processed\labelled_4232\Lung_Opacity\images\Lung_Opacity-5037.png,Lung_Opacity,data\raw\radiography\COVID-19_Radiography_Dataset\Lung_Opacity\images\Lung_Opacity-5037.png
data\processed\labelled_4232\Lung_Opacity\images\Lung_Opacity-4058.png,Lung_Opacity,data\raw\radiography\COVID-19_Radiography_Dataset\Lung_Opacity\images\Lung_Opacity-4058.png
data\processed\labelled_4232\Lung_Opacity\images\Lung_Opacity-1412.png,Lung_Opacity,data\raw\radiography\COVID-19_Radiography_Dataset\Lung_Opacity\images\Lung_Opacity-1412.png
data\processed\labelled_4232\Lung_Opacity\images\Lung_Opacity-4210.png,Lung_Opacity,data\raw\radiography\COVID-19_Radiography_Dataset\Lung_Opacity\images\Lung_Opacity-4210.png
data\processed\labelled_4232\Lung_Opacity\images\Lung_Opacity-5531.png,Lung_Opacity,data\raw\radiography\COVID-19_Radiography_Dataset\Lung_Opacity\images\Lung_Opacity-5531.png
data\processed\labelled_4232\Lung_Opacity\images\Lung_Opacity-1548.png,Lung_Opacity,data\raw\radiography\COVID-19_Radiography_Dataset\Lung_Opacity\images\Lung_Opacity-1548.png
data\processed\labelled_4232\Lung_Opacity\images\Lung_Opacity-2196.png,Lung_Opacity,data\raw\radiography\COVID-19_Radiography_Dataset\Lung_Opacity\images\Lung_Opacity-2196.png
data\processed\labelled_4232\Lung_Opacity\images\Lung_Opacity-2545.png,Lung_Opacity,data\raw\radiography\COVID-19_Radiography_Dataset\Lung_Opacity\images\Lung_Opacity-2545.png
data\processed\labelled_4232\Lung_Opacity\images\Lung_Opacity-764.png,Lung_Opacity,data\raw\radiography\COVID-19_Radiography_Dataset\Lung_Opacity\images\Lung_Opacity-764.png
data\processed\labelled_4232\Lung_Opacity\images\Lung_Opacity-526.png,Lung_Opacity,data\raw\radiography\COVID-19_Radiography_Dataset\Lung_Opacity\images\Lung_Opacity-526.png
data\processed\labelled_4232\Lung_Opacity\images\Lung_Opacity-1312.png,Lung_Opacity,data\raw\radiography\COVID-19_Radiography_Dataset\Lung_Opacity\images\Lung_Opacity-1312.png
data\processed\labelled_4232\Lung_Opacity\images\Lung_Opacity-4506.png,Lung_Opacity,data\raw\radiography\COVID-19_Radiography_Dataset\Lung_Opacity\images\Lung_Opacity-4506.png
data\processed\labelled_4232\Lung_Opacity\images\Lung_Opacity-10.png,Lung_Opacity,data\raw\radiography\COVID-19_Radiography_Dataset\Lung_Opacity\images\Lung_Opacity-10.png
data\processed\labelled_4232\Lung_Opacity\images\Lung_Opacity-4880.png,Lung_Opacity,data\raw\radiography\COVID-19_Radiography_Dataset\Lung_Opacity\images\Lung_Opacity-4880.png
data\processed\labelled_4232\Lung_Opacity\images\Lung_Opacity-1283.png,Lung_Opacity,data\raw\radiography\COVID-19_Radiography_Dataset\Lung_Opacity\images\Lung_Opacity-1283.png
data\processed\labelled_4232\Lung_Opacity\images\Lung_Opacity-1585.png,Lung_Opacity,data\raw\radiography\COVID-19_Radiography_Dataset\Lung_Opacity\images\Lung_Opacity-1585.png
data\processed\labelled_4232\Lung_Opacity\images\Lung_Opacity-4476.png,Lung_Opacity,data\raw\radiography\COVID-19_Radiography_Dataset\Lung_Opacity\images\Lung_Opacity-4476.png
data\processed\labelled_4232\Lung_Opacity\images\Lung_Opacity-3563.png,Lung_Opacity,data\raw\radiography\COVID-19_Radiography_Dataset\Lung_Opacity\images\Lung_Opacity-3563.png
data\processed\labelled_4232\Lung_Opacity\images\Lung_Opacity-4848.png,Lung_Opacity,data\raw\radiography\COVID-19_Radiography_Dataset\Lung_Opacity\images\Lung_Opacity-4848.png
data\processed\labelled_4232\Lung_Opacity\images\Lung_Opacity-5106.png,Lung_Opacity,data\raw\radiography\COVID-19_Radiography_Dataset\Lung_Opacity\images\Lung_Opacity-5106.png
data\processed\labelled_4232\Lung_Opacity\images\Lung_Opacity-505.png,Lung_Opacity,data\raw\radiography\COVID-19_Radiography_Dataset\Lung_Opacity\images\Lung_Opacity-505.png
data\processed\labelled_4232\Lung_Opacity\images\Lung_Opacity-2647.png,Lung_Opacity,data\raw\radiography\COVID-19_Radiography_Dataset\Lung_Opacity\images\Lung_Opacity-2647.png
data\processed\labelled_4232\Lung_Opacity\images\Lung_Opacity-3870.png,Lung_Opacity,data\raw\radiography\COVID-19_Radiography_Dataset\Lung_Opacity\images\Lung_Opacity-3870.png
data\processed\labelled_4232\Lung_Opacity\images\Lung_Opacity-1328.png,Lung_Opacity,data\raw\radiography\COVID-19_Radiography_Dataset\Lung_Opacity\images\Lung_Opacity-1328.png
data\processed\labelled_4232\Lung_Opacity\images\Lung_Opacity-5262.png,Lung_Opacity,data\raw\radiography\COVID-19_Radiography_Dataset\Lung_Opacity\images\Lung_Opacity-5262.png
data\processed\labelled_4232\Lung_Opacity\images\Lung_Opacity-1932.png,Lung_Opacity,data\raw\radiography\COVID-19_Radiography_Dataset\Lung_Opacity\images\Lung_Opacity-1932.png
data\processed\labelled_4232\Lung_Opacity\images\Lung_Opacity-3788.png,Lung_Opacity,data\raw\radiography\COVID-19_Radiography_Dataset\Lung_Opacity\images\Lung_Opacity-3788.png
data\processed\labelled_4232\Lung_Opacity\images\Lung_Opacity-2697.png,Lung_Opacity,data\raw\radiography\COVID-19_Radiography_Dataset\Lung_Opacity\images\Lung_Opacity-2697.png
data\processed\labelled_4232\Lung_Opacity\images\Lung_Opacity-25.png,Lung_Opacity,data\raw\radiography\COVID-19_Radiography_Dataset\Lung_Opacity\images\Lung_Opacity-25.png
data\processed\labelled_4232\Lung_Opacity\images\Lung_Opacity-2554.png,Lung_Opacity,data\raw\radiography\COVID-19_Radiography_Dataset\Lung_Opacity\images\Lung_Opacity-2554.png
data\processed\labelled_4232\Lung_Opacity\images\Lung_Opacity-2160.png,Lung_Opacity,data\raw\radiography\COVID-19_Radiography_Dataset\Lung_Opacity\images\Lung_Opacity-2160.png
data\processed\labelled_4232\Lung_Opacity\images\Lung_Opacity-5826.png,Lung_Opacity,data\raw\radiography\COVID-19_Radiography_Dataset\Lung_Opacity\images\Lung_Opacity-5826.png
data\processed\labelled_4232\Lung_Opacity\images\Lung_Opacity-101.png,Lung_Opacity,data\raw\radiography\COVID-19_Radiography_Dataset\Lung_Opacity\images\Lung_Opacity-101.png
data\processed\labelled_4232\Lung_Opacity\images\Lung_Opacity-5731.png,Lung_Opacity,data\raw\radiography\COVID-19_Radiography_Dataset\Lung_Opacity\images\Lung_Opacity-5731.png
data\processed\labelled_4232\Lung_Opacity\images\Lung_Opacity-3606.png,Lung_Opacity,data\raw\radiography\COVID-19_Radiography_Dataset\Lung_Opacity\images\Lung_Opacity-3606.png
data\processed\labelled_4232\Lung_Opacity\images\Lung_Opacity-5693.png,Lung_Opacity,data\raw\radiography\COVID-19_Radiography_Dataset\Lung_Opacity\images\Lung_Opacity-5693.png
data\processed\labelled_4232\Lung_Opacity\images\Lung_Opacity-4166.png,Lung_Opacity,data\raw\radiography\COVID-19_Radiography_Dataset\Lung_Opacity\images\Lung_Opacity-4166.png
data\processed\labelled_4232\Lung_Opacity\images\Lung_Opacity-940.png,Lung_Opacity,data\raw\radiography\COVID-19_Radiography_Dataset\Lung_Opacity\images\Lung_Opacity-940.png
data\processed\labelled_4232\Lung_Opacity\images\Lung_Opacity-5736.png,Lung_Opacity,data\raw\radiography\COVID-19_Radiography_Dataset\Lung_Opacity\images\Lung_Opacity-5736.png
data\processed\labelled_4232\Lung_Opacity\images\Lung_Opacity-4937.png,Lung_Opacity,data\raw\radiography\COVID-19_Radiography_Dataset\Lung_Opacity\images\Lung_Opacity-4937.png
data\processed\labelled_4232\Lung_Opacity\images\Lung_Opacity-310.png,Lung_Opacity,data\raw\radiography\COVID-19_Radiography_Dataset\Lung_Opacity\images\Lung_Opacity-310.png
data\processed\labelled_4232\Lung_Opacity\images\Lung_Opacity-4078.png,Lung_Opacity,data\raw\radiography\COVID-19_Radiography_Dataset\Lung_Opacity\images\Lung_Opacity-4078.png
data\processed\labelled_4232\Lung_Opacity\images\Lung_Opacity-1405.png,Lung_Opacity,data\raw\radiography\COVID-19_Radiography_Dataset\Lung_Opacity\images\Lung_Opacity-1405.png
data\processed\labelled_4232\Lung_Opacity\images\Lung_Opacity-582.png,Lung_Opacity,data\raw\radiography\COVID-19_Radiography_Dataset\Lung_Opacity\images\Lung_Opacity-582.png
data\processed\labelled_4232\Lung_Opacity\images\Lung_Opacity-1849.png,Lung_Opacity,data\raw\radiography\COVID-19_Radiography_Dataset\Lung_Opacity\images\Lung_Opacity-1849.png
data\processed\labelled_4232\Lung_Opacity\images\Lung_Opacity-1579.png,Lung_Opacity,data\raw\radiography\COVID-19_Radiography_Dataset\Lung_Opacity\images\Lung_Opacity-1579.png
data\processed\labelled_4232\Lung_Opacity\images\Lung_Opacity-4677.png,Lung_Opacity,data\raw\radiography\COVID-19_Radiography_Dataset\Lung_Opacity\images\Lung_Opacity-4677.png
data\processed\labelled_4232\Lung_Opacity\images\Lung_Opacity-3383.png,Lung_Opacity,data\raw\radiography\COVID-19_Radiography_Dataset\Lung_Opacity\images\Lung_Opacity-3383.png
data\processed\labelled_4232\Lung_Opacity\images\Lung_Opacity-1834.png,Lung_Opacity,data\raw\radiography\COVID-19_Radiography_Dataset\Lung_Opacity\images\Lung_Opacity-1834.png
data\processed\labelled_4232\Lung_Opacity\images\Lung_Opacity-2399.png,Lung_Opacity,data\raw\radiography\COVID-19_Radiography_Dataset\Lung_Opacity\images\Lung_Opacity-2399.png
data\processed\labelled_4232\Lung_Opacity\images\Lung_Opacity-729.png,Lung_Opacity,data\raw\radiography\COVID-19_Radiography_Dataset\Lung_Opacity\images\Lung_Opacity-729.png
data\processed\labelled_4232\Lung_Opacity\images\Lung_Opacity-5055.png,Lung_Opacity,data\raw\radiography\COVID-19_Radiography_Dataset\Lung_Opacity\images\Lung_Opacity-5055.png
data\processed\labelled_4232\Lung_Opacity\images\Lung_Opacity-5385.png,Lung_Opacity,data\raw\radiography\COVID-19_Radiography_Dataset\Lung_Opacity\images\Lung_Opacity-5385.png
data\processed\labelled_4232\Lung_Opacity\images\Lung_Opacity-5823.png,Lung_Opacity,data\raw\radiography\COVID-19_Radiography_Dataset\Lung_Opacity\images\Lung_Opacity-5823.png
data\processed\labelled_4232\Lung_Opacity\images\Lung_Opacity-4196.png,Lung_Opacity,data\raw\radiography\COVID-19_Radiography_Dataset\Lung_Opacity\images\Lung_Opacity-4196.png
data\processed\labelled_4232\Lung_Opacity\images\Lung_Opacity-2044.png,Lung_Opacity,data\raw\radiography\COVID-19_Radiography_Dataset\Lung_Opacity\images\Lung_Opacity-2044.png
data\processed\labelled_4232\Lung_Opacity\images\Lung_Opacity-869.png,Lung_Opacity,data\raw\radiography\COVID-19_Radiography_Dataset\Lung_Opacity\images\Lung_Opacity-869.png
data\processed\labelled_4232\Lung_Opacity\images\Lung_Opacity-933.png,Lung_Opacity,data\raw\radiography\COVID-19_Radiography_Dataset\Lung_Opacity\images\Lung_Opacity-933.png
data\processed\labelled_4232\Lung_Opacity\images\Lung_Opacity-2409.png,Lung_Opacity,data\raw\radiography\COVID-19_Radiography_Dataset\Lung_Opacity\images\Lung_Opacity-2409.png
data\processed\labelled_4232\Lung_Opacity\images\Lung_Opacity-3678.png,Lung_Opacity,data\raw\radiography\COVID-19_Radiography_Dataset\Lung_Opacity\images\Lung_Opacity-3678.png
data\processed\labelled_4232\Lung_Opacity\images\Lung_Opacity-5993.png,Lung_Opacity,data\raw\radiography\COVID-19_Radiography_Dataset\Lung_Opacity\images\Lung_Opacity-5993.png
data\processed\labelled_4232\Lung_Opacity\images\Lung_Opacity-3099.png,Lung_Opacity,data\raw\radiography\COVID-19_Radiography_Dataset\Lung_Opacity\images\Lung_Opacity-3099.png
data\processed\labelled_4232\Lung_Opacity\images\Lung_Opacity-3752.png,Lung_Opacity,data\raw\radiography\COVID-19_Radiography_Dataset\Lung_Opacity\images\Lung_Opacity-3752.png
data\processed\labelled_4232\Lung_Opacity\images\Lung_Opacity-253.png,Lung_Opacity,data\raw\radiography\COVID-19_Radiography_Dataset\Lung_Opacity\images\Lung_Opacity-253.png
data\processed\labelled_4232\Lung_Opacity\images\Lung_Opacity-410.png,Lung_Opacity,data\raw\radiography\COVID-19_Radiography_Dataset\Lung_Opacity\images\Lung_Opacity-410.png
data\processed\labelled_4232\Lung_Opacity\images\Lung_Opacity-2400.png,Lung_Opacity,data\raw\radiography\COVID-19_Radiography_Dataset\Lung_Opacity\images\Lung_Opacity-2400.png
data\processed\labelled_4232\Lung_Opacity\images\Lung_Opacity-4264.png,Lung_Opacity,data\raw\radiography\COVID-19_Radiography_Dataset\Lung_Opacity\images\Lung_Opacity-4264.png
data\processed\labelled_4232\Lung_Opacity\images\Lung_Opacity-5752.png,Lung_Opacity,data\raw\radiography\COVID-19_Radiography_Dataset\Lung_Opacity\images\Lung_Opacity-5752.png
data\processed\labelled_4232\Lung_Opacity\images\Lung_Opacity-5929.png,Lung_Opacity,data\raw\radiography\COVID-19_Radiography_Dataset\Lung_Opacity\images\Lung_Opacity-5929.png
data\processed\labelled_4232\Lung_Opacity\images\Lung_Opacity-1877.png,Lung_Opacity,data\raw\radiography\COVID-19_Radiography_Dataset\Lung_Opacity\images\Lung_Opacity-1877.png
data\processed\labelled_4232\Lung_Opacity\images\Lung_Opacity-1192.png,Lung_Opacity,data\raw\radiography\COVID-19_Radiography_Dataset\Lung_Opacity\images\Lung_Opacity-1192.png
data\processed\labelled_4232\Lung_Opacity\images\Lung_Opacity-186.png,Lung_Opacity,data\raw\radiography\COVID-19_Radiography_Dataset\Lung_Opacity\images\Lung_Opacity-186.png
data\processed\labelled_4232\Lung_Opacity\images\Lung_Opacity-3201.png,Lung_Opacity,data\raw\radiography\COVID-19_Radiography_Dataset\Lung_Opacity\images\Lung_Opacity-3201.png
data\processed\labelled_4232\Lung_Opacity\images\Lung_Opacity-616.png,Lung_Opacity,data\raw\radiography\COVID-19_Radiography_Dataset\Lung_Opacity\images\Lung_Opacity-616.png
data\processed\labelled_4232\Lung_Opacity\images\Lung_Opacity-4448.png,Lung_Opacity,data\raw\radiography\COVID-19_Radiography_Dataset\Lung_Opacity\images\Lung_Opacity-4448.png
data\processed\labelled_4232\Lung_Opacity\images\Lung_Opacity-3852.png,Lung_Opacity,data\raw\radiography\COVID-19_Radiography_Dataset\Lung_Opacity\images\Lung_Opacity-3852.png
data\processed\labelled_4232\Lung_Opacity\images\Lung_Opacity-628.png,Lung_Opacity,data\raw\radiography\COVID-19_Radiography_Dataset\Lung_Opacity\images\Lung_Opacity-628.png
data\processed\labelled_4232\Lung_Opacity\images\Lung_Opacity-5152.png,Lung_Opacity,data\raw\radiography\COVID-19_Radiography_Dataset\Lung_Opacity\images\Lung_Opacity-5152.png
data\processed\labelled_4232\Lung_Opacity\images\Lung_Opacity-225.png,Lung_Opacity,data\raw\radiography\COVID-19_Radiography_Dataset\Lung_Opacity\images\Lung_Opacity-225.png
data\processed\labelled_4232\Lung_Opacity\images\Lung_Opacity-2694.png,Lung_Opacity,data\raw\radiography\COVID-19_Radiography_Dataset\Lung_Opacity\images\Lung_Opacity-2694.png
data\processed\labelled_4232\Lung_Opacity\images\Lung_Opacity-3968.png,Lung_Opacity,data\raw\radiography\COVID-19_Radiography_Dataset\Lung_Opacity\images\Lung_Opacity-3968.png
data\processed\labelled_4232\Lung_Opacity\images\Lung_Opacity-5635.png,Lung_Opacity,data\raw\radiography\COVID-19_Radiography_Dataset\Lung_Opacity\images\Lung_Opacity-5635.png
data\processed\labelled_4232\Lung_Opacity\images\Lung_Opacity-3019.png,Lung_Opacity,data\raw\radiography\COVID-19_Radiography_Dataset\Lung_Opacity\images\Lung_Opacity-3019.png
data\processed\labelled_4232\Lung_Opacity\images\Lung_Opacity-2842.png,Lung_Opacity,data\raw\radiography\COVID-19_Radiography_Dataset\Lung_Opacity\images\Lung_Opacity-2842.png
data\processed\labelled_4232\Lung_Opacity\images\Lung_Opacity-3238.png,Lung_Opacity,data\raw\radiography\COVID-19_Radiography_Dataset\Lung_Opacity\images\Lung_Opacity-3238.png
data\processed\labelled_4232\Lung_Opacity\images\Lung_Opacity-3256.png,Lung_Opacity,data\raw\radiography\COVID-19_Radiography_Dataset\Lung_Opacity\images\Lung_Opacity-3256.png
data\processed\labelled_4232\Lung_Opacity\images\Lung_Opacity-3697.png,Lung_Opacity,data\raw\radiography\COVID-19_Radiography_Dataset\Lung_Opacity\images\Lung_Opacity-3697.png
data\processed\labelled_4232\Lung_Opacity\images\Lung_Opacity-3096.png,Lung_Opacity,data\raw\radiography\COVID-19_Radiography_Dataset\Lung_Opacity\images\Lung_Opacity-3096.png
data\processed\labelled_4232\Lung_Opacity\images\Lung_Opacity-2094.png,Lung_Opacity,data\raw\radiography\COVID-19_Radiography_Dataset\Lung_Opacity\images\Lung_Opacity-2094.png
data\processed\labelled_4232\Lung_Opacity\images\Lung_Opacity-5273.png,Lung_Opacity,data\raw\radiography\COVID-19_Radiography_Dataset\Lung_Opacity\images\Lung_Opacity-5273.png
data\processed\labelled_4232\Lung_Opacity\images\Lung_Opacity-4251.png,Lung_Opacity,data\raw\radiography\COVID-19_Radiography_Dataset\Lung_Opacity\images\Lung_Opacity-4251.png
data\processed\labelled_4232\Lung_Opacity\images\Lung_Opacity-926.png,Lung_Opacity,data\raw\radiography\COVID-19_Radiography_Dataset\Lung_Opacity\images\Lung_Opacity-926.png
data\processed\labelled_4232\Lung_Opacity\images\Lung_Opacity-1864.png,Lung_Opacity,data\raw\radiography\COVID-19_Radiography_Dataset\Lung_Opacity\images\Lung_Opacity-1864.png
data\processed\labelled_4232\Lung_Opacity\images\Lung_Opacity-4284.png,Lung_Opacity,data\raw\radiography\COVID-19_Radiography_Dataset\Lung_Opacity\images\Lung_Opacity-4284.png
data\processed\labelled_4232\Lung_Opacity\images\Lung_Opacity-575.png,Lung_Opacity,data\raw\radiography\COVID-19_Radiography_Dataset\Lung_Opacity\images\Lung_Opacity-575.png
data\processed\labelled_4232\Lung_Opacity\images\Lung_Opacity-5875.png,Lung_Opacity,data\raw\radiography\COVID-19_Radiography_Dataset\Lung_Opacity\images\Lung_Opacity-5875.png
data\processed\labelled_4232\Lung_Opacity\images\Lung_Opacity-3112.png,Lung_Opacity,data\raw\radiography\COVID-19_Radiography_Dataset\Lung_Opacity\images\Lung_Opacity-3112.png
data\processed\labelled_4232\Lung_Opacity\images\Lung_Opacity-3064.png,Lung_Opacity,data\raw\radiography\COVID-19_Radiography_Dataset\Lung_Opacity\images\Lung_Opacity-3064.png
data\processed\labelled_4232\Lung_Opacity\images\Lung_Opacity-2096.png,Lung_Opacity,data\raw\radiography\COVID-19_Radiography_Dataset\Lung_Opacity\images\Lung_Opacity-2096.png
data\processed\labelled_4232\Lung_Opacity\images\Lung_Opacity-903.png,Lung_Opacity,data\raw\radiography\COVID-19_Radiography_Dataset\Lung_Opacity\images\Lung_Opacity-903.png
data\processed\labelled_4232\Lung_Opacity\images\Lung_Opacity-5450.png,Lung_Opacity,data\raw\radiography\COVID-19_Radiography_Dataset\Lung_Opacity\images\Lung_Opacity-5450.png
data\processed\labelled_4232\Lung_Opacity\images\Lung_Opacity-2384.png,Lung_Opacity,data\raw\radiography\COVID-19_Radiography_Dataset\Lung_Opacity\images\Lung_Opacity-2384.png
data\processed\labelled_4232\Lung_Opacity\images\Lung_Opacity-3771.png,Lung_Opacity,data\raw\radiography\COVID-19_Radiography_Dataset\Lung_Opacity\images\Lung_Opacity-3771.png
data\processed\labelled_4232\Lung_Opacity\images\Lung_Opacity-5176.png,Lung_Opacity,data\raw\radiography\COVID-19_Radiography_Dataset\Lung_Opacity\images\Lung_Opacity-5176.png
data\processed\labelled_4232\Lung_Opacity\images\Lung_Opacity-1905.png,Lung_Opacity,data\raw\radiography\COVID-19_Radiography_Dataset\Lung_Opacity\images\Lung_Opacity-1905.png
data\processed\labelled_4232\Lung_Opacity\images\Lung_Opacity-5264.png,Lung_Opacity,data\raw\radiography\COVID-19_Radiography_Dataset\Lung_Opacity\images\Lung_Opacity-5264.png
data\processed\labelled_4232\Lung_Opacity\images\Lung_Opacity-2622.png,Lung_Opacity,data\raw\radiography\COVID-19_Radiography_Dataset\Lung_Opacity\images\Lung_Opacity-2622.png
data\processed\labelled_4232\Lung_Opacity\images\Lung_Opacity-2337.png,Lung_Opacity,data\raw\radiography\COVID-19_Radiography_Dataset\Lung_Opacity\images\Lung_Opacity-2337.png
data\processed\labelled_4232\Lung_Opacity\images\Lung_Opacity-2505.png,Lung_Opacity,data\raw\radiography\COVID-19_Radiography_Dataset\Lung_Opacity\images\Lung_Opacity-2505.png
data\processed\labelled_4232\Lung_Opacity\images\Lung_Opacity-4605.png,Lung_Opacity,data\raw\radiography\COVID-19_Radiography_Dataset\Lung_Opacity\images\Lung_Opacity-4605.png
data\processed\labelled_4232\Lung_Opacity\images\Lung_Opacity-3787.png,Lung_Opacity,data\raw\radiography\COVID-19_Radiography_Dataset\Lung_Opacity\images\Lung_Opacity-3787.png
data\processed\labelled_4232\Lung_Opacity\images\Lung_Opacity-3641.png,Lung_Opacity,data\raw\radiography\COVID-19_Radiography_Dataset\Lung_Opacity\images\Lung_Opacity-3641.png
data\processed\labelled_4232\Lung_Opacity\images\Lung_Opacity-5540.png,Lung_Opacity,data\raw\radiography\COVID-19_Radiography_Dataset\Lung_Opacity\images\Lung_Opacity-5540.png
data\processed\labelled_4232\Lung_Opacity\images\Lung_Opacity-4699.png,Lung_Opacity,data\raw\radiography\COVID-19_Radiography_Dataset\Lung_Opacity\images\Lung_Opacity-4699.png
data\processed\labelled_4232\Lung_Opacity\images\Lung_Opacity-3346.png,Lung_Opacity,data\raw\radiography\COVID-19_Radiography_Dataset\Lung_Opacity\images\Lung_Opacity-3346.png
data\processed\labelled_4232\Lung_Opacity\images\Lung_Opacity-5431.png,Lung_Opacity,data\raw\radiography\COVID-19_Radiography_Dataset\Lung_Opacity\images\Lung_Opacity-5431.png
data\processed\labelled_4232\Lung_Opacity\images\Lung_Opacity-408.png,Lung_Opacity,data\raw\radiography\COVID-19_Radiography_Dataset\Lung_Opacity\images\Lung_Opacity-408.png
data\processed\labelled_4232\Lung_Opacity\images\Lung_Opacity-345.png,Lung_Opacity,data\raw\radiography\COVID-19_Radiography_Dataset\Lung_Opacity\images\Lung_Opacity-345.png
data\processed\labelled_4232\Lung_Opacity\images\Lung_Opacity-769.png,Lung_Opacity,data\raw\radiography\COVID-19_Radiography_Dataset\Lung_Opacity\images\Lung_Opacity-769.png
data\processed\labelled_4232\Lung_Opacity\images\Lung_Opacity-3935.png,Lung_Opacity,data\raw\radiography\COVID-19_Radiography_Dataset\Lung_Opacity\images\Lung_Opacity-3935.png
data\processed\labelled_4232\Lung_Opacity\images\Lung_Opacity-3267.png,Lung_Opacity,data\raw\radiography\COVID-19_Radiography_Dataset\Lung_Opacity\images\Lung_Opacity-3267.png
data\processed\labelled_4232\Lung_Opacity\images\Lung_Opacity-3890.png,Lung_Opacity,data\raw\radiography\COVID-19_Radiography_Dataset\Lung_Opacity\images\Lung_Opacity-3890.png
data\processed\labelled_4232\Lung_Opacity\images\Lung_Opacity-5921.png,Lung_Opacity,data\raw\radiography\COVID-19_Radiography_Dataset\Lung_Opacity\images\Lung_Opacity-5921.png
data\processed\labelled_4232\Lung_Opacity\images\Lung_Opacity-2038.png,Lung_Opacity,data\raw\radiography\COVID-19_Radiography_Dataset\Lung_Opacity\images\Lung_Opacity-2038.png
data\processed\labelled_4232\Lung_Opacity\images\Lung_Opacity-504.png,Lung_Opacity,data\raw\radiography\COVID-19_Radiography_Dataset\Lung_Opacity\images\Lung_Opacity-504.png
data\processed\labelled_4232\Lung_Opacity\images\Lung_Opacity-5522.png,Lung_Opacity,data\raw\radiography\COVID-19_Radiography_Dataset\Lung_Opacity\images\Lung_Opacity-5522.png
data\processed\labelled_4232\Lung_Opacity\images\Lung_Opacity-804.png,Lung_Opacity,data\raw\radiography\COVID-19_Radiography_Dataset\Lung_Opacity\images\Lung_Opacity-804.png
data\processed\labelled_4232\Lung_Opacity\images\Lung_Opacity-80.png,Lung_Opacity,data\raw\radiography\COVID-19_Radiography_Dataset\Lung_Opacity\images\Lung_Opacity-80.png
data\processed\labelled_4232\Lung_Opacity\images\Lung_Opacity-398.png,Lung_Opacity,data\raw\radiography\COVID-19_Radiography_Dataset\Lung_Opacity\images\Lung_Opacity-398.png
data\processed\labelled_4232\Lung_Opacity\images\Lung_Opacity-3853.png,Lung_Opacity,data\raw\radiography\COVID-19_Radiography_Dataset\Lung_Opacity\images\Lung_Opacity-3853.png
data\processed\labelled_4232\Lung_Opacity\images\Lung_Opacity-3495.png,Lung_Opacity,data\raw\radiography\COVID-19_Radiography_Dataset\Lung_Opacity\images\Lung_Opacity-3495.png
data\processed\labelled_4232\Lung_Opacity\images\Lung_Opacity-1685.png,Lung_Opacity,data\raw\radiography\COVID-19_Radiography_Dataset\Lung_Opacity\images\Lung_Opacity-1685.png
data\processed\labelled_4232\Lung_Opacity\images\Lung_Opacity-667.png,Lung_Opacity,data\raw\radiography\COVID-19_Radiography_Dataset\Lung_Opacity\images\Lung_Opacity-667.png
data\processed\labelled_4232\Lung_Opacity\images\Lung_Opacity-168.png,Lung_Opacity,data\raw\radiography\COVID-19_Radiography_Dataset\Lung_Opacity\images\Lung_Opacity-168.png
data\processed\labelled_4232\Lung_Opacity\images\Lung_Opacity-833.png,Lung_Opacity,data\raw\radiography\COVID-19_Radiography_Dataset\Lung_Opacity\images\Lung_Opacity-833.png
data\processed\labelled_4232\Lung_Opacity\images\Lung_Opacity-389.png,Lung_Opacity,data\raw\radiography\COVID-19_Radiography_Dataset\Lung_Opacity\images\Lung_Opacity-389.png
data\processed\labelled_4232\Lung_Opacity\images\Lung_Opacity-3094.png,Lung_Opacity,data\raw\radiography\COVID-19_Radiography_Dataset\Lung_Opacity\images\Lung_Opacity-3094.png
data\processed\labelled_4232\Lung_Opacity\images\Lung_Opacity-4063.png,Lung_Opacity,data\raw\radiography\COVID-19_Radiography_Dataset\Lung_Opacity\images\Lung_Opacity-4063.png
data\processed\labelled_4232\Lung_Opacity\images\Lung_Opacity-4333.png,Lung_Opacity,data\raw\radiography\COVID-19_Radiography_Dataset\Lung_Opacity\images\Lung_Opacity-4333.png
data\processed\labelled_4232\Lung_Opacity\images\Lung_Opacity-2128.png,Lung_Opacity,data\raw\radiography\COVID-19_Radiography_Dataset\Lung_Opacity\images\Lung_Opacity-2128.png
data\processed\labelled_4232\Lung_Opacity\images\Lung_Opacity-3180.png,Lung_Opacity,data\raw\radiography\COVID-19_Radiography_Dataset\Lung_Opacity\images\Lung_Opacity-3180.png
data\processed\labelled_4232\Lung_Opacity\images\Lung_Opacity-5155.png,Lung_Opacity,data\raw\radiography\COVID-19_Radiography_Dataset\Lung_Opacity\images\Lung_Opacity-5155.png
data\processed\labelled_4232\Lung_Opacity\images\Lung_Opacity-2322.png,Lung_Opacity,data\raw\radiography\COVID-19_Radiography_Dataset\Lung_Opacity\images\Lung_Opacity-2322.png
data\processed\labelled_4232\Lung_Opacity\images\Lung_Opacity-161.png,Lung_Opacity,data\raw\radiography\COVID-19_Radiography_Dataset\Lung_Opacity\images\Lung_Opacity-161.png
data\processed\labelled_4232\Lung_Opacity\images\Lung_Opacity-4001.png,Lung_Opacity,data\raw\radiography\COVID-19_Radiography_Dataset\Lung_Opacity\images\Lung_Opacity-4001.png
data\processed\labelled_4232\Lung_Opacity\images\Lung_Opacity-1614.png,Lung_Opacity,data\raw\radiography\COVID-19_Radiography_Dataset\Lung_Opacity\images\Lung_Opacity-1614.png
data\processed\labelled_4232\Lung_Opacity\images\Lung_Opacity-4466.png,Lung_Opacity,data\raw\radiography\COVID-19_Radiography_Dataset\Lung_Opacity\images\Lung_Opacity-4466.png
data\processed\labelled_4232\Lung_Opacity\images\Lung_Opacity-5514.png,Lung_Opacity,data\raw\radiography\COVID-19_Radiography_Dataset\Lung_Opacity\images\Lung_Opacity-5514.png
data\processed\labelled_4232\Lung_Opacity\images\Lung_Opacity-2288.png,Lung_Opacity,data\raw\radiography\COVID-19_Radiography_Dataset\Lung_Opacity\images\Lung_Opacity-2288.png
data\processed\labelled_4232\Lung_Opacity\images\Lung_Opacity-4318.png,Lung_Opacity,data\raw\radiography\COVID-19_Radiography_Dataset\Lung_Opacity\images\Lung_Opacity-4318.png
data\processed\labelled_4232\Lung_Opacity\images\Lung_Opacity-4305.png,Lung_Opacity,data\raw\radiography\COVID-19_Radiography_Dataset\Lung_Opacity\images\Lung_Opacity-4305.png
data\processed\labelled_4232\Lung_Opacity\images\Lung_Opacity-1213.png,Lung_Opacity,data\raw\radiography\COVID-19_Radiography_Dataset\Lung_Opacity\images\Lung_Opacity-1213.png
data\processed\labelled_4232\Lung_Opacity\images\Lung_Opacity-2924.png,Lung_Opacity,data\raw\radiography\COVID-19_Radiography_Dataset\Lung_Opacity\images\Lung_Opacity-2924.png
data\processed\labelled_4232\Lung_Opacity\images\Lung_Opacity-3939.png,Lung_Opacity,data\raw\radiography\COVID-19_Radiography_Dataset\Lung_Opacity\images\Lung_Opacity-3939.png
data\processed\labelled_4232\Lung_Opacity\images\Lung_Opacity-2093.png,Lung_Opacity,data\raw\radiography\COVID-19_Radiography_Dataset\Lung_Opacity\images\Lung_Opacity-2093.png
data\processed\labelled_4232\Lung_Opacity\images\Lung_Opacity-740.png,Lung_Opacity,data\raw\radiography\COVID-19_Radiography_Dataset\Lung_Opacity\images\Lung_Opacity-740.png
data\processed\labelled_4232\Lung_Opacity\images\Lung_Opacity-1500.png,Lung_Opacity,data\raw\radiography\COVID-19_Radiography_Dataset\Lung_Opacity\images\Lung_Opacity-1500.png
data\processed\labelled_4232\Lung_Opacity\images\Lung_Opacity-695.png,Lung_Opacity,data\raw\radiography\COVID-19_Radiography_Dataset\Lung_Opacity\images\Lung_Opacity-695.png
data\processed\labelled_4232\Lung_Opacity\images\Lung_Opacity-4630.png,Lung_Opacity,data\raw\radiography\COVID-19_Radiography_Dataset\Lung_Opacity\images\Lung_Opacity-4630.png
data\processed\labelled_4232\Lung_Opacity\images\Lung_Opacity-2845.png,Lung_Opacity,data\raw\radiography\COVID-19_Radiography_Dataset\Lung_Opacity\images\Lung_Opacity-2845.png
data\processed\labelled_4232\Lung_Opacity\images\Lung_Opacity-1322.png,Lung_Opacity,data\raw\radiography\COVID-19_Radiography_Dataset\Lung_Opacity\images\Lung_Opacity-1322.png
data\processed\labelled_4232\Lung_Opacity\images\Lung_Opacity-4265.png,Lung_Opacity,data\raw\radiography\COVID-19_Radiography_Dataset\Lung_Opacity\images\Lung_Opacity-4265.png
data\processed\labelled_4232\Lung_Opacity\images\Lung_Opacity-1389.png,Lung_Opacity,data\raw\radiography\COVID-19_Radiography_Dataset\Lung_Opacity\images\Lung_Opacity-1389.png
data\processed\labelled_4232\Lung_Opacity\images\Lung_Opacity-3806.png,Lung_Opacity,data\raw\radiography\COVID-19_Radiography_Dataset\Lung_Opacity\images\Lung_Opacity-3806.png
data\processed\labelled_4232\Lung_Opacity\images\Lung_Opacity-2919.png,Lung_Opacity,data\raw\radiography\COVID-19_Radiography_Dataset\Lung_Opacity\images\Lung_Opacity-2919.png
data\processed\labelled_4232\Lung_Opacity\images\Lung_Opacity-4987.png,Lung_Opacity,data\raw\radiography\COVID-19_Radiography_Dataset\Lung_Opacity\images\Lung_Opacity-4987.png
data\processed\labelled_4232\Lung_Opacity\images\Lung_Opacity-5814.png,Lung_Opacity,data\raw\radiography\COVID-19_Radiography_Dataset\Lung_Opacity\images\Lung_Opacity-5814.png
data\processed\labelled_4232\Lung_Opacity\images\Lung_Opacity-2507.png,Lung_Opacity,data\raw\radiography\COVID-19_Radiography_Dataset\Lung_Opacity\images\Lung_Opacity-2507.png
data\processed\labelled_4232\Lung_Opacity\images\Lung_Opacity-1728.png,Lung_Opacity,data\raw\radiography\COVID-19_Radiography_Dataset\Lung_Opacity\images\Lung_Opacity-1728.png
data\processed\labelled_4232\Lung_Opacity\images\Lung_Opacity-3727.png,Lung_Opacity,data\raw\radiography\COVID-19_Radiography_Dataset\Lung_Opacity\images\Lung_Opacity-3727.png
data\processed\labelled_4232\Lung_Opacity\images\Lung_Opacity-4256.png,Lung_Opacity,data\raw\radiography\COVID-19_Radiography_Dataset\Lung_Opacity\images\Lung_Opacity-4256.png
data\processed\labelled_4232\Lung_Opacity\images\Lung_Opacity-4244.png,Lung_Opacity,data\raw\radiography\COVID-19_Radiography_Dataset\Lung_Opacity\images\Lung_Opacity-4244.png
data\processed\labelled_4232\Lung_Opacity\images\Lung_Opacity-138.png,Lung_Opacity,data\raw\radiography\COVID-19_Radiography_Dataset\Lung_Opacity\images\Lung_Opacity-138.png
data\processed\labelled_4232\Lung_Opacity\images\Lung_Opacity-2797.png,Lung_Opacity,data\raw\radiography\COVID-19_Radiography_Dataset\Lung_Opacity\images\Lung_Opacity-2797.png
data\processed\labelled_4232\Lung_Opacity\images\Lung_Opacity-3178.png,Lung_Opacity,data\raw\radiography\COVID-19_Radiography_Dataset\Lung_Opacity\images\Lung_Opacity-3178.png
data\processed\labelled_4232\Lung_Opacity\images\Lung_Opacity-1277.png,Lung_Opacity,data\raw\radiography\COVID-19_Radiography_Dataset\Lung_Opacity\images\Lung_Opacity-1277.png
data\processed\labelled_4232\Lung_Opacity\images\Lung_Opacity-5651.png,Lung_Opacity,data\raw\radiography\COVID-19_Radiography_Dataset\Lung_Opacity\images\Lung_Opacity-5651.png
data\processed\labelled_4232\Lung_Opacity\images\Lung_Opacity-3000.png,Lung_Opacity,data\raw\radiography\COVID-19_Radiography_Dataset\Lung_Opacity\images\Lung_Opacity-3000.png
data\processed\labelled_4232\Lung_Opacity\images\Lung_Opacity-1739.png,Lung_Opacity,data\raw\radiography\COVID-19_Radiography_Dataset\Lung_Opacity\images\Lung_Opacity-1739.png
data\processed\labelled_4232\Lung_Opacity\images\Lung_Opacity-5804.png,Lung_Opacity,data\raw\radiography\COVID-19_Radiography_Dataset\Lung_Opacity\images\Lung_Opacity-5804.png
data\processed\labelled_4232\Lung_Opacity\images\Lung_Opacity-222.png,Lung_Opacity,data\raw\radiography\COVID-19_Radiography_Dataset\Lung_Opacity\images\Lung_Opacity-222.png
data\processed\labelled_4232\Lung_Opacity\images\Lung_Opacity-4403.png,Lung_Opacity,data\raw\radiography\COVID-19_Radiography_Dataset\Lung_Opacity\images\Lung_Opacity-4403.png
data\processed\labelled_4232\Lung_Opacity\images\Lung_Opacity-2586.png,Lung_Opacity,data\raw\radiography\COVID-19_Radiography_Dataset\Lung_Opacity\images\Lung_Opacity-2586.png
data\processed\labelled_4232\Lung_Opacity\images\Lung_Opacity-1669.png,Lung_Opacity,data\raw\radiography\COVID-19_Radiography_Dataset\Lung_Opacity\images\Lung_Opacity-1669.png
data\processed\labelled_4232\Lung_Opacity\images\Lung_Opacity-5276.png,Lung_Opacity,data\raw\radiography\COVID-19_Radiography_Dataset\Lung_Opacity\images\Lung_Opacity-5276.png
data\processed\labelled_4232\Lung_Opacity\images\Lung_Opacity-904.png,Lung_Opacity,data\raw\radiography\COVID-19_Radiography_Dataset\Lung_Opacity\images\Lung_Opacity-904.png
data\processed\labelled_4232\Lung_Opacity\images\Lung_Opacity-905.png,Lung_Opacity,data\raw\radiography\COVID-19_Radiography_Dataset\Lung_Opacity\images\Lung_Opacity-905.png
data\processed\labelled_4232\Lung_Opacity\images\Lung_Opacity-4898.png,Lung_Opacity,data\raw\radiography\COVID-19_Radiography_Dataset\Lung_Opacity\images\Lung_Opacity-4898.png
data\processed\labelled_4232\Lung_Opacity\images\Lung_Opacity-2928.png,Lung_Opacity,data\raw\radiography\COVID-19_Radiography_Dataset\Lung_Opacity\images\Lung_Opacity-2928.png
data\processed\labelled_4232\Lung_Opacity\images\Lung_Opacity-5164.png,Lung_Opacity,data\raw\radiography\COVID-19_Radiography_Dataset\Lung_Opacity\images\Lung_Opacity-5164.png
data\processed\labelled_4232\Lung_Opacity\images\Lung_Opacity-5397.png,Lung_Opacity,data\raw\radiography\COVID-19_Radiography_Dataset\Lung_Opacity\images\Lung_Opacity-5397.png
data\processed\labelled_4232\Lung_Opacity\images\Lung_Opacity-876.png,Lung_Opacity,data\raw\radiography\COVID-19_Radiography_Dataset\Lung_Opacity\images\Lung_Opacity-876.png
data\processed\labelled_4232\Lung_Opacity\images\Lung_Opacity-1251.png,Lung_Opacity,data\raw\radiography\COVID-19_Radiography_Dataset\Lung_Opacity\images\Lung_Opacity-1251.png
data\processed\labelled_4232\Lung_Opacity\images\Lung_Opacity-473.png,Lung_Opacity,data\raw\radiography\COVID-19_Radiography_Dataset\Lung_Opacity\images\Lung_Opacity-473.png
data\processed\labelled_4232\Lung_Opacity\images\Lung_Opacity-1598.png,Lung_Opacity,data\raw\radiography\COVID-19_Radiography_Dataset\Lung_Opacity\images\Lung_Opacity-1598.png
data\processed\labelled_4232\Lung_Opacity\images\Lung_Opacity-3933.png,Lung_Opacity,data\raw\radiography\COVID-19_Radiography_Dataset\Lung_Opacity\images\Lung_Opacity-3933.png
data\processed\labelled_4232\Lung_Opacity\images\Lung_Opacity-217.png,Lung_Opacity,data\raw\radiography\COVID-19_Radiography_Dataset\Lung_Opacity\images\Lung_Opacity-217.png
data\processed\labelled_4232\Lung_Opacity\images\Lung_Opacity-2275.png,Lung_Opacity,data\raw\radiography\COVID-19_Radiography_Dataset\Lung_Opacity\images\Lung_Opacity-2275.png
data\processed\labelled_4232\Lung_Opacity\images\Lung_Opacity-891.png,Lung_Opacity,data\raw\radiography\COVID-19_Radiography_Dataset\Lung_Opacity\images\Lung_Opacity-891.png
data\processed\labelled_4232\Lung_Opacity\images\Lung_Opacity-4068.png,Lung_Opacity,data\raw\radiography\COVID-19_Radiography_Dataset\Lung_Opacity\images\Lung_Opacity-4068.png
data\processed\labelled_4232\Lung_Opacity\images\Lung_Opacity-2222.png,Lung_Opacity,data\raw\radiography\COVID-19_Radiography_Dataset\Lung_Opacity\images\Lung_Opacity-2222.png
data\processed\labelled_4232\Lung_Opacity\images\Lung_Opacity-687.png,Lung_Opacity,data\raw\radiography\COVID-19_Radiography_Dataset\Lung_Opacity\images\Lung_Opacity-687.png
data\processed\labelled_4232\Lung_Opacity\images\Lung_Opacity-2264.png,Lung_Opacity,data\raw\radiography\COVID-19_Radiography_Dataset\Lung_Opacity\images\Lung_Opacity-2264.png
data\processed\labelled_4232\Lung_Opacity\images\Lung_Opacity-3402.png,Lung_Opacity,data\raw\radiography\COVID-19_Radiography_Dataset\Lung_Opacity\images\Lung_Opacity-3402.png
data\processed\labelled_4232\Lung_Opacity\images\Lung_Opacity-5007.png,Lung_Opacity,data\raw\radiography\COVID-19_Radiography_Dataset\Lung_Opacity\images\Lung_Opacity-5007.png
data\processed\labelled_4232\Lung_Opacity\images\Lung_Opacity-1647.png,Lung_Opacity,data\raw\radiography\COVID-19_Radiography_Dataset\Lung_Opacity\images\Lung_Opacity-1647.png
data\processed\labelled_4232\Lung_Opacity\images\Lung_Opacity-1171.png,Lung_Opacity,data\raw\radiography\COVID-19_Radiography_Dataset\Lung_Opacity\images\Lung_Opacity-1171.png
data\processed\labelled_4232\Lung_Opacity\images\Lung_Opacity-5279.png,Lung_Opacity,data\raw\radiography\COVID-19_Radiography_Dataset\Lung_Opacity\images\Lung_Opacity-5279.png
data\processed\labelled_4232\Lung_Opacity\images\Lung_Opacity-444.png,Lung_Opacity,data\raw\radiography\COVID-19_Radiography_Dataset\Lung_Opacity\images\Lung_Opacity-444.png
data\processed\labelled_4232\Lung_Opacity\images\Lung_Opacity-3680.png,Lung_Opacity,data\raw\radiography\COVID-19_Radiography_Dataset\Lung_Opacity\images\Lung_Opacity-3680.png
data\processed\labelled_4232\Lung_Opacity\images\Lung_Opacity-5883.png,Lung_Opacity,data\raw\radiography\COVID-19_Radiography_Dataset\Lung_Opacity\images\Lung_Opacity-5883.png
data\processed\labelled_4232\Lung_Opacity\images\Lung_Opacity-1088.png,Lung_Opacity,data\raw\radiography\COVID-19_Radiography_Dataset\Lung_Opacity\images\Lung_Opacity-1088.png
data\processed\labelled_4232\Lung_Opacity\images\Lung_Opacity-3906.png,Lung_Opacity,data\raw\radiography\COVID-19_Radiography_Dataset\Lung_Opacity\images\Lung_Opacity-3906.png
data\processed\labelled_4232\Lung_Opacity\images\Lung_Opacity-2444.png,Lung_Opacity,data\raw\radiography\COVID-19_Radiography_Dataset\Lung_Opacity\images\Lung_Opacity-2444.png
data\processed\labelled_4232\Lung_Opacity\images\Lung_Opacity-2348.png,Lung_Opacity,data\raw\radiography\COVID-19_Radiography_Dataset\Lung_Opacity\images\Lung_Opacity-2348.png
data\processed\labelled_4232\Lung_Opacity\images\Lung_Opacity-704.png,Lung_Opacity,data\raw\radiography\COVID-19_Radiography_Dataset\Lung_Opacity\images\Lung_Opacity-704.png
data\processed\labelled_4232\Lung_Opacity\images\Lung_Opacity-1549.png,Lung_Opacity,data\raw\radiography\COVID-19_Radiography_Dataset\Lung_Opacity\images\Lung_Opacity-1549.png
data\processed\labelled_4232\Lung_Opacity\images\Lung_Opacity-4972.png,Lung_Opacity,data\raw\radiography\COVID-19_Radiography_Dataset\Lung_Opacity\images\Lung_Opacity-4972.png
data\processed\labelled_4232\Lung_Opacity\images\Lung_Opacity-2561.png,Lung_Opacity,data\raw\radiography\COVID-19_Radiography_Dataset\Lung_Opacity\images\Lung_Opacity-2561.png
data\processed\labelled_4232\Lung_Opacity\images\Lung_Opacity-779.png,Lung_Opacity,data\raw\radiography\COVID-19_Radiography_Dataset\Lung_Opacity\images\Lung_Opacity-779.png
data\processed\labelled_4232\Lung_Opacity\images\Lung_Opacity-5599.png,Lung_Opacity,data\raw\radiography\COVID-19_Radiography_Dataset\Lung_Opacity\images\Lung_Opacity-5599.png
data\processed\labelled_4232\Lung_Opacity\images\Lung_Opacity-3165.png,Lung_Opacity,data\raw\radiography\COVID-19_Radiography_Dataset\Lung_Opacity\images\Lung_Opacity-3165.png
data\processed\labelled_4232\Lung_Opacity\images\Lung_Opacity-2986.png,Lung_Opacity,data\raw\radiography\COVID-19_Radiography_Dataset\Lung_Opacity\images\Lung_Opacity-2986.png
data\processed\labelled_4232\Lung_Opacity\images\Lung_Opacity-3696.png,Lung_Opacity,data\raw\radiography\COVID-19_Radiography_Dataset\Lung_Opacity\images\Lung_Opacity-3696.png
data\processed\labelled_4232\Lung_Opacity\images\Lung_Opacity-5740.png,Lung_Opacity,data\raw\radiography\COVID-19_Radiography_Dataset\Lung_Opacity\images\Lung_Opacity-5740.png
data\processed\labelled_4232\Lung_Opacity\images\Lung_Opacity-4435.png,Lung_Opacity,data\raw\radiography\COVID-19_Radiography_Dataset\Lung_Opacity\images\Lung_Opacity-4435.png
data\processed\labelled_4232\Lung_Opacity\images\Lung_Opacity-144.png,Lung_Opacity,data\raw\radiography\COVID-19_Radiography_Dataset\Lung_Opacity\images\Lung_Opacity-144.png
data\processed\labelled_4232\Lung_Opacity\images\Lung_Opacity-503.png,Lung_Opacity,data\raw\radiography\COVID-19_Radiography_Dataset\Lung_Opacity\images\Lung_Opacity-503.png
data\processed\labelled_4232\Lung_Opacity\images\Lung_Opacity-1.png,Lung_Opacity,data\raw\radiography\COVID-19_Radiography_Dataset\Lung_Opacity\images\Lung_Opacity-1.png
data\processed\labelled_4232\Lung_Opacity\images\Lung_Opacity-5196.png,Lung_Opacity,data\raw\radiography\COVID-19_Radiography_Dataset\Lung_Opacity\images\Lung_Opacity-5196.png
data\processed\labelled_4232\Lung_Opacity\images\Lung_Opacity-2210.png,Lung_Opacity,data\raw\radiography\COVID-19_Radiography_Dataset\Lung_Opacity\images\Lung_Opacity-2210.png
data\processed\labelled_4232\Lung_Opacity\images\Lung_Opacity-2993.png,Lung_Opacity,data\raw\radiography\COVID-19_Radiography_Dataset\Lung_Opacity\images\Lung_Opacity-2993.png
data\processed\labelled_4232\Lung_Opacity\images\Lung_Opacity-441.png,Lung_Opacity,data\raw\radiography\COVID-19_Radiography_Dataset\Lung_Opacity\images\Lung_Opacity-441.png
data\processed\labelled_4232\Lung_Opacity\images\Lung_Opacity-2782.png,Lung_Opacity,data\raw\radiography\COVID-19_Radiography_Dataset\Lung_Opacity\images\Lung_Opacity-2782.png
data\processed\labelled_4232\Lung_Opacity\images\Lung_Opacity-4818.png,Lung_Opacity,data\raw\radiography\COVID-19_Radiography_Dataset\Lung_Opacity\images\Lung_Opacity-4818.png
data\processed\labelled_4232\Lung_Opacity\images\Lung_Opacity-1326.png,Lung_Opacity,data\raw\radiography\COVID-19_Radiography_Dataset\Lung_Opacity\images\Lung_Opacity-1326.png
data\processed\labelled_4232\Lung_Opacity\images\Lung_Opacity-2382.png,Lung_Opacity,data\raw\radiography\COVID-19_Radiography_Dataset\Lung_Opacity\images\Lung_Opacity-2382.png
data\processed\labelled_4232\Lung_Opacity\images\Lung_Opacity-5922.png,Lung_Opacity,data\raw\radiography\COVID-19_Radiography_Dataset\Lung_Opacity\images\Lung_Opacity-5922.png
data\processed\labelled_4232\Lung_Opacity\images\Lung_Opacity-721.png,Lung_Opacity,data\raw\radiography\COVID-19_Radiography_Dataset\Lung_Opacity\images\Lung_Opacity-721.png
data\processed\labelled_4232\Lung_Opacity\images\Lung_Opacity-1128.png,Lung_Opacity,data\raw\radiography\COVID-19_Radiography_Dataset\Lung_Opacity\images\Lung_Opacity-1128.png
data\processed\labelled_4232\Lung_Opacity\images\Lung_Opacity-5873.png,Lung_Opacity,data\raw\radiography\COVID-19_Radiography_Dataset\Lung_Opacity\images\Lung_Opacity-5873.png
data\processed\labelled_4232\Lung_Opacity\images\Lung_Opacity-2286.png,Lung_Opacity,data\raw\radiography\COVID-19_Radiography_Dataset\Lung_Opacity\images\Lung_Opacity-2286.png
data\processed\labelled_4232\Lung_Opacity\images\Lung_Opacity-2755.png,Lung_Opacity,data\raw\radiography\COVID-19_Radiography_Dataset\Lung_Opacity\images\Lung_Opacity-2755.png
data\processed\labelled_4232\Lung_Opacity\images\Lung_Opacity-3778.png,Lung_Opacity,data\raw\radiography\COVID-19_Radiography_Dataset\Lung_Opacity\images\Lung_Opacity-3778.png
data\processed\labelled_4232\Lung_Opacity\images\Lung_Opacity-5310.png,Lung_Opacity,data\raw\radiography\COVID-19_Radiography_Dataset\Lung_Opacity\images\Lung_Opacity-5310.png
data\processed\labelled_4232\Lung_Opacity\images\Lung_Opacity-484.png,Lung_Opacity,data\raw\radiography\COVID-19_Radiography_Dataset\Lung_Opacity\images\Lung_Opacity-484.png
data\processed\labelled_4232\Lung_Opacity\images\Lung_Opacity-1802.png,Lung_Opacity,data\raw\radiography\COVID-19_Radiography_Dataset\Lung_Opacity\images\Lung_Opacity-1802.png
data\processed\labelled_4232\Lung_Opacity\images\Lung_Opacity-4528.png,Lung_Opacity,data\raw\radiography\COVID-19_Radiography_Dataset\Lung_Opacity\images\Lung_Opacity-4528.png
data\processed\labelled_4232\Lung_Opacity\images\Lung_Opacity-5952.png,Lung_Opacity,data\raw\radiography\COVID-19_Radiography_Dataset\Lung_Opacity\images\Lung_Opacity-5952.png
data\processed\labelled_4232\Lung_Opacity\images\Lung_Opacity-2145.png,Lung_Opacity,data\raw\radiography\COVID-19_Radiography_Dataset\Lung_Opacity\images\Lung_Opacity-2145.png
data\processed\labelled_4232\Lung_Opacity\images\Lung_Opacity-5346.png,Lung_Opacity,data\raw\radiography\COVID-19_Radiography_Dataset\Lung_Opacity\images\Lung_Opacity-5346.png
data\processed\labelled_4232\Lung_Opacity\images\Lung_Opacity-1924.png,Lung_Opacity,data\raw\radiography\COVID-19_Radiography_Dataset\Lung_Opacity\images\Lung_Opacity-1924.png
data\processed\labelled_4232\Lung_Opacity\images\Lung_Opacity-2360.png,Lung_Opacity,data\raw\radiography\COVID-19_Radiography_Dataset\Lung_Opacity\images\Lung_Opacity-2360.png
data\processed\labelled_4232\Lung_Opacity\images\Lung_Opacity-3061.png,Lung_Opacity,data\raw\radiography\COVID-19_Radiography_Dataset\Lung_Opacity\images\Lung_Opacity-3061.png
data\processed\labelled_4232\Lung_Opacity\images\Lung_Opacity-4795.png,Lung_Opacity,data\raw\radiography\COVID-19_Radiography_Dataset\Lung_Opacity\images\Lung_Opacity-4795.png
data\processed\labelled_4232\Lung_Opacity\images\Lung_Opacity-4375.png,Lung_Opacity,data\raw\radiography\COVID-19_Radiography_Dataset\Lung_Opacity\images\Lung_Opacity-4375.png
data\processed\labelled_4232\Lung_Opacity\images\Lung_Opacity-2161.png,Lung_Opacity,data\raw\radiography\COVID-19_Radiography_Dataset\Lung_Opacity\images\Lung_Opacity-2161.png
data\processed\labelled_4232\Lung_Opacity\images\Lung_Opacity-41.png,Lung_Opacity,data\raw\radiography\COVID-19_Radiography_Dataset\Lung_Opacity\images\Lung_Opacity-41.png
data\processed\labelled_4232\Lung_Opacity\images\Lung_Opacity-1007.png,Lung_Opacity,data\raw\radiography\COVID-19_Radiography_Dataset\Lung_Opacity\images\Lung_Opacity-1007.png
data\processed\labelled_4232\Lung_Opacity\images\Lung_Opacity-4835.png,Lung_Opacity,data\raw\radiography\COVID-19_Radiography_Dataset\Lung_Opacity\images\Lung_Opacity-4835.png
data\processed\labelled_4232\Lung_Opacity\images\Lung_Opacity-2101.png,Lung_Opacity,data\raw\radiography\COVID-19_Radiography_Dataset\Lung_Opacity\images\Lung_Opacity-2101.png
data\processed\labelled_4232\Lung_Opacity\images\Lung_Opacity-3208.png,Lung_Opacity,data\raw\radiography\COVID-19_Radiography_Dataset\Lung_Opacity\images\Lung_Opacity-3208.png
data\processed\labelled_4232\Lung_Opacity\images\Lung_Opacity-1252.png,Lung_Opacity,data\raw\radiography\COVID-19_Radiography_Dataset\Lung_Opacity\images\Lung_Opacity-1252.png
data\processed\labelled_4232\Lung_Opacity\images\Lung_Opacity-5442.png,Lung_Opacity,data\raw\radiography\COVID-19_Radiography_Dataset\Lung_Opacity\images\Lung_Opacity-5442.png
data\processed\labelled_4232\Lung_Opacity\images\Lung_Opacity-1663.png,Lung_Opacity,data\raw\radiography\COVID-19_Radiography_Dataset\Lung_Opacity\images\Lung_Opacity-1663.png
data\processed\labelled_4232\Lung_Opacity\images\Lung_Opacity-1730.png,Lung_Opacity,data\raw\radiography\COVID-19_Radiography_Dataset\Lung_Opacity\images\Lung_Opacity-1730.png
data\processed\labelled_4232\Lung_Opacity\images\Lung_Opacity-5274.png,Lung_Opacity,data\raw\radiography\COVID-19_Radiography_Dataset\Lung_Opacity\images\Lung_Opacity-5274.png
data\processed\labelled_4232\Lung_Opacity\images\Lung_Opacity-1995.png,Lung_Opacity,data\raw\radiography\COVID-19_Radiography_Dataset\Lung_Opacity\images\Lung_Opacity-1995.png
data\processed\labelled_4232\Lung_Opacity\images\Lung_Opacity-369.png,Lung_Opacity,data\raw\radiography\COVID-19_Radiography_Dataset\Lung_Opacity\images\Lung_Opacity-369.png
data\processed\labelled_4232\Lung_Opacity\images\Lung_Opacity-3190.png,Lung_Opacity,data\raw\radiography\COVID-19_Radiography_Dataset\Lung_Opacity\images\Lung_Opacity-3190.png
data\processed\labelled_4232\Lung_Opacity\images\Lung_Opacity-2858.png,Lung_Opacity,data\raw\radiography\COVID-19_Radiography_Dataset\Lung_Opacity\images\Lung_Opacity-2858.png
data\processed\labelled_4232\Lung_Opacity\images\Lung_Opacity-2321.png,Lung_Opacity,data\raw\radiography\COVID-19_Radiography_Dataset\Lung_Opacity\images\Lung_Opacity-2321.png
data\processed\labelled_4232\Lung_Opacity\images\Lung_Opacity-2642.png,Lung_Opacity,data\raw\radiography\COVID-19_Radiography_Dataset\Lung_Opacity\images\Lung_Opacity-2642.png
data\processed\labelled_4232\Lung_Opacity\images\Lung_Opacity-3237.png,Lung_Opacity,data\raw\radiography\COVID-19_Radiography_Dataset\Lung_Opacity\images\Lung_Opacity-3237.png
data\processed\labelled_4232\Lung_Opacity\images\Lung_Opacity-2109.png,Lung_Opacity,data\raw\radiography\COVID-19_Radiography_Dataset\Lung_Opacity\images\Lung_Opacity-2109.png
data\processed\labelled_4232\Lung_Opacity\images\Lung_Opacity-539.png,Lung_Opacity,data\raw\radiography\COVID-19_Radiography_Dataset\Lung_Opacity\images\Lung_Opacity-539.png
data\processed\labelled_4232\Lung_Opacity\images\Lung_Opacity-3735.png,Lung_Opacity,data\raw\radiography\COVID-19_Radiography_Dataset\Lung_Opacity\images\Lung_Opacity-3735.png
data\processed\labelled_4232\Lung_Opacity\images\Lung_Opacity-2906.png,Lung_Opacity,data\raw\radiography\COVID-19_Radiography_Dataset\Lung_Opacity\images\Lung_Opacity-2906.png
data\processed\labelled_4232\Lung_Opacity\images\Lung_Opacity-3066.png,Lung_Opacity,data\raw\radiography\COVID-19_Radiography_Dataset\Lung_Opacity\images\Lung_Opacity-3066.png
data\processed\labelled_4232\Lung_Opacity\images\Lung_Opacity-5252.png,Lung_Opacity,data\raw\radiography\COVID-19_Radiography_Dataset\Lung_Opacity\images\Lung_Opacity-5252.png
data\processed\labelled_4232\Lung_Opacity\images\Lung_Opacity-3601.png,Lung_Opacity,data\raw\radiography\COVID-19_Radiography_Dataset\Lung_Opacity\images\Lung_Opacity-3601.png
data\processed\labelled_4232\Lung_Opacity\images\Lung_Opacity-3882.png,Lung_Opacity,data\raw\radiography\COVID-19_Radiography_Dataset\Lung_Opacity\images\Lung_Opacity-3882.png
data\processed\labelled_4232\Lung_Opacity\images\Lung_Opacity-1000.png,Lung_Opacity,data\raw\radiography\COVID-19_Radiography_Dataset\Lung_Opacity\images\Lung_Opacity-1000.png
data\processed\labelled_4232\Lung_Opacity\images\Lung_Opacity-5821.png,Lung_Opacity,data\raw\radiography\COVID-19_Radiography_Dataset\Lung_Opacity\images\Lung_Opacity-5821.png
data\processed\labelled_4232\Lung_Opacity\images\Lung_Opacity-4345.png,Lung_Opacity,data\raw\radiography\COVID-19_Radiography_Dataset\Lung_Opacity\images\Lung_Opacity-4345.png
data\processed\labelled_4232\Lung_Opacity\images\Lung_Opacity-5664.png,Lung_Opacity,data\raw\radiography\COVID-19_Radiography_Dataset\Lung_Opacity\images\Lung_Opacity-5664.png
data\processed\labelled_4232\Lung_Opacity\images\Lung_Opacity-4098.png,Lung_Opacity,data\raw\radiography\COVID-19_Radiography_Dataset\Lung_Opacity\images\Lung_Opacity-4098.png
data\processed\labelled_4232\Lung_Opacity\images\Lung_Opacity-2981.png,Lung_Opacity,data\raw\radiography\COVID-19_Radiography_Dataset\Lung_Opacity\images\Lung_Opacity-2981.png
data\processed\labelled_4232\Lung_Opacity\images\Lung_Opacity-4865.png,Lung_Opacity,data\raw\radiography\COVID-19_Radiography_Dataset\Lung_Opacity\images\Lung_Opacity-4865.png
data\processed\labelled_4232\Lung_Opacity\images\Lung_Opacity-5824.png,Lung_Opacity,data\raw\radiography\COVID-19_Radiography_Dataset\Lung_Opacity\images\Lung_Opacity-5824.png
data\processed\labelled_4232\Lung_Opacity\images\Lung_Opacity-1406.png,Lung_Opacity,data\raw\radiography\COVID-19_Radiography_Dataset\Lung_Opacity\images\Lung_Opacity-1406.png
data\processed\labelled_4232\Lung_Opacity\images\Lung_Opacity-242.png,Lung_Opacity,data\raw\radiography\COVID-19_Radiography_Dataset\Lung_Opacity\images\Lung_Opacity-242.png
data\processed\labelled_4232\Lung_Opacity\images\Lung_Opacity-4551.png,Lung_Opacity,data\raw\radiography\COVID-19_Radiography_Dataset\Lung_Opacity\images\Lung_Opacity-4551.png
data\processed\labelled_4232\Lung_Opacity\images\Lung_Opacity-3543.png,Lung_Opacity,data\raw\radiography\COVID-19_Radiography_Dataset\Lung_Opacity\images\Lung_Opacity-3543.png
data\processed\labelled_4232\Lung_Opacity\images\Lung_Opacity-1697.png,Lung_Opacity,data\raw\radiography\COVID-19_Radiography_Dataset\Lung_Opacity\images\Lung_Opacity-1697.png
data\processed\labelled_4232\Lung_Opacity\images\Lung_Opacity-2336.png,Lung_Opacity,data\raw\radiography\COVID-19_Radiography_Dataset\Lung_Opacity\images\Lung_Opacity-2336.png
data\processed\labelled_4232\Lung_Opacity\images\Lung_Opacity-1306.png,Lung_Opacity,data\raw\radiography\COVID-19_Radiography_Dataset\Lung_Opacity\images\Lung_Opacity-1306.png
data\processed\labelled_4232\Lung_Opacity\images\Lung_Opacity-1011.png,Lung_Opacity,data\raw\radiography\COVID-19_Radiography_Dataset\Lung_Opacity\images\Lung_Opacity-1011.png
data\processed\labelled_4232\Lung_Opacity\images\Lung_Opacity-3514.png,Lung_Opacity,data\raw\radiography\COVID-19_Radiography_Dataset\Lung_Opacity\images\Lung_Opacity-3514.png
data\processed\labelled_4232\Lung_Opacity\images\Lung_Opacity-2603.png,Lung_Opacity,data\raw\radiography\COVID-19_Radiography_Dataset\Lung_Opacity\images\Lung_Opacity-2603.png
data\processed\labelled_4232\Lung_Opacity\images\Lung_Opacity-935.png,Lung_Opacity,data\raw\radiography\COVID-19_Radiography_Dataset\Lung_Opacity\images\Lung_Opacity-935.png
data\processed\labelled_4232\Lung_Opacity\images\Lung_Opacity-969.png,Lung_Opacity,data\raw\radiography\COVID-19_Radiography_Dataset\Lung_Opacity\images\Lung_Opacity-969.png
data\processed\labelled_4232\Lung_Opacity\images\Lung_Opacity-4676.png,Lung_Opacity,data\raw\radiography\COVID-19_Radiography_Dataset\Lung_Opacity\images\Lung_Opacity-4676.png
data\processed\labelled_4232\Lung_Opacity\images\Lung_Opacity-5449.png,Lung_Opacity,data\raw\radiography\COVID-19_Radiography_Dataset\Lung_Opacity\images\Lung_Opacity-5449.png
data\processed\labelled_4232\Lung_Opacity\images\Lung_Opacity-3331.png,Lung_Opacity,data\raw\radiography\COVID-19_Radiography_Dataset\Lung_Opacity\images\Lung_Opacity-3331.png
data\processed\labelled_4232\Lung_Opacity\images\Lung_Opacity-5781.png,Lung_Opacity,data\raw\radiography\COVID-19_Radiography_Dataset\Lung_Opacity\images\Lung_Opacity-5781.png
data\processed\labelled_4232\Lung_Opacity\images\Lung_Opacity-3462.png,Lung_Opacity,data\raw\radiography\COVID-19_Radiography_Dataset\Lung_Opacity\images\Lung_Opacity-3462.png
data\processed\labelled_4232\Lung_Opacity\images\Lung_Opacity-5071.png,Lung_Opacity,data\raw\radiography\COVID-19_Radiography_Dataset\Lung_Opacity\images\Lung_Opacity-5071.png
data\processed\labelled_4232\Lung_Opacity\images\Lung_Opacity-3411.png,Lung_Opacity,data\raw\radiography\COVID-19_Radiography_Dataset\Lung_Opacity\images\Lung_Opacity-3411.png
data\processed\labelled_4232\Lung_Opacity\images\Lung_Opacity-4781.png,Lung_Opacity,data\raw\radiography\COVID-19_Radiography_Dataset\Lung_Opacity\images\Lung_Opacity-4781.png
data\processed\labelled_4232\Lung_Opacity\images\Lung_Opacity-5687.png,Lung_Opacity,data\raw\radiography\COVID-19_Radiography_Dataset\Lung_Opacity\images\Lung_Opacity-5687.png
data\processed\labelled_4232\Lung_Opacity\images\Lung_Opacity-5297.png,Lung_Opacity,data\raw\radiography\COVID-19_Radiography_Dataset\Lung_Opacity\images\Lung_Opacity-5297.png
data\processed\labelled_4232\Lung_Opacity\images\Lung_Opacity-2901.png,Lung_Opacity,data\raw\radiography\COVID-19_Radiography_Dataset\Lung_Opacity\images\Lung_Opacity-2901.png
data\processed\labelled_4232\Lung_Opacity\images\Lung_Opacity-4825.png,Lung_Opacity,data\raw\radiography\COVID-19_Radiography_Dataset\Lung_Opacity\images\Lung_Opacity-4825.png
data\processed\labelled_4232\Lung_Opacity\images\Lung_Opacity-5696.png,Lung_Opacity,data\raw\radiography\COVID-19_Radiography_Dataset\Lung_Opacity\images\Lung_Opacity-5696.png
data\processed\labelled_4232\Lung_Opacity\images\Lung_Opacity-3970.png,Lung_Opacity,data\raw\radiography\COVID-19_Radiography_Dataset\Lung_Opacity\images\Lung_Opacity-3970.png
data\processed\labelled_4232\Lung_Opacity\images\Lung_Opacity-5659.png,Lung_Opacity,data\raw\radiography\COVID-19_Radiography_Dataset\Lung_Opacity\images\Lung_Opacity-5659.png
data\processed\labelled_4232\Lung_Opacity\images\Lung_Opacity-5120.png,Lung_Opacity,data\raw\radiography\COVID-19_Radiography_Dataset\Lung_Opacity\images\Lung_Opacity-5120.png
data\processed\labelled_4232\Lung_Opacity\images\Lung_Opacity-2239.png,Lung_Opacity,data\raw\radiography\COVID-19_Radiography_Dataset\Lung_Opacity\images\Lung_Opacity-2239.png
data\processed\labelled_4232\Lung_Opacity\images\Lung_Opacity-1022.png,Lung_Opacity,data\raw\radiography\COVID-19_Radiography_Dataset\Lung_Opacity\images\Lung_Opacity-1022.png
data\processed\labelled_4232\Lung_Opacity\images\Lung_Opacity-786.png,Lung_Opacity,data\raw\radiography\COVID-19_Radiography_Dataset\Lung_Opacity\images\Lung_Opacity-786.png
data\processed\labelled_4232\Lung_Opacity\images\Lung_Opacity-5223.png,Lung_Opacity,data\raw\radiography\COVID-19_Radiography_Dataset\Lung_Opacity\images\Lung_Opacity-5223.png
data\processed\labelled_4232\Lung_Opacity\images\Lung_Opacity-5681.png,Lung_Opacity,data\raw\radiography\COVID-19_Radiography_Dataset\Lung_Opacity\images\Lung_Opacity-5681.png
data\processed\labelled_4232\Lung_Opacity\images\Lung_Opacity-1108.png,Lung_Opacity,data\raw\radiography\COVID-19_Radiography_Dataset\Lung_Opacity\images\Lung_Opacity-1108.png
data\processed\labelled_4232\Lung_Opacity\images\Lung_Opacity-1210.png,Lung_Opacity,data\raw\radiography\COVID-19_Radiography_Dataset\Lung_Opacity\images\Lung_Opacity-1210.png
data\processed\labelled_4232\Lung_Opacity\images\Lung_Opacity-1682.png,Lung_Opacity,data\raw\radiography\COVID-19_Radiography_Dataset\Lung_Opacity\images\Lung_Opacity-1682.png
data\processed\labelled_4232\Lung_Opacity\images\Lung_Opacity-2968.png,Lung_Opacity,data\raw\radiography\COVID-19_Radiography_Dataset\Lung_Opacity\images\Lung_Opacity-2968.png
data\processed\labelled_4232\Lung_Opacity\images\Lung_Opacity-501.png,Lung_Opacity,data\raw\radiography\COVID-19_Radiography_Dataset\Lung_Opacity\images\Lung_Opacity-501.png
data\processed\labelled_4232\Lung_Opacity\images\Lung_Opacity-3578.png,Lung_Opacity,data\raw\radiography\COVID-19_Radiography_Dataset\Lung_Opacity\images\Lung_Opacity-3578.png
data\processed\labelled_4232\Lung_Opacity\images\Lung_Opacity-4545.png,Lung_Opacity,data\raw\radiography\COVID-19_Radiography_Dataset\Lung_Opacity\images\Lung_Opacity-4545.png
data\processed\labelled_4232\Lung_Opacity\images\Lung_Opacity-4936.png,Lung_Opacity,data\raw\radiography\COVID-19_Radiography_Dataset\Lung_Opacity\images\Lung_Opacity-4936.png
data\processed\labelled_4232\Lung_Opacity\images\Lung_Opacity-5458.png,Lung_Opacity,data\raw\radiography\COVID-19_Radiography_Dataset\Lung_Opacity\images\Lung_Opacity-5458.png
data\processed\labelled_4232\Lung_Opacity\images\Lung_Opacity-5094.png,Lung_Opacity,data\raw\radiography\COVID-19_Radiography_Dataset\Lung_Opacity\images\Lung_Opacity-5094.png
data\processed\labelled_4232\Lung_Opacity\images\Lung_Opacity-3594.png,Lung_Opacity,data\raw\radiography\COVID-19_Radiography_Dataset\Lung_Opacity\images\Lung_Opacity-3594.png
data\processed\labelled_4232\Lung_Opacity\images\Lung_Opacity-2574.png,Lung_Opacity,data\raw\radiography\COVID-19_Radiography_Dataset\Lung_Opacity\images\Lung_Opacity-2574.png
data\processed\labelled_4232\Lung_Opacity\images\Lung_Opacity-1044.png,Lung_Opacity,data\raw\radiography\COVID-19_Radiography_Dataset\Lung_Opacity\images\Lung_Opacity-1044.png
data\processed\labelled_4232\Lung_Opacity\images\Lung_Opacity-1099.png,Lung_Opacity,data\raw\radiography\COVID-19_Radiography_Dataset\Lung_Opacity\images\Lung_Opacity-1099.png
data\processed\labelled_4232\Lung_Opacity\images\Lung_Opacity-3354.png,Lung_Opacity,data\raw\radiography\COVID-19_Radiography_Dataset\Lung_Opacity\images\Lung_Opacity-3354.png
data\processed\labelled_4232\Lung_Opacity\images\Lung_Opacity-3765.png,Lung_Opacity,data\raw\radiography\COVID-19_Radiography_Dataset\Lung_Opacity\images\Lung_Opacity-3765.png
data\processed\labelled_4232\Lung_Opacity\images\Lung_Opacity-1161.png,Lung_Opacity,data\raw\radiography\COVID-19_Radiography_Dataset\Lung_Opacity\images\Lung_Opacity-1161.png
data\processed\labelled_4232\Lung_Opacity\images\Lung_Opacity-2359.png,Lung_Opacity,data\raw\radiography\COVID-19_Radiography_Dataset\Lung_Opacity\images\Lung_Opacity-2359.png
data\processed\labelled_4232\Lung_Opacity\images\Lung_Opacity-2750.png,Lung_Opacity,data\raw\radiography\COVID-19_Radiography_Dataset\Lung_Opacity\images\Lung_Opacity-2750.png
data\processed\labelled_4232\Lung_Opacity\images\Lung_Opacity-2069.png,Lung_Opacity,data\raw\radiography\COVID-19_Radiography_Dataset\Lung_Opacity\images\Lung_Opacity-2069.png
data\processed\labelled_4232\Lung_Opacity\images\Lung_Opacity-2403.png,Lung_Opacity,data\raw\radiography\COVID-19_Radiography_Dataset\Lung_Opacity\images\Lung_Opacity-2403.png
data\processed\labelled_4232\Lung_Opacity\images\Lung_Opacity-5235.png,Lung_Opacity,data\raw\radiography\COVID-19_Radiography_Dataset\Lung_Opacity\images\Lung_Opacity-5235.png
data\processed\labelled_4232\Lung_Opacity\images\Lung_Opacity-2228.png,Lung_Opacity,data\raw\radiography\COVID-19_Radiography_Dataset\Lung_Opacity\images\Lung_Opacity-2228.png
data\processed\labelled_4232\Lung_Opacity\images\Lung_Opacity-535.png,Lung_Opacity,data\raw\radiography\COVID-19_Radiography_Dataset\Lung_Opacity\images\Lung_Opacity-535.png
data\processed\labelled_4232\Lung_Opacity\images\Lung_Opacity-93.png,Lung_Opacity,data\raw\radiography\COVID-19_Radiography_Dataset\Lung_Opacity\images\Lung_Opacity-93.png
data\processed\labelled_4232\Lung_Opacity\images\Lung_Opacity-3261.png,Lung_Opacity,data\raw\radiography\COVID-19_Radiography_Dataset\Lung_Opacity\images\Lung_Opacity-3261.png
data\processed\labelled_4232\Lung_Opacity\images\Lung_Opacity-4296.png,Lung_Opacity,data\raw\radiography\COVID-19_Radiography_Dataset\Lung_Opacity\images\Lung_Opacity-4296.png
data\processed\labelled_4232\Lung_Opacity\images\Lung_Opacity-5877.png,Lung_Opacity,data\raw\radiography\COVID-19_Radiography_Dataset\Lung_Opacity\images\Lung_Opacity-5877.png
data\processed\labelled_4232\Lung_Opacity\images\Lung_Opacity-811.png,Lung_Opacity,data\raw\radiography\COVID-19_Radiography_Dataset\Lung_Opacity\images\Lung_Opacity-811.png
data\processed\labelled_4232\Lung_Opacity\images\Lung_Opacity-4200.png,Lung_Opacity,data\raw\radiography\COVID-19_Radiography_Dataset\Lung_Opacity\images\Lung_Opacity-4200.png
data\processed\labelled_4232\Lung_Opacity\images\Lung_Opacity-6009.png,Lung_Opacity,data\raw\radiography\COVID-19_Radiography_Dataset\Lung_Opacity\images\Lung_Opacity-6009.png
data\processed\labelled_4232\Lung_Opacity\images\Lung_Opacity-3302.png,Lung_Opacity,data\raw\radiography\COVID-19_Radiography_Dataset\Lung_Opacity\images\Lung_Opacity-3302.png
data\processed\labelled_4232\Lung_Opacity\images\Lung_Opacity-380.png,Lung_Opacity,data\raw\radiography\COVID-19_Radiography_Dataset\Lung_Opacity\images\Lung_Opacity-380.png
data\processed\labelled_4232\Lung_Opacity\images\Lung_Opacity-4320.png,Lung_Opacity,data\raw\radiography\COVID-19_Radiography_Dataset\Lung_Opacity\images\Lung_Opacity-4320.png
data\processed\labelled_4232\Lung_Opacity\images\Lung_Opacity-1922.png,Lung_Opacity,data\raw\radiography\COVID-19_Radiography_Dataset\Lung_Opacity\images\Lung_Opacity-1922.png
data\processed\labelled_4232\Lung_Opacity\images\Lung_Opacity-2055.png,Lung_Opacity,data\raw\radiography\COVID-19_Radiography_Dataset\Lung_Opacity\images\Lung_Opacity-2055.png
data\processed\labelled_4232\Lung_Opacity\images\Lung_Opacity-1996.png,Lung_Opacity,data\raw\radiography\COVID-19_Radiography_Dataset\Lung_Opacity\images\Lung_Opacity-1996.png
data\processed\labelled_4232\Lung_Opacity\images\Lung_Opacity-819.png,Lung_Opacity,data\raw\radiography\COVID-19_Radiography_Dataset\Lung_Opacity\images\Lung_Opacity-819.png
data\processed\labelled_4232\Lung_Opacity\images\Lung_Opacity-4156.png,Lung_Opacity,data\raw\radiography\COVID-19_Radiography_Dataset\Lung_Opacity\images\Lung_Opacity-4156.png
data\processed\labelled_4232\Lung_Opacity\images\Lung_Opacity-2499.png,Lung_Opacity,data\raw\radiography\COVID-19_Radiography_Dataset\Lung_Opacity\images\Lung_Opacity-2499.png
data\processed\labelled_4232\Lung_Opacity\images\Lung_Opacity-2320.png,Lung_Opacity,data\raw\radiography\COVID-19_Radiography_Dataset\Lung_Opacity\images\Lung_Opacity-2320.png
data\processed\labelled_4232\Lung_Opacity\images\Lung_Opacity-5222.png,Lung_Opacity,data\raw\radiography\COVID-19_Radiography_Dataset\Lung_Opacity\images\Lung_Opacity-5222.png
data\processed\labelled_4232\Lung_Opacity\images\Lung_Opacity-5132.png,Lung_Opacity,data\raw\radiography\COVID-19_Radiography_Dataset\Lung_Opacity\images\Lung_Opacity-5132.png
data\processed\labelled_4232\Lung_Opacity\images\Lung_Opacity-5364.png,Lung_Opacity,data\raw\radiography\COVID-19_Radiography_Dataset\Lung_Opacity\images\Lung_Opacity-5364.png
data\processed\labelled_4232\Lung_Opacity\images\Lung_Opacity-2358.png,Lung_Opacity,data\raw\radiography\COVID-19_Radiography_Dataset\Lung_Opacity\images\Lung_Opacity-2358.png
data\processed\labelled_4232\Lung_Opacity\images\Lung_Opacity-3879.png,Lung_Opacity,data\raw\radiography\COVID-19_Radiography_Dataset\Lung_Opacity\images\Lung_Opacity-3879.png
data\processed\labelled_4232\Lung_Opacity\images\Lung_Opacity-5666.png,Lung_Opacity,data\raw\radiography\COVID-19_Radiography_Dataset\Lung_Opacity\images\Lung_Opacity-5666.png
data\processed\labelled_4232\Lung_Opacity\images\Lung_Opacity-5239.png,Lung_Opacity,data\raw\radiography\COVID-19_Radiography_Dataset\Lung_Opacity\images\Lung_Opacity-5239.png
data\processed\labelled_4232\Lung_Opacity\images\Lung_Opacity-5990.png,Lung_Opacity,data\raw\radiography\COVID-19_Radiography_Dataset\Lung_Opacity\images\Lung_Opacity-5990.png
data\processed\labelled_4232\Lung_Opacity\images\Lung_Opacity-3450.png,Lung_Opacity,data\raw\radiography\COVID-19_Radiography_Dataset\Lung_Opacity\images\Lung_Opacity-3450.png
data\processed\labelled_4232\Lung_Opacity\images\Lung_Opacity-3669.png,Lung_Opacity,data\raw\radiography\COVID-19_Radiography_Dataset\Lung_Opacity\images\Lung_Opacity-3669.png
data\processed\labelled_4232\Lung_Opacity\images\Lung_Opacity-2134.png,Lung_Opacity,data\raw\radiography\COVID-19_Radiography_Dataset\Lung_Opacity\images\Lung_Opacity-2134.png
data\processed\labelled_4232\Lung_Opacity\images\Lung_Opacity-5456.png,Lung_Opacity,data\raw\radiography\COVID-19_Radiography_Dataset\Lung_Opacity\images\Lung_Opacity-5456.png
data\processed\labelled_4232\Lung_Opacity\images\Lung_Opacity-255.png,Lung_Opacity,data\raw\radiography\COVID-19_Radiography_Dataset\Lung_Opacity\images\Lung_Opacity-255.png
data\processed\labelled_4232\Lung_Opacity\images\Lung_Opacity-1313.png,Lung_Opacity,data\raw\radiography\COVID-19_Radiography_Dataset\Lung_Opacity\images\Lung_Opacity-1313.png
data\processed\labelled_4232\Lung_Opacity\images\Lung_Opacity-5462.png,Lung_Opacity,data\raw\radiography\COVID-19_Radiography_Dataset\Lung_Opacity\images\Lung_Opacity-5462.png
data\processed\labelled_4232\Lung_Opacity\images\Lung_Opacity-4953.png,Lung_Opacity,data\raw\radiography\COVID-19_Radiography_Dataset\Lung_Opacity\images\Lung_Opacity-4953.png
data\processed\labelled_4232\Lung_Opacity\images\Lung_Opacity-599.png,Lung_Opacity,data\raw\radiography\COVID-19_Radiography_Dataset\Lung_Opacity\images\Lung_Opacity-599.png
data\processed\labelled_4232\Lung_Opacity\images\Lung_Opacity-1197.png,Lung_Opacity,data\raw\radiography\COVID-19_Radiography_Dataset\Lung_Opacity\images\Lung_Opacity-1197.png
data\processed\labelled_4232\Lung_Opacity\images\Lung_Opacity-3827.png,Lung_Opacity,data\raw\radiography\COVID-19_Radiography_Dataset\Lung_Opacity\images\Lung_Opacity-3827.png
data\processed\labelled_4232\Lung_Opacity\images\Lung_Opacity-5923.png,Lung_Opacity,data\raw\radiography\COVID-19_Radiography_Dataset\Lung_Opacity\images\Lung_Opacity-5923.png
data\processed\labelled_4232\Lung_Opacity\images\Lung_Opacity-1144.png,Lung_Opacity,data\raw\radiography\COVID-19_Radiography_Dataset\Lung_Opacity\images\Lung_Opacity-1144.png
data\processed\labelled_4232\Lung_Opacity\images\Lung_Opacity-1926.png,Lung_Opacity,data\raw\radiography\COVID-19_Radiography_Dataset\Lung_Opacity\images\Lung_Opacity-1926.png
data\processed\labelled_4232\Lung_Opacity\images\Lung_Opacity-1940.png,Lung_Opacity,data\raw\radiography\COVID-19_Radiography_Dataset\Lung_Opacity\images\Lung_Opacity-1940.png
data\processed\labelled_4232\Lung_Opacity\images\Lung_Opacity-480.png,Lung_Opacity,data\raw\radiography\COVID-19_Radiography_Dataset\Lung_Opacity\images\Lung_Opacity-480.png
data\processed\labelled_4232\Lung_Opacity\images\Lung_Opacity-3079.png,Lung_Opacity,data\raw\radiography\COVID-19_Radiography_Dataset\Lung_Opacity\images\Lung_Opacity-3079.png
data\processed\labelled_4232\Lung_Opacity\images\Lung_Opacity-5060.png,Lung_Opacity,data\raw\radiography\COVID-19_Radiography_Dataset\Lung_Opacity\images\Lung_Opacity-5060.png
data\processed\labelled_4232\Lung_Opacity\images\Lung_Opacity-4909.png,Lung_Opacity,data\raw\radiography\COVID-19_Radiography_Dataset\Lung_Opacity\images\Lung_Opacity-4909.png
data\processed\labelled_4232\Lung_Opacity\images\Lung_Opacity-4450.png,Lung_Opacity,data\raw\radiography\COVID-19_Radiography_Dataset\Lung_Opacity\images\Lung_Opacity-4450.png
data\processed\labelled_4232\Lung_Opacity\images\Lung_Opacity-3784.png,Lung_Opacity,data\raw\radiography\COVID-19_Radiography_Dataset\Lung_Opacity\images\Lung_Opacity-3784.png
data\processed\labelled_4232\Lung_Opacity\images\Lung_Opacity-1795.png,Lung_Opacity,data\raw\radiography\COVID-19_Radiography_Dataset\Lung_Opacity\images\Lung_Opacity-1795.png
data\processed\labelled_4232\Lung_Opacity\images\Lung_Opacity-1772.png,Lung_Opacity,data\raw\radiography\COVID-19_Radiography_Dataset\Lung_Opacity\images\Lung_Opacity-1772.png
data\processed\labelled_4232\Lung_Opacity\images\Lung_Opacity-3274.png,Lung_Opacity,data\raw\radiography\COVID-19_Radiography_Dataset\Lung_Opacity\images\Lung_Opacity-3274.png
data\processed\labelled_4232\Lung_Opacity\images\Lung_Opacity-1416.png,Lung_Opacity,data\raw\radiography\COVID-19_Radiography_Dataset\Lung_Opacity\images\Lung_Opacity-1416.png
data\processed\labelled_4232\Lung_Opacity\images\Lung_Opacity-1917.png,Lung_Opacity,data\raw\radiography\COVID-19_Radiography_Dataset\Lung_Opacity\images\Lung_Opacity-1917.png
data\processed\labelled_4232\Lung_Opacity\images\Lung_Opacity-2732.png,Lung_Opacity,data\raw\radiography\COVID-19_Radiography_Dataset\Lung_Opacity\images\Lung_Opacity-2732.png
data\processed\labelled_4232\Lung_Opacity\images\Lung_Opacity-4736.png,Lung_Opacity,data\raw\radiography\COVID-19_Radiography_Dataset\Lung_Opacity\images\Lung_Opacity-4736.png
data\processed\labelled_4232\Lung_Opacity\images\Lung_Opacity-3219.png,Lung_Opacity,data\raw\radiography\COVID-19_Radiography_Dataset\Lung_Opacity\images\Lung_Opacity-3219.png
data\processed\labelled_4232\Lung_Opacity\images\Lung_Opacity-1779.png,Lung_Opacity,data\raw\radiography\COVID-19_Radiography_Dataset\Lung_Opacity\images\Lung_Opacity-1779.png
data\processed\labelled_4232\Lung_Opacity\images\Lung_Opacity-5558.png,Lung_Opacity,data\raw\radiography\COVID-19_Radiography_Dataset\Lung_Opacity\images\Lung_Opacity-5558.png
data\processed\labelled_4232\Lung_Opacity\images\Lung_Opacity-2451.png,Lung_Opacity,data\raw\radiography\COVID-19_Radiography_Dataset\Lung_Opacity\images\Lung_Opacity-2451.png
data\processed\labelled_4232\Lung_Opacity\images\Lung_Opacity-514.png,Lung_Opacity,data\raw\radiography\COVID-19_Radiography_Dataset\Lung_Opacity\images\Lung_Opacity-514.png
data\processed\labelled_4232\Lung_Opacity\images\Lung_Opacity-2076.png,Lung_Opacity,data\raw\radiography\COVID-19_Radiography_Dataset\Lung_Opacity\images\Lung_Opacity-2076.png
data\processed\labelled_4232\Lung_Opacity\images\Lung_Opacity-618.png,Lung_Opacity,data\raw\radiography\COVID-19_Radiography_Dataset\Lung_Opacity\images\Lung_Opacity-618.png
data\processed\labelled_4232\Lung_Opacity\images\Lung_Opacity-5972.png,Lung_Opacity,data\raw\radiography\COVID-19_Radiography_Dataset\Lung_Opacity\images\Lung_Opacity-5972.png
data\processed\labelled_4232\Lung_Opacity\images\Lung_Opacity-4027.png,Lung_Opacity,data\raw\radiography\COVID-19_Radiography_Dataset\Lung_Opacity\images\Lung_Opacity-4027.png
data\processed\labelled_4232\Lung_Opacity\images\Lung_Opacity-3722.png,Lung_Opacity,data\raw\radiography\COVID-19_Radiography_Dataset\Lung_Opacity\images\Lung_Opacity-3722.png
data\processed\labelled_4232\Lung_Opacity\images\Lung_Opacity-5966.png,Lung_Opacity,data\raw\radiography\COVID-19_Radiography_Dataset\Lung_Opacity\images\Lung_Opacity-5966.png
data\processed\labelled_4232\Lung_Opacity\images\Lung_Opacity-862.png,Lung_Opacity,data\raw\radiography\COVID-19_Radiography_Dataset\Lung_Opacity\images\Lung_Opacity-862.png
data\processed\labelled_4232\Lung_Opacity\images\Lung_Opacity-3344.png,Lung_Opacity,data\raw\radiography\COVID-19_Radiography_Dataset\Lung_Opacity\images\Lung_Opacity-3344.png
data\processed\labelled_4232\Lung_Opacity\images\Lung_Opacity-1239.png,Lung_Opacity,data\raw\radiography\COVID-19_Radiography_Dataset\Lung_Opacity\images\Lung_Opacity-1239.png
data\processed\labelled_4232\Lung_Opacity\images\Lung_Opacity-303.png,Lung_Opacity,data\raw\radiography\COVID-19_Radiography_Dataset\Lung_Opacity\images\Lung_Opacity-303.png
data\processed\labelled_4232\Lung_Opacity\images\Lung_Opacity-1569.png,Lung_Opacity,data\raw\radiography\COVID-19_Radiography_Dataset\Lung_Opacity\images\Lung_Opacity-1569.png
data\processed\labelled_4232\Lung_Opacity\images\Lung_Opacity-4713.png,Lung_Opacity,data\raw\radiography\COVID-19_Radiography_Dataset\Lung_Opacity\images\Lung_Opacity-4713.png
data\processed\labelled_4232\Lung_Opacity\images\Lung_Opacity-2738.png,Lung_Opacity,data\raw\radiography\COVID-19_Radiography_Dataset\Lung_Opacity\images\Lung_Opacity-2738.png
data\processed\labelled_4232\Lung_Opacity\images\Lung_Opacity-216.png,Lung_Opacity,data\raw\radiography\COVID-19_Radiography_Dataset\Lung_Opacity\images\Lung_Opacity-216.png
data\processed\labelled_4232\Lung_Opacity\images\Lung_Opacity-1168.png,Lung_Opacity,data\raw\radiography\COVID-19_Radiography_Dataset\Lung_Opacity\images\Lung_Opacity-1168.png
data\processed\labelled_4232\Lung_Opacity\images\Lung_Opacity-5970.png,Lung_Opacity,data\raw\radiography\COVID-19_Radiography_Dataset\Lung_Opacity\images\Lung_Opacity-5970.png
data\processed\labelled_4232\Lung_Opacity\images\Lung_Opacity-2088.png,Lung_Opacity,data\raw\radiography\COVID-19_Radiography_Dataset\Lung_Opacity\images\Lung_Opacity-2088.png
data\processed\labelled_4232\Lung_Opacity\images\Lung_Opacity-3088.png,Lung_Opacity,data\raw\radiography\COVID-19_Radiography_Dataset\Lung_Opacity\images\Lung_Opacity-3088.png
data\processed\labelled_4232\Lung_Opacity\images\Lung_Opacity-3329.png,Lung_Opacity,data\raw\radiography\COVID-19_Radiography_Dataset\Lung_Opacity\images\Lung_Opacity-3329.png
data\processed\labelled_4232\Lung_Opacity\images\Lung_Opacity-3282.png,Lung_Opacity,data\raw\radiography\COVID-19_Radiography_Dataset\Lung_Opacity\images\Lung_Opacity-3282.png
data\processed\labelled_4232\Lung_Opacity\images\Lung_Opacity-4138.png,Lung_Opacity,data\raw\radiography\COVID-19_Radiography_Dataset\Lung_Opacity\images\Lung_Opacity-4138.png
data\processed\labelled_4232\Lung_Opacity\images\Lung_Opacity-415.png,Lung_Opacity,data\raw\radiography\COVID-19_Radiography_Dataset\Lung_Opacity\images\Lung_Opacity-415.png
data\processed\labelled_4232\Lung_Opacity\images\Lung_Opacity-4411.png,Lung_Opacity,data\raw\radiography\COVID-19_Radiography_Dataset\Lung_Opacity\images\Lung_Opacity-4411.png
data\processed\labelled_4232\Lung_Opacity\images\Lung_Opacity-213.png,Lung_Opacity,data\raw\radiography\COVID-19_Radiography_Dataset\Lung_Opacity\images\Lung_Opacity-213.png
data\processed\labelled_4232\Lung_Opacity\images\Lung_Opacity-4986.png,Lung_Opacity,data\raw\radiography\COVID-19_Radiography_Dataset\Lung_Opacity\images\Lung_Opacity-4986.png
data\processed\labelled_4232\Lung_Opacity\images\Lung_Opacity-823.png,Lung_Opacity,data\raw\radiography\COVID-19_Radiography_Dataset\Lung_Opacity\images\Lung_Opacity-823.png
data\processed\labelled_4232\Lung_Opacity\images\Lung_Opacity-550.png,Lung_Opacity,data\raw\radiography\COVID-19_Radiography_Dataset\Lung_Opacity\images\Lung_Opacity-550.png
data\processed\labelled_4232\Lung_Opacity\images\Lung_Opacity-681.png,Lung_Opacity,data\raw\radiography\COVID-19_Radiography_Dataset\Lung_Opacity\images\Lung_Opacity-681.png
data\processed\labelled_4232\Lung_Opacity\images\Lung_Opacity-306.png,Lung_Opacity,data\raw\radiography\COVID-19_Radiography_Dataset\Lung_Opacity\images\Lung_Opacity-306.png
data\processed\labelled_4232\Lung_Opacity\images\Lung_Opacity-1493.png,Lung_Opacity,data\raw\radiography\COVID-19_Radiography_Dataset\Lung_Opacity\images\Lung_Opacity-1493.png
data\processed\labelled_4232\Lung_Opacity\images\Lung_Opacity-2533.png,Lung_Opacity,data\raw\radiography\COVID-19_Radiography_Dataset\Lung_Opacity\images\Lung_Opacity-2533.png
data\processed\labelled_4232\Lung_Opacity\images\Lung_Opacity-4759.png,Lung_Opacity,data\raw\radiography\COVID-19_Radiography_Dataset\Lung_Opacity\images\Lung_Opacity-4759.png
data\processed\labelled_4232\Lung_Opacity\images\Lung_Opacity-2506.png,Lung_Opacity,data\raw\radiography\COVID-19_Radiography_Dataset\Lung_Opacity\images\Lung_Opacity-2506.png
data\processed\labelled_4232\Lung_Opacity\images\Lung_Opacity-2508.png,Lung_Opacity,data\raw\radiography\COVID-19_Radiography_Dataset\Lung_Opacity\images\Lung_Opacity-2508.png
data\processed\labelled_4232\Lung_Opacity\images\Lung_Opacity-141.png,Lung_Opacity,data\raw\radiography\COVID-19_Radiography_Dataset\Lung_Opacity\images\Lung_Opacity-141.png
data\processed\labelled_4232\Lung_Opacity\images\Lung_Opacity-110.png,Lung_Opacity,data\raw\radiography\COVID-19_Radiography_Dataset\Lung_Opacity\images\Lung_Opacity-110.png
data\processed\labelled_4232\Lung_Opacity\images\Lung_Opacity-1107.png,Lung_Opacity,data\raw\radiography\COVID-19_Radiography_Dataset\Lung_Opacity\images\Lung_Opacity-1107.png
data\processed\labelled_4232\Lung_Opacity\images\Lung_Opacity-4301.png,Lung_Opacity,data\raw\radiography\COVID-19_Radiography_Dataset\Lung_Opacity\images\Lung_Opacity-4301.png
data\processed\labelled_4232\Lung_Opacity\images\Lung_Opacity-5044.png,Lung_Opacity,data\raw\radiography\COVID-19_Radiography_Dataset\Lung_Opacity\images\Lung_Opacity-5044.png
data\processed\labelled_4232\Lung_Opacity\images\Lung_Opacity-86.png,Lung_Opacity,data\raw\radiography\COVID-19_Radiography_Dataset\Lung_Opacity\images\Lung_Opacity-86.png
data\processed\labelled_4232\Lung_Opacity\images\Lung_Opacity-3951.png,Lung_Opacity,data\raw\radiography\COVID-19_Radiography_Dataset\Lung_Opacity\images\Lung_Opacity-3951.png
data\processed\labelled_4232\Lung_Opacity\images\Lung_Opacity-4087.png,Lung_Opacity,data\raw\radiography\COVID-19_Radiography_Dataset\Lung_Opacity\images\Lung_Opacity-4087.png
data\processed\labelled_4232\Lung_Opacity\images\Lung_Opacity-797.png,Lung_Opacity,data\raw\radiography\COVID-19_Radiography_Dataset\Lung_Opacity\images\Lung_Opacity-797.png
data\processed\labelled_4232\Lung_Opacity\images\Lung_Opacity-1704.png,Lung_Opacity,data\raw\radiography\COVID-19_Radiography_Dataset\Lung_Opacity\images\Lung_Opacity-1704.png
data\processed\labelled_4232\Lung_Opacity\images\Lung_Opacity-4855.png,Lung_Opacity,data\raw\radiography\COVID-19_Radiography_Dataset\Lung_Opacity\images\Lung_Opacity-4855.png
data\processed\labelled_4232\Lung_Opacity\images\Lung_Opacity-4512.png,Lung_Opacity,data\raw\radiography\COVID-19_Radiography_Dataset\Lung_Opacity\images\Lung_Opacity-4512.png
data\processed\labelled_4232\Lung_Opacity\images\Lung_Opacity-972.png,Lung_Opacity,data\raw\radiography\COVID-19_Radiography_Dataset\Lung_Opacity\images\Lung_Opacity-972.png
data\processed\labelled_4232\Lung_Opacity\images\Lung_Opacity-1634.png,Lung_Opacity,data\raw\radiography\COVID-19_Radiography_Dataset\Lung_Opacity\images\Lung_Opacity-1634.png
data\processed\labelled_4232\Lung_Opacity\images\Lung_Opacity-3847.png,Lung_Opacity,data\raw\radiography\COVID-19_Radiography_Dataset\Lung_Opacity\images\Lung_Opacity-3847.png
data\processed\labelled_4232\Lung_Opacity\images\Lung_Opacity-5175.png,Lung_Opacity,data\raw\radiography\COVID-19_Radiography_Dataset\Lung_Opacity\images\Lung_Opacity-5175.png
data\processed\labelled_4232\Lung_Opacity\images\Lung_Opacity-639.png,Lung_Opacity,data\raw\radiography\COVID-19_Radiography_Dataset\Lung_Opacity\images\Lung_Opacity-639.png
data\processed\labelled_4232\Lung_Opacity\images\Lung_Opacity-1332.png,Lung_Opacity,data\raw\radiography\COVID-19_Radiography_Dataset\Lung_Opacity\images\Lung_Opacity-1332.png
data\processed\labelled_4232\Lung_Opacity\images\Lung_Opacity-4368.png,Lung_Opacity,data\raw\radiography\COVID-19_Radiography_Dataset\Lung_Opacity\images\Lung_Opacity-4368.png
data\processed\labelled_4232\Lung_Opacity\images\Lung_Opacity-2728.png,Lung_Opacity,data\raw\radiography\COVID-19_Radiography_Dataset\Lung_Opacity\images\Lung_Opacity-2728.png
data\processed\labelled_4232\Lung_Opacity\images\Lung_Opacity-2934.png,Lung_Opacity,data\raw\radiography\COVID-19_Radiography_Dataset\Lung_Opacity\images\Lung_Opacity-2934.png
data\processed\labelled_4232\Lung_Opacity\images\Lung_Opacity-4586.png,Lung_Opacity,data\raw\radiography\COVID-19_Radiography_Dataset\Lung_Opacity\images\Lung_Opacity-4586.png
data\processed\labelled_4232\Lung_Opacity\images\Lung_Opacity-1635.png,Lung_Opacity,data\raw\radiography\COVID-19_Radiography_Dataset\Lung_Opacity\images\Lung_Opacity-1635.png
data\processed\labelled_4232\Lung_Opacity\images\Lung_Opacity-4208.png,Lung_Opacity,data\raw\radiography\COVID-19_Radiography_Dataset\Lung_Opacity\images\Lung_Opacity-4208.png
data\processed\labelled_4232\Lung_Opacity\images\Lung_Opacity-4829.png,Lung_Opacity,data\raw\radiography\COVID-19_Radiography_Dataset\Lung_Opacity\images\Lung_Opacity-4829.png
data\processed\labelled_4232\Lung_Opacity\images\Lung_Opacity-4690.png,Lung_Opacity,data\raw\radiography\COVID-19_Radiography_Dataset\Lung_Opacity\images\Lung_Opacity-4690.png
data\processed\labelled_4232\Lung_Opacity\images\Lung_Opacity-2195.png,Lung_Opacity,data\raw\radiography\COVID-19_Radiography_Dataset\Lung_Opacity\images\Lung_Opacity-2195.png
data\processed\labelled_4232\Lung_Opacity\images\Lung_Opacity-2967.png,Lung_Opacity,data\raw\radiography\COVID-19_Radiography_Dataset\Lung_Opacity\images\Lung_Opacity-2967.png
data\processed\labelled_4232\Lung_Opacity\images\Lung_Opacity-749.png,Lung_Opacity,data\raw\radiography\COVID-19_Radiography_Dataset\Lung_Opacity\images\Lung_Opacity-749.png
data\processed\labelled_4232\Lung_Opacity\images\Lung_Opacity-1866.png,Lung_Opacity,data\raw\radiography\COVID-19_Radiography_Dataset\Lung_Opacity\images\Lung_Opacity-1866.png
data\processed\labelled_4232\Lung_Opacity\images\Lung_Opacity-643.png,Lung_Opacity,data\raw\radiography\COVID-19_Radiography_Dataset\Lung_Opacity\images\Lung_Opacity-643.png
data\processed\labelled_4232\Lung_Opacity\images\Lung_Opacity-3021.png,Lung_Opacity,data\raw\radiography\COVID-19_Radiography_Dataset\Lung_Opacity\images\Lung_Opacity-3021.png
data\processed\labelled_4232\Lung_Opacity\images\Lung_Opacity-5047.png,Lung_Opacity,data\raw\radiography\COVID-19_Radiography_Dataset\Lung_Opacity\images\Lung_Opacity-5047.png
data\processed\labelled_4232\Lung_Opacity\images\Lung_Opacity-5148.png,Lung_Opacity,data\raw\radiography\COVID-19_Radiography_Dataset\Lung_Opacity\images\Lung_Opacity-5148.png
data\processed\labelled_4232\Lung_Opacity\images\Lung_Opacity-2231.png,Lung_Opacity,data\raw\radiography\COVID-19_Radiography_Dataset\Lung_Opacity\images\Lung_Opacity-2231.png
data\processed\labelled_4232\Lung_Opacity\images\Lung_Opacity-1593.png,Lung_Opacity,data\raw\radiography\COVID-19_Radiography_Dataset\Lung_Opacity\images\Lung_Opacity-1593.png
data\processed\labelled_4232\Lung_Opacity\images\Lung_Opacity-701.png,Lung_Opacity,data\raw\radiography\COVID-19_Radiography_Dataset\Lung_Opacity\images\Lung_Opacity-701.png
data\processed\labelled_4232\Lung_Opacity\images\Lung_Opacity-3226.png,Lung_Opacity,data\raw\radiography\COVID-19_Radiography_Dataset\Lung_Opacity\images\Lung_Opacity-3226.png
data\processed\labelled_4232\Lung_Opacity\images\Lung_Opacity-5427.png,Lung_Opacity,data\raw\radiography\COVID-19_Radiography_Dataset\Lung_Opacity\images\Lung_Opacity-5427.png
data\processed\labelled_4232\Lung_Opacity\images\Lung_Opacity-4648.png,Lung_Opacity,data\raw\radiography\COVID-19_Radiography_Dataset\Lung_Opacity\images\Lung_Opacity-4648.png
data\processed\labelled_4232\Lung_Opacity\images\Lung_Opacity-3014.png,Lung_Opacity,data\raw\radiography\COVID-19_Radiography_Dataset\Lung_Opacity\images\Lung_Opacity-3014.png
data\processed\labelled_4232\Lung_Opacity\images\Lung_Opacity-3327.png,Lung_Opacity,data\raw\radiography\COVID-19_Radiography_Dataset\Lung_Opacity\images\Lung_Opacity-3327.png
data\processed\labelled_4232\Lung_Opacity\images\Lung_Opacity-5913.png,Lung_Opacity,data\raw\radiography\COVID-19_Radiography_Dataset\Lung_Opacity\images\Lung_Opacity-5913.png
data\processed\labelled_4232\Lung_Opacity\images\Lung_Opacity-53.png,Lung_Opacity,data\raw\radiography\COVID-19_Radiography_Dataset\Lung_Opacity\images\Lung_Opacity-53.png
data\processed\labelled_4232\Lung_Opacity\images\Lung_Opacity-1225.png,Lung_Opacity,data\raw\radiography\COVID-19_Radiography_Dataset\Lung_Opacity\images\Lung_Opacity-1225.png
data\processed\labelled_4232\Lung_Opacity\images\Lung_Opacity-59.png,Lung_Opacity,data\raw\radiography\COVID-19_Radiography_Dataset\Lung_Opacity\images\Lung_Opacity-59.png
data\processed\labelled_4232\Lung_Opacity\images\Lung_Opacity-2237.png,Lung_Opacity,data\raw\radiography\COVID-19_Radiography_Dataset\Lung_Opacity\images\Lung_Opacity-2237.png
data\processed\labelled_4232\Lung_Opacity\images\Lung_Opacity-5288.png,Lung_Opacity,data\raw\radiography\COVID-19_Radiography_Dataset\Lung_Opacity\images\Lung_Opacity-5288.png
data\processed\labelled_4232\Lung_Opacity\images\Lung_Opacity-2035.png,Lung_Opacity,data\raw\radiography\COVID-19_Radiography_Dataset\Lung_Opacity\images\Lung_Opacity-2035.png
data\processed\labelled_4232\Lung_Opacity\images\Lung_Opacity-5791.png,Lung_Opacity,data\raw\radiography\COVID-19_Radiography_Dataset\Lung_Opacity\images\Lung_Opacity-5791.png
data\processed\labelled_4232\Lung_Opacity\images\Lung_Opacity-500.png,Lung_Opacity,data\raw\radiography\COVID-19_Radiography_Dataset\Lung_Opacity\images\Lung_Opacity-500.png
data\processed\labelled_4232\Lung_Opacity\images\Lung_Opacity-153.png,Lung_Opacity,data\raw\radiography\COVID-19_Radiography_Dataset\Lung_Opacity\images\Lung_Opacity-153.png
data\processed\labelled_4232\Lung_Opacity\images\Lung_Opacity-2183.png,Lung_Opacity,data\raw\radiography\COVID-19_Radiography_Dataset\Lung_Opacity\images\Lung_Opacity-2183.png
data\processed\labelled_4232\Lung_Opacity\images\Lung_Opacity-2249.png,Lung_Opacity,data\raw\radiography\COVID-19_Radiography_Dataset\Lung_Opacity\images\Lung_Opacity-2249.png
data\processed\labelled_4232\Lung_Opacity\images\Lung_Opacity-5565.png,Lung_Opacity,data\raw\radiography\COVID-19_Radiography_Dataset\Lung_Opacity\images\Lung_Opacity-5565.png
data\processed\labelled_4232\Lung_Opacity\images\Lung_Opacity-1221.png,Lung_Opacity,data\raw\radiography\COVID-19_Radiography_Dataset\Lung_Opacity\images\Lung_Opacity-1221.png
data\processed\labelled_4232\Lung_Opacity\images\Lung_Opacity-1354.png,Lung_Opacity,data\raw\radiography\COVID-19_Radiography_Dataset\Lung_Opacity\images\Lung_Opacity-1354.png
data\processed\labelled_4232\Lung_Opacity\images\Lung_Opacity-4888.png,Lung_Opacity,data\raw\radiography\COVID-19_Radiography_Dataset\Lung_Opacity\images\Lung_Opacity-4888.png
data\processed\labelled_4232\Lung_Opacity\images\Lung_Opacity-2669.png,Lung_Opacity,data\raw\radiography\COVID-19_Radiography_Dataset\Lung_Opacity\images\Lung_Opacity-2669.png
data\processed\labelled_4232\Lung_Opacity\images\Lung_Opacity-3625.png,Lung_Opacity,data\raw\radiography\COVID-19_Radiography_Dataset\Lung_Opacity\images\Lung_Opacity-3625.png
data\processed\labelled_4232\Lung_Opacity\images\Lung_Opacity-2999.png,Lung_Opacity,data\raw\radiography\COVID-19_Radiography_Dataset\Lung_Opacity\images\Lung_Opacity-2999.png
data\processed\labelled_4232\Lung_Opacity\images\Lung_Opacity-924.png,Lung_Opacity,data\raw\radiography\COVID-19_Radiography_Dataset\Lung_Opacity\images\Lung_Opacity-924.png
data\processed\labelled_4232\Lung_Opacity\images\Lung_Opacity-2599.png,Lung_Opacity,data\raw\radiography\COVID-19_Radiography_Dataset\Lung_Opacity\images\Lung_Opacity-2599.png
data\processed\labelled_4232\Lung_Opacity\images\Lung_Opacity-3553.png,Lung_Opacity,data\raw\radiography\COVID-19_Radiography_Dataset\Lung_Opacity\images\Lung_Opacity-3553.png
data\processed\labelled_4232\Lung_Opacity\images\Lung_Opacity-2122.png,Lung_Opacity,data\raw\radiography\COVID-19_Radiography_Dataset\Lung_Opacity\images\Lung_Opacity-2122.png
data\processed\labelled_4232\Lung_Opacity\images\Lung_Opacity-5306.png,Lung_Opacity,data\raw\radiography\COVID-19_Radiography_Dataset\Lung_Opacity\images\Lung_Opacity-5306.png
data\processed\labelled_4232\Lung_Opacity\images\Lung_Opacity-1856.png,Lung_Opacity,data\raw\radiography\COVID-19_Radiography_Dataset\Lung_Opacity\images\Lung_Opacity-1856.png
data\processed\labelled_4232\Lung_Opacity\images\Lung_Opacity-3119.png,Lung_Opacity,data\raw\radiography\COVID-19_Radiography_Dataset\Lung_Opacity\images\Lung_Opacity-3119.png
data\processed\labelled_4232\Lung_Opacity\images\Lung_Opacity-5045.png,Lung_Opacity,data\raw\radiography\COVID-19_Radiography_Dataset\Lung_Opacity\images\Lung_Opacity-5045.png
data\processed\labelled_4232\Lung_Opacity\images\Lung_Opacity-263.png,Lung_Opacity,data\raw\radiography\COVID-19_Radiography_Dataset\Lung_Opacity\images\Lung_Opacity-263.png
data\processed\labelled_4232\Lung_Opacity\images\Lung_Opacity-2311.png,Lung_Opacity,data\raw\radiography\COVID-19_Radiography_Dataset\Lung_Opacity\images\Lung_Opacity-2311.png
data\processed\labelled_4232\Lung_Opacity\images\Lung_Opacity-3815.png,Lung_Opacity,data\raw\radiography\COVID-19_Radiography_Dataset\Lung_Opacity\images\Lung_Opacity-3815.png
data\processed\labelled_4232\Lung_Opacity\images\Lung_Opacity-3296.png,Lung_Opacity,data\raw\radiography\COVID-19_Radiography_Dataset\Lung_Opacity\images\Lung_Opacity-3296.png
data\processed\labelled_4232\Lung_Opacity\images\Lung_Opacity-3124.png,Lung_Opacity,data\raw\radiography\COVID-19_Radiography_Dataset\Lung_Opacity\images\Lung_Opacity-3124.png
data\processed\labelled_4232\Lung_Opacity\images\Lung_Opacity-3681.png,Lung_Opacity,data\raw\radiography\COVID-19_Radiography_Dataset\Lung_Opacity\images\Lung_Opacity-3681.png
data\processed\labelled_4232\Lung_Opacity\images\Lung_Opacity-5108.png,Lung_Opacity,data\raw\radiography\COVID-19_Radiography_Dataset\Lung_Opacity\images\Lung_Opacity-5108.png
data\processed\labelled_4232\Lung_Opacity\images\Lung_Opacity-5920.png,Lung_Opacity,data\raw\radiography\COVID-19_Radiography_Dataset\Lung_Opacity\images\Lung_Opacity-5920.png
data\processed\labelled_4232\Lung_Opacity\images\Lung_Opacity-1371.png,Lung_Opacity,data\raw\radiography\COVID-19_Radiography_Dataset\Lung_Opacity\images\Lung_Opacity-1371.png
data\processed\labelled_4232\Lung_Opacity\images\Lung_Opacity-3487.png,Lung_Opacity,data\raw\radiography\COVID-19_Radiography_Dataset\Lung_Opacity\images\Lung_Opacity-3487.png
data\processed\labelled_4232\Lung_Opacity\images\Lung_Opacity-4203.png,Lung_Opacity,data\raw\radiography\COVID-19_Radiography_Dataset\Lung_Opacity\images\Lung_Opacity-4203.png
data\processed\labelled_4232\Lung_Opacity\images\Lung_Opacity-5415.png,Lung_Opacity,data\raw\radiography\COVID-19_Radiography_Dataset\Lung_Opacity\images\Lung_Opacity-5415.png
data\processed\labelled_4232\Lung_Opacity\images\Lung_Opacity-402.png,Lung_Opacity,data\raw\radiography\COVID-19_Radiography_Dataset\Lung_Opacity\images\Lung_Opacity-402.png
data\processed\labelled_4232\Lung_Opacity\images\Lung_Opacity-3390.png,Lung_Opacity,data\raw\radiography\COVID-19_Radiography_Dataset\Lung_Opacity\images\Lung_Opacity-3390.png
data\processed\labelled_4232\Lung_Opacity\images\Lung_Opacity-106.png,Lung_Opacity,data\raw\radiography\COVID-19_Radiography_Dataset\Lung_Opacity\images\Lung_Opacity-106.png
data\processed\labelled_4232\Lung_Opacity\images\Lung_Opacity-5090.png,Lung_Opacity,data\raw\radiography\COVID-19_Radiography_Dataset\Lung_Opacity\images\Lung_Opacity-5090.png
data\processed\labelled_4232\Lung_Opacity\images\Lung_Opacity-619.png,Lung_Opacity,data\raw\radiography\COVID-19_Radiography_Dataset\Lung_Opacity\images\Lung_Opacity-619.png
data\processed\labelled_4232\Lung_Opacity\images\Lung_Opacity-1431.png,Lung_Opacity,data\raw\radiography\COVID-19_Radiography_Dataset\Lung_Opacity\images\Lung_Opacity-1431.png
data\processed\labelled_4232\Lung_Opacity\images\Lung_Opacity-1123.png,Lung_Opacity,data\raw\radiography\COVID-19_Radiography_Dataset\Lung_Opacity\images\Lung_Opacity-1123.png
data\processed\labelled_4232\Lung_Opacity\images\Lung_Opacity-1997.png,Lung_Opacity,data\raw\radiography\COVID-19_Radiography_Dataset\Lung_Opacity\images\Lung_Opacity-1997.png
data\processed\labelled_4232\Lung_Opacity\images\Lung_Opacity-3843.png,Lung_Opacity,data\raw\radiography\COVID-19_Radiography_Dataset\Lung_Opacity\images\Lung_Opacity-3843.png
data\processed\labelled_4232\Lung_Opacity\images\Lung_Opacity-1039.png,Lung_Opacity,data\raw\radiography\COVID-19_Radiography_Dataset\Lung_Opacity\images\Lung_Opacity-1039.png
data\processed\labelled_4232\Lung_Opacity\images\Lung_Opacity-4678.png,Lung_Opacity,data\raw\radiography\COVID-19_Radiography_Dataset\Lung_Opacity\images\Lung_Opacity-4678.png
data\processed\labelled_4232\Lung_Opacity\images\Lung_Opacity-3927.png,Lung_Opacity,data\raw\radiography\COVID-19_Radiography_Dataset\Lung_Opacity\images\Lung_Opacity-3927.png
data\processed\labelled_4232\Lung_Opacity\images\Lung_Opacity-2018.png,Lung_Opacity,data\raw\radiography\COVID-19_Radiography_Dataset\Lung_Opacity\images\Lung_Opacity-2018.png
data\processed\labelled_4232\Lung_Opacity\images\Lung_Opacity-5144.png,Lung_Opacity,data\raw\radiography\COVID-19_Radiography_Dataset\Lung_Opacity\images\Lung_Opacity-5144.png
data\processed\labelled_4232\Lung_Opacity\images\Lung_Opacity-5567.png,Lung_Opacity,data\raw\radiography\COVID-19_Radiography_Dataset\Lung_Opacity\images\Lung_Opacity-5567.png
data\processed\labelled_4232\Lung_Opacity\images\Lung_Opacity-4579.png,Lung_Opacity,data\raw\radiography\COVID-19_Radiography_Dataset\Lung_Opacity\images\Lung_Opacity-4579.png
data\processed\labelled_4232\Lung_Opacity\images\Lung_Opacity-2900.png,Lung_Opacity,data\raw\radiography\COVID-19_Radiography_Dataset\Lung_Opacity\images\Lung_Opacity-2900.png
data\processed\labelled_4232\Lung_Opacity\images\Lung_Opacity-4519.png,Lung_Opacity,data\raw\radiography\COVID-19_Radiography_Dataset\Lung_Opacity\images\Lung_Opacity-4519.png
data\processed\labelled_4232\Lung_Opacity\images\Lung_Opacity-525.png,Lung_Opacity,data\raw\radiography\COVID-19_Radiography_Dataset\Lung_Opacity\images\Lung_Opacity-525.png
data\processed\labelled_4232\Lung_Opacity\images\Lung_Opacity-4668.png,Lung_Opacity,data\raw\radiography\COVID-19_Radiography_Dataset\Lung_Opacity\images\Lung_Opacity-4668.png
data\processed\labelled_4232\Lung_Opacity\images\Lung_Opacity-1785.png,Lung_Opacity,data\raw\radiography\COVID-19_Radiography_Dataset\Lung_Opacity\images\Lung_Opacity-1785.png
data\processed\labelled_4232\Lung_Opacity\images\Lung_Opacity-98.png,Lung_Opacity,data\raw\radiography\COVID-19_Radiography_Dataset\Lung_Opacity\images\Lung_Opacity-98.png
data\processed\labelled_4232\Lung_Opacity\images\Lung_Opacity-586.png,Lung_Opacity,data\raw\radiography\COVID-19_Radiography_Dataset\Lung_Opacity\images\Lung_Opacity-586.png
data\processed\labelled_4232\Lung_Opacity\images\Lung_Opacity-4406.png,Lung_Opacity,data\raw\radiography\COVID-19_Radiography_Dataset\Lung_Opacity\images\Lung_Opacity-4406.png
data\processed\labelled_4232\Lung_Opacity\images\Lung_Opacity-1204.png,Lung_Opacity,data\raw\radiography\COVID-19_Radiography_Dataset\Lung_Opacity\images\Lung_Opacity-1204.png
data\processed\labelled_4232\Lung_Opacity\images\Lung_Opacity-3174.png,Lung_Opacity,data\raw\radiography\COVID-19_Radiography_Dataset\Lung_Opacity\images\Lung_Opacity-3174.png
data\processed\labelled_4232\Lung_Opacity\images\Lung_Opacity-5316.png,Lung_Opacity,data\raw\radiography\COVID-19_Radiography_Dataset\Lung_Opacity\images\Lung_Opacity-5316.png
data\processed\labelled_4232\Lung_Opacity\images\Lung_Opacity-4335.png,Lung_Opacity,data\raw\radiography\COVID-19_Radiography_Dataset\Lung_Opacity\images\Lung_Opacity-4335.png
data\processed\labelled_4232\Lung_Opacity\images\Lung_Opacity-537.png,Lung_Opacity,data\raw\radiography\COVID-19_Radiography_Dataset\Lung_Opacity\images\Lung_Opacity-537.png
data\processed\labelled_4232\Lung_Opacity\images\Lung_Opacity-5858.png,Lung_Opacity,data\raw\radiography\COVID-19_Radiography_Dataset\Lung_Opacity\images\Lung_Opacity-5858.png
data\processed\labelled_4232\Lung_Opacity\images\Lung_Opacity-4382.png,Lung_Opacity,data\raw\radiography\COVID-19_Radiography_Dataset\Lung_Opacity\images\Lung_Opacity-4382.png
data\processed\labelled_4232\Lung_Opacity\images\Lung_Opacity-3826.png,Lung_Opacity,data\raw\radiography\COVID-19_Radiography_Dataset\Lung_Opacity\images\Lung_Opacity-3826.png
data\processed\labelled_4232\Lung_Opacity\images\Lung_Opacity-2371.png,Lung_Opacity,data\raw\radiography\COVID-19_Radiography_Dataset\Lung_Opacity\images\Lung_Opacity-2371.png
data\processed\labelled_4232\Lung_Opacity\images\Lung_Opacity-2224.png,Lung_Opacity,data\raw\radiography\COVID-19_Radiography_Dataset\Lung_Opacity\images\Lung_Opacity-2224.png
data\processed\labelled_4232\Lung_Opacity\images\Lung_Opacity-1020.png,Lung_Opacity,data\raw\radiography\COVID-19_Radiography_Dataset\Lung_Opacity\images\Lung_Opacity-1020.png
data\processed\labelled_4232\Lung_Opacity\images\Lung_Opacity-2461.png,Lung_Opacity,data\raw\radiography\COVID-19_Radiography_Dataset\Lung_Opacity\images\Lung_Opacity-2461.png
data\processed\labelled_4232\Lung_Opacity\images\Lung_Opacity-2242.png,Lung_Opacity,data\raw\radiography\COVID-19_Radiography_Dataset\Lung_Opacity\images\Lung_Opacity-2242.png
data\processed\labelled_4232\Lung_Opacity\images\Lung_Opacity-1738.png,Lung_Opacity,data\raw\radiography\COVID-19_Radiography_Dataset\Lung_Opacity\images\Lung_Opacity-1738.png
data\processed\labelled_4232\Lung_Opacity\images\Lung_Opacity-1095.png,Lung_Opacity,data\raw\radiography\COVID-19_Radiography_Dataset\Lung_Opacity\images\Lung_Opacity-1095.png
data\processed\labelled_4232\Lung_Opacity\images\Lung_Opacity-581.png,Lung_Opacity,data\raw\radiography\COVID-19_Radiography_Dataset\Lung_Opacity\images\Lung_Opacity-581.png
data\processed\labelled_4232\Lung_Opacity\images\Lung_Opacity-1687.png,Lung_Opacity,data\raw\radiography\COVID-19_Radiography_Dataset\Lung_Opacity\images\Lung_Opacity-1687.png
data\processed\labelled_4232\Lung_Opacity\images\Lung_Opacity-4108.png,Lung_Opacity,data\raw\radiography\COVID-19_Radiography_Dataset\Lung_Opacity\images\Lung_Opacity-4108.png
data\processed\labelled_4232\Lung_Opacity\images\Lung_Opacity-91.png,Lung_Opacity,data\raw\radiography\COVID-19_Radiography_Dataset\Lung_Opacity\images\Lung_Opacity-91.png
data\processed\labelled_4232\Lung_Opacity\images\Lung_Opacity-3566.png,Lung_Opacity,data\raw\radiography\COVID-19_Radiography_Dataset\Lung_Opacity\images\Lung_Opacity-3566.png
data\processed\labelled_4232\Lung_Opacity\images\Lung_Opacity-886.png,Lung_Opacity,data\raw\radiography\COVID-19_Radiography_Dataset\Lung_Opacity\images\Lung_Opacity-886.png
data\processed\labelled_4232\Lung_Opacity\images\Lung_Opacity-5477.png,Lung_Opacity,data\raw\radiography\COVID-19_Radiography_Dataset\Lung_Opacity\images\Lung_Opacity-5477.png
data\processed\labelled_4232\Lung_Opacity\images\Lung_Opacity-3114.png,Lung_Opacity,data\raw\radiography\COVID-19_Radiography_Dataset\Lung_Opacity\images\Lung_Opacity-3114.png
data\processed\labelled_4232\Lung_Opacity\images\Lung_Opacity-5265.png,Lung_Opacity,data\raw\radiography\COVID-19_Radiography_Dataset\Lung_Opacity\images\Lung_Opacity-5265.png
data\processed\labelled_4232\Lung_Opacity\images\Lung_Opacity-3002.png,Lung_Opacity,data\raw\radiography\COVID-19_Radiography_Dataset\Lung_Opacity\images\Lung_Opacity-3002.png
data\processed\labelled_4232\Lung_Opacity\images\Lung_Opacity-1179.png,Lung_Opacity,data\raw\radiography\COVID-19_Radiography_Dataset\Lung_Opacity\images\Lung_Opacity-1179.png
data\processed\labelled_4232\Lung_Opacity\images\Lung_Opacity-3127.png,Lung_Opacity,data\raw\radiography\COVID-19_Radiography_Dataset\Lung_Opacity\images\Lung_Opacity-3127.png
data\processed\labelled_4232\Lung_Opacity\images\Lung_Opacity-980.png,Lung_Opacity,data\raw\radiography\COVID-19_Radiography_Dataset\Lung_Opacity\images\Lung_Opacity-980.png
data\processed\labelled_4232\Lung_Opacity\images\Lung_Opacity-1047.png,Lung_Opacity,data\raw\radiography\COVID-19_Radiography_Dataset\Lung_Opacity\images\Lung_Opacity-1047.png
data\processed\labelled_4232\Lung_Opacity\images\Lung_Opacity-3836.png,Lung_Opacity,data\raw\radiography\COVID-19_Radiography_Dataset\Lung_Opacity\images\Lung_Opacity-3836.png
data\processed\labelled_4232\Lung_Opacity\images\Lung_Opacity-5998.png,Lung_Opacity,data\raw\radiography\COVID-19_Radiography_Dataset\Lung_Opacity\images\Lung_Opacity-5998.png
data\processed\labelled_4232\Lung_Opacity\images\Lung_Opacity-3558.png,Lung_Opacity,data\raw\radiography\COVID-19_Radiography_Dataset\Lung_Opacity\images\Lung_Opacity-3558.png
data\processed\labelled_4232\Lung_Opacity\images\Lung_Opacity-357.png,Lung_Opacity,data\raw\radiography\COVID-19_Radiography_Dataset\Lung_Opacity\images\Lung_Opacity-357.png
data\processed\labelled_4232\Lung_Opacity\images\Lung_Opacity-670.png,Lung_Opacity,data\raw\radiography\COVID-19_Radiography_Dataset\Lung_Opacity\images\Lung_Opacity-670.png
data\processed\labelled_4232\Lung_Opacity\images\Lung_Opacity-5424.png,Lung_Opacity,data\raw\radiography\COVID-19_Radiography_Dataset\Lung_Opacity\images\Lung_Opacity-5424.png
data\processed\labelled_4232\Lung_Opacity\images\Lung_Opacity-4921.png,Lung_Opacity,data\raw\radiography\COVID-19_Radiography_Dataset\Lung_Opacity\images\Lung_Opacity-4921.png
data\processed\labelled_4232\Lung_Opacity\images\Lung_Opacity-858.png,Lung_Opacity,data\raw\radiography\COVID-19_Radiography_Dataset\Lung_Opacity\images\Lung_Opacity-858.png
data\processed\labelled_4232\Lung_Opacity\images\Lung_Opacity-3211.png,Lung_Opacity,data\raw\radiography\COVID-19_Radiography_Dataset\Lung_Opacity\images\Lung_Opacity-3211.png
data\processed\labelled_4232\Lung_Opacity\images\Lung_Opacity-406.png,Lung_Opacity,data\raw\radiography\COVID-19_Radiography_Dataset\Lung_Opacity\images\Lung_Opacity-406.png
data\processed\labelled_4232\Lung_Opacity\images\Lung_Opacity-3431.png,Lung_Opacity,data\raw\radiography\COVID-19_Radiography_Dataset\Lung_Opacity\images\Lung_Opacity-3431.png
data\processed\labelled_4232\Lung_Opacity\images\Lung_Opacity-1580.png,Lung_Opacity,data\raw\radiography\COVID-19_Radiography_Dataset\Lung_Opacity\images\Lung_Opacity-1580.png
data\processed\labelled_4232\Lung_Opacity\images\Lung_Opacity-1887.png,Lung_Opacity,data\raw\radiography\COVID-19_Radiography_Dataset\Lung_Opacity\images\Lung_Opacity-1887.png
data\processed\labelled_4232\Lung_Opacity\images\Lung_Opacity-2772.png,Lung_Opacity,data\raw\radiography\COVID-19_Radiography_Dataset\Lung_Opacity\images\Lung_Opacity-2772.png
data\processed\labelled_4232\Lung_Opacity\images\Lung_Opacity-3038.png,Lung_Opacity,data\raw\radiography\COVID-19_Radiography_Dataset\Lung_Opacity\images\Lung_Opacity-3038.png
data\processed\labelled_4232\Lung_Opacity\images\Lung_Opacity-1715.png,Lung_Opacity,data\raw\radiography\COVID-19_Radiography_Dataset\Lung_Opacity\images\Lung_Opacity-1715.png
data\processed\labelled_4232\Lung_Opacity\images\Lung_Opacity-2811.png,Lung_Opacity,data\raw\radiography\COVID-19_Radiography_Dataset\Lung_Opacity\images\Lung_Opacity-2811.png
data\processed\labelled_4232\Lung_Opacity\images\Lung_Opacity-1988.png,Lung_Opacity,data\raw\radiography\COVID-19_Radiography_Dataset\Lung_Opacity\images\Lung_Opacity-1988.png
data\processed\labelled_4232\Lung_Opacity\images\Lung_Opacity-1193.png,Lung_Opacity,data\raw\radiography\COVID-19_Radiography_Dataset\Lung_Opacity\images\Lung_Opacity-1193.png
data\processed\labelled_4232\Lung_Opacity\images\Lung_Opacity-744.png,Lung_Opacity,data\raw\radiography\COVID-19_Radiography_Dataset\Lung_Opacity\images\Lung_Opacity-744.png
data\processed\labelled_4232\Lung_Opacity\images\Lung_Opacity-2144.png,Lung_Opacity,data\raw\radiography\COVID-19_Radiography_Dataset\Lung_Opacity\images\Lung_Opacity-2144.png
data\processed\labelled_4232\Lung_Opacity\images\Lung_Opacity-2843.png,Lung_Opacity,data\raw\radiography\COVID-19_Radiography_Dataset\Lung_Opacity\images\Lung_Opacity-2843.png
data\processed\labelled_4232\Lung_Opacity\images\Lung_Opacity-2017.png,Lung_Opacity,data\raw\radiography\COVID-19_Radiography_Dataset\Lung_Opacity\images\Lung_Opacity-2017.png
data\processed\labelled_4232\Lung_Opacity\images\Lung_Opacity-816.png,Lung_Opacity,data\raw\radiography\COVID-19_Radiography_Dataset\Lung_Opacity\images\Lung_Opacity-816.png
data\processed\labelled_4232\Lung_Opacity\images\Lung_Opacity-4715.png,Lung_Opacity,data\raw\radiography\COVID-19_Radiography_Dataset\Lung_Opacity\images\Lung_Opacity-4715.png
data\processed\labelled_4232\Lung_Opacity\images\Lung_Opacity-4423.png,Lung_Opacity,data\raw\radiography\COVID-19_Radiography_Dataset\Lung_Opacity\images\Lung_Opacity-4423.png
data\processed\labelled_4232\Lung_Opacity\images\Lung_Opacity-5332.png,Lung_Opacity,data\raw\radiography\COVID-19_Radiography_Dataset\Lung_Opacity\images\Lung_Opacity-5332.png
data\processed\labelled_4232\Lung_Opacity\images\Lung_Opacity-1631.png,Lung_Opacity,data\raw\radiography\COVID-19_Radiography_Dataset\Lung_Opacity\images\Lung_Opacity-1631.png
data\processed\labelled_4232\Lung_Opacity\images\Lung_Opacity-1115.png,Lung_Opacity,data\raw\radiography\COVID-19_Radiography_Dataset\Lung_Opacity\images\Lung_Opacity-1115.png
data\processed\labelled_4232\Lung_Opacity\images\Lung_Opacity-3856.png,Lung_Opacity,data\raw\radiography\COVID-19_Radiography_Dataset\Lung_Opacity\images\Lung_Opacity-3856.png
data\processed\labelled_4232\Lung_Opacity\images\Lung_Opacity-5057.png,Lung_Opacity,data\raw\radiography\COVID-19_Radiography_Dataset\Lung_Opacity\images\Lung_Opacity-5057.png
data\processed\labelled_4232\Lung_Opacity\images\Lung_Opacity-2684.png,Lung_Opacity,data\raw\radiography\COVID-19_Radiography_Dataset\Lung_Opacity\images\Lung_Opacity-2684.png
data\processed\labelled_4232\Lung_Opacity\images\Lung_Opacity-1280.png,Lung_Opacity,data\raw\radiography\COVID-19_Radiography_Dataset\Lung_Opacity\images\Lung_Opacity-1280.png
data\processed\labelled_4232\Lung_Opacity\images\Lung_Opacity-1946.png,Lung_Opacity,data\raw\radiography\COVID-19_Radiography_Dataset\Lung_Opacity\images\Lung_Opacity-1946.png
data\processed\labelled_4232\Lung_Opacity\images\Lung_Opacity-3442.png,Lung_Opacity,data\raw\radiography\COVID-19_Radiography_Dataset\Lung_Opacity\images\Lung_Opacity-3442.png
data\processed\labelled_4232\Lung_Opacity\images\Lung_Opacity-5113.png,Lung_Opacity,data\raw\radiography\COVID-19_Radiography_Dataset\Lung_Opacity\images\Lung_Opacity-5113.png
data\processed\labelled_4232\Lung_Opacity\images\Lung_Opacity-2287.png,Lung_Opacity,data\raw\radiography\COVID-19_Radiography_Dataset\Lung_Opacity\images\Lung_Opacity-2287.png
data\processed\labelled_4232\Lung_Opacity\images\Lung_Opacity-735.png,Lung_Opacity,data\raw\radiography\COVID-19_Radiography_Dataset\Lung_Opacity\images\Lung_Opacity-735.png
data\processed\labelled_4232\Lung_Opacity\images\Lung_Opacity-2334.png,Lung_Opacity,data\raw\radiography\COVID-19_Radiography_Dataset\Lung_Opacity\images\Lung_Opacity-2334.png
data\processed\labelled_4232\Lung_Opacity\images\Lung_Opacity-3899.png,Lung_Opacity,data\raw\radiography\COVID-19_Radiography_Dataset\Lung_Opacity\images\Lung_Opacity-3899.png
data\processed\labelled_4232\Lung_Opacity\images\Lung_Opacity-5644.png,Lung_Opacity,data\raw\radiography\COVID-19_Radiography_Dataset\Lung_Opacity\images\Lung_Opacity-5644.png
data\processed\labelled_4232\Lung_Opacity\images\Lung_Opacity-4702.png,Lung_Opacity,data\raw\radiography\COVID-19_Radiography_Dataset\Lung_Opacity\images\Lung_Opacity-4702.png
data\processed\labelled_4232\Lung_Opacity\images\Lung_Opacity-17.png,Lung_Opacity,data\raw\radiography\COVID-19_Radiography_Dataset\Lung_Opacity\images\Lung_Opacity-17.png
data\processed\labelled_4232\Lung_Opacity\images\Lung_Opacity-4666.png,Lung_Opacity,data\raw\radiography\COVID-19_Radiography_Dataset\Lung_Opacity\images\Lung_Opacity-4666.png
data\processed\labelled_4232\Lung_Opacity\images\Lung_Opacity-5555.png,Lung_Opacity,data\raw\radiography\COVID-19_Radiography_Dataset\Lung_Opacity\images\Lung_Opacity-5555.png
data\processed\labelled_4232\Lung_Opacity\images\Lung_Opacity-913.png,Lung_Opacity,data\raw\radiography\COVID-19_Radiography_Dataset\Lung_Opacity\images\Lung_Opacity-913.png
data\processed\labelled_4232\Lung_Opacity\images\Lung_Opacity-591.png,Lung_Opacity,data\raw\radiography\COVID-19_Radiography_Dataset\Lung_Opacity\images\Lung_Opacity-591.png
data\processed\labelled_4232\Lung_Opacity\images\Lung_Opacity-4832.png,Lung_Opacity,data\raw\radiography\COVID-19_Radiography_Dataset\Lung_Opacity\images\Lung_Opacity-4832.png
data\processed\labelled_4232\Lung_Opacity\images\Lung_Opacity-3529.png,Lung_Opacity,data\raw\radiography\COVID-19_Radiography_Dataset\Lung_Opacity\images\Lung_Opacity-3529.png
data\processed\labelled_4232\Lung_Opacity\images\Lung_Opacity-839.png,Lung_Opacity,data\raw\radiography\COVID-19_Radiography_Dataset\Lung_Opacity\images\Lung_Opacity-839.png
data\processed\labelled_4232\Lung_Opacity\images\Lung_Opacity-627.png,Lung_Opacity,data\raw\radiography\COVID-19_Radiography_Dataset\Lung_Opacity\images\Lung_Opacity-627.png
data\processed\labelled_4232\Lung_Opacity\images\Lung_Opacity-2120.png,Lung_Opacity,data\raw\radiography\COVID-19_Radiography_Dataset\Lung_Opacity\images\Lung_Opacity-2120.png
data\processed\labelled_4232\Lung_Opacity\images\Lung_Opacity-5561.png,Lung_Opacity,data\raw\radiography\COVID-19_Radiography_Dataset\Lung_Opacity\images\Lung_Opacity-5561.png
data\processed\labelled_4232\Lung_Opacity\images\Lung_Opacity-2080.png,Lung_Opacity,data\raw\radiography\COVID-19_Radiography_Dataset\Lung_Opacity\images\Lung_Opacity-2080.png
data\processed\labelled_4232\Lung_Opacity\images\Lung_Opacity-1323.png,Lung_Opacity,data\raw\radiography\COVID-19_Radiography_Dataset\Lung_Opacity\images\Lung_Opacity-1323.png
data\processed\labelled_4232\Lung_Opacity\images\Lung_Opacity-3406.png,Lung_Opacity,data\raw\radiography\COVID-19_Radiography_Dataset\Lung_Opacity\images\Lung_Opacity-3406.png
data\processed\labelled_4232\Lung_Opacity\images\Lung_Opacity-5392.png,Lung_Opacity,data\raw\radiography\COVID-19_Radiography_Dataset\Lung_Opacity\images\Lung_Opacity-5392.png
data\processed\labelled_4232\Lung_Opacity\images\Lung_Opacity-2281.png,Lung_Opacity,data\raw\radiography\COVID-19_Radiography_Dataset\Lung_Opacity\images\Lung_Opacity-2281.png
data\processed\labelled_4232\Lung_Opacity\images\Lung_Opacity-3917.png,Lung_Opacity,data\raw\radiography\COVID-19_Radiography_Dataset\Lung_Opacity\images\Lung_Opacity-3917.png
data\processed\labelled_4232\Lung_Opacity\images\Lung_Opacity-4923.png,Lung_Opacity,data\raw\radiography\COVID-19_Radiography_Dataset\Lung_Opacity\images\Lung_Opacity-4923.png
data\processed\labelled_4232\Lung_Opacity\images\Lung_Opacity-1840.png,Lung_Opacity,data\raw\radiography\COVID-19_Radiography_Dataset\Lung_Opacity\images\Lung_Opacity-1840.png
data\processed\labelled_4232\Lung_Opacity\images\Lung_Opacity-4010.png,Lung_Opacity,data\raw\radiography\COVID-19_Radiography_Dataset\Lung_Opacity\images\Lung_Opacity-4010.png
data\processed\labelled_4232\Lung_Opacity\images\Lung_Opacity-2503.png,Lung_Opacity,data\raw\radiography\COVID-19_Radiography_Dataset\Lung_Opacity\images\Lung_Opacity-2503.png
data\processed\labelled_4232\Lung_Opacity\images\Lung_Opacity-5734.png,Lung_Opacity,data\raw\radiography\COVID-19_Radiography_Dataset\Lung_Opacity\images\Lung_Opacity-5734.png
data\processed\labelled_4232\Lung_Opacity\images\Lung_Opacity-1290.png,Lung_Opacity,data\raw\radiography\COVID-19_Radiography_Dataset\Lung_Opacity\images\Lung_Opacity-1290.png
data\processed\labelled_4232\Lung_Opacity\images\Lung_Opacity-1408.png,Lung_Opacity,data\raw\radiography\COVID-19_Radiography_Dataset\Lung_Opacity\images\Lung_Opacity-1408.png
data\processed\labelled_4232\Lung_Opacity\images\Lung_Opacity-1338.png,Lung_Opacity,data\raw\radiography\COVID-19_Radiography_Dataset\Lung_Opacity\images\Lung_Opacity-1338.png
data\processed\labelled_4232\Lung_Opacity\images\Lung_Opacity-2976.png,Lung_Opacity,data\raw\radiography\COVID-19_Radiography_Dataset\Lung_Opacity\images\Lung_Opacity-2976.png
data\processed\labelled_4232\Lung_Opacity\images\Lung_Opacity-965.png,Lung_Opacity,data\raw\radiography\COVID-19_Radiography_Dataset\Lung_Opacity\images\Lung_Opacity-965.png
data\processed\labelled_4232\Lung_Opacity\images\Lung_Opacity-3834.png,Lung_Opacity,data\raw\radiography\COVID-19_Radiography_Dataset\Lung_Opacity\images\Lung_Opacity-3834.png
data\processed\labelled_4232\Lung_Opacity\images\Lung_Opacity-4853.png,Lung_Opacity,data\raw\radiography\COVID-19_Radiography_Dataset\Lung_Opacity\images\Lung_Opacity-4853.png
data\processed\labelled_4232\Lung_Opacity\images\Lung_Opacity-1155.png,Lung_Opacity,data\raw\radiography\COVID-19_Radiography_Dataset\Lung_Opacity\images\Lung_Opacity-1155.png
data\processed\labelled_4232\Lung_Opacity\images\Lung_Opacity-5192.png,Lung_Opacity,data\raw\radiography\COVID-19_Radiography_Dataset\Lung_Opacity\images\Lung_Opacity-5192.png
data\processed\labelled_4232\Lung_Opacity\images\Lung_Opacity-3677.png,Lung_Opacity,data\raw\radiography\COVID-19_Radiography_Dataset\Lung_Opacity\images\Lung_Opacity-3677.png
data\processed\labelled_4232\Lung_Opacity\images\Lung_Opacity-1464.png,Lung_Opacity,data\raw\radiography\COVID-19_Radiography_Dataset\Lung_Opacity\images\Lung_Opacity-1464.png
data\processed\labelled_4232\Lung_Opacity\images\Lung_Opacity-1949.png,Lung_Opacity,data\raw\radiography\COVID-19_Radiography_Dataset\Lung_Opacity\images\Lung_Opacity-1949.png
data\processed\labelled_4232\Lung_Opacity\images\Lung_Opacity-4457.png,Lung_Opacity,data\raw\radiography\COVID-19_Radiography_Dataset\Lung_Opacity\images\Lung_Opacity-4457.png
data\processed\labelled_4232\Lung_Opacity\images\Lung_Opacity-5619.png,Lung_Opacity,data\raw\radiography\COVID-19_Radiography_Dataset\Lung_Opacity\images\Lung_Opacity-5619.png
data\processed\labelled_4232\Lung_Opacity\images\Lung_Opacity-209.png,Lung_Opacity,data\raw\radiography\COVID-19_Radiography_Dataset\Lung_Opacity\images\Lung_Opacity-209.png
data\processed\labelled_4232\Lung_Opacity\images\Lung_Opacity-3662.png,Lung_Opacity,data\raw\radiography\COVID-19_Radiography_Dataset\Lung_Opacity\images\Lung_Opacity-3662.png
data\processed\labelled_4232\Lung_Opacity\images\Lung_Opacity-845.png,Lung_Opacity,data\raw\radiography\COVID-19_Radiography_Dataset\Lung_Opacity\images\Lung_Opacity-845.png
data\processed\labelled_4232\Lung_Opacity\images\Lung_Opacity-4881.png,Lung_Opacity,data\raw\radiography\COVID-19_Radiography_Dataset\Lung_Opacity\images\Lung_Opacity-4881.png
data\processed\labelled_4232\Lung_Opacity\images\Lung_Opacity-1975.png,Lung_Opacity,data\raw\radiography\COVID-19_Radiography_Dataset\Lung_Opacity\images\Lung_Opacity-1975.png
data\processed\labelled_4232\Lung_Opacity\images\Lung_Opacity-758.png,Lung_Opacity,data\raw\radiography\COVID-19_Radiography_Dataset\Lung_Opacity\images\Lung_Opacity-758.png
data\processed\labelled_4232\Lung_Opacity\images\Lung_Opacity-4598.png,Lung_Opacity,data\raw\radiography\COVID-19_Radiography_Dataset\Lung_Opacity\images\Lung_Opacity-4598.png
data\processed\labelled_4232\Lung_Opacity\images\Lung_Opacity-3030.png,Lung_Opacity,data\raw\radiography\COVID-19_Radiography_Dataset\Lung_Opacity\images\Lung_Opacity-3030.png
data\processed\labelled_4232\Lung_Opacity\images\Lung_Opacity-300.png,Lung_Opacity,data\raw\radiography\COVID-19_Radiography_Dataset\Lung_Opacity\images\Lung_Opacity-300.png
data\processed\labelled_4232\Lung_Opacity\images\Lung_Opacity-2457.png,Lung_Opacity,data\raw\radiography\COVID-19_Radiography_Dataset\Lung_Opacity\images\Lung_Opacity-2457.png
data\processed\labelled_4232\Lung_Opacity\images\Lung_Opacity-5425.png,Lung_Opacity,data\raw\radiography\COVID-19_Radiography_Dataset\Lung_Opacity\images\Lung_Opacity-5425.png
data\processed\labelled_4232\Lung_Opacity\images\Lung_Opacity-1259.png,Lung_Opacity,data\raw\radiography\COVID-19_Radiography_Dataset\Lung_Opacity\images\Lung_Opacity-1259.png
data\processed\labelled_4232\Lung_Opacity\images\Lung_Opacity-1199.png,Lung_Opacity,data\raw\radiography\COVID-19_Radiography_Dataset\Lung_Opacity\images\Lung_Opacity-1199.png
data\processed\labelled_4232\Lung_Opacity\images\Lung_Opacity-941.png,Lung_Opacity,data\raw\radiography\COVID-19_Radiography_Dataset\Lung_Opacity\images\Lung_Opacity-941.png
data\processed\labelled_4232\Lung_Opacity\images\Lung_Opacity-1452.png,Lung_Opacity,data\raw\radiography\COVID-19_Radiography_Dataset\Lung_Opacity\images\Lung_Opacity-1452.png
data\processed\labelled_4232\Lung_Opacity\images\Lung_Opacity-5355.png,Lung_Opacity,data\raw\radiography\COVID-19_Radiography_Dataset\Lung_Opacity\images\Lung_Opacity-5355.png
data\processed\labelled_4232\Lung_Opacity\images\Lung_Opacity-3413.png,Lung_Opacity,data\raw\radiography\COVID-19_Radiography_Dataset\Lung_Opacity\images\Lung_Opacity-3413.png
data\processed\labelled_4232\Lung_Opacity\images\Lung_Opacity-3109.png,Lung_Opacity,data\raw\radiography\COVID-19_Radiography_Dataset\Lung_Opacity\images\Lung_Opacity-3109.png
data\processed\labelled_4232\Lung_Opacity\images\Lung_Opacity-1702.png,Lung_Opacity,data\raw\radiography\COVID-19_Radiography_Dataset\Lung_Opacity\images\Lung_Opacity-1702.png
data\processed\labelled_4232\Lung_Opacity\images\Lung_Opacity-934.png,Lung_Opacity,data\raw\radiography\COVID-19_Radiography_Dataset\Lung_Opacity\images\Lung_Opacity-934.png
data\processed\labelled_4232\Lung_Opacity\images\Lung_Opacity-3729.png,Lung_Opacity,data\raw\radiography\COVID-19_Radiography_Dataset\Lung_Opacity\images\Lung_Opacity-3729.png
data\processed\labelled_4232\Lung_Opacity\images\Lung_Opacity-3378.png,Lung_Opacity,data\raw\radiography\COVID-19_Radiography_Dataset\Lung_Opacity\images\Lung_Opacity-3378.png
data\processed\labelled_4232\Lung_Opacity\images\Lung_Opacity-2653.png,Lung_Opacity,data\raw\radiography\COVID-19_Radiography_Dataset\Lung_Opacity\images\Lung_Opacity-2653.png
data\processed\labelled_4232\COVID\images\COVID-1730.png,COVID,data\raw\radiography\COVID-19_Radiography_Dataset\COVID\images\COVID-1730.png
data\processed\labelled_4232\COVID\images\COVID-798.png,COVID,data\raw\radiography\COVID-19_Radiography_Dataset\COVID\images\COVID-798.png
data\processed\labelled_4232\COVID\images\COVID-161.png,COVID,data\raw\radiography\COVID-19_Radiography_Dataset\COVID\images\COVID-161.png
data\processed\labelled_4232\COVID\images\COVID-2214.png,COVID,data\raw\radiography\COVID-19_Radiography_Dataset\COVID\images\COVID-2214.png
data\processed\labelled_4232\COVID\images\COVID-436.png,COVID,data\raw\radiography\COVID-19_Radiography_Dataset\COVID\images\COVID-436.png
data\processed\labelled_4232\COVID\images\COVID-3473.png,COVID,data\raw\radiography\COVID-19_Radiography_Dataset\COVID\images\COVID-3473.png
data\processed\labelled_4232\COVID\images\COVID-1070.png,COVID,data\raw\radiography\COVID-19_Radiography_Dataset\COVID\images\COVID-1070.png
data\processed\labelled_4232\COVID\images\COVID-31.png,COVID,data\raw\radiography\COVID-19_Radiography_Dataset\COVID\images\COVID-31.png
data\processed\labelled_4232\COVID\images\COVID-2389.png,COVID,data\raw\radiography\COVID-19_Radiography_Dataset\COVID\images\COVID-2389.png
data\processed\labelled_4232\COVID\images\COVID-431.png,COVID,data\raw\radiography\COVID-19_Radiography_Dataset\COVID\images\COVID-431.png
data\processed\labelled_4232\COVID\images\COVID-1739.png,COVID,data\raw\radiography\COVID-19_Radiography_Dataset\COVID\images\COVID-1739.png
data\processed\labelled_4232\COVID\images\COVID-988.png,COVID,data\raw\radiography\COVID-19_Radiography_Dataset\COVID\images\COVID-988.png
data\processed\labelled_4232\COVID\images\COVID-165.png,COVID,data\raw\radiography\COVID-19_Radiography_Dataset\COVID\images\COVID-165.png
data\processed\labelled_4232\COVID\images\COVID-1576.png,COVID,data\raw\radiography\COVID-19_Radiography_Dataset\COVID\images\COVID-1576.png
data\processed\labelled_4232\COVID\images\COVID-570.png,COVID,data\raw\radiography\COVID-19_Radiography_Dataset\COVID\images\COVID-570.png
data\processed\labelled_4232\COVID\images\COVID-1683.png,COVID,data\raw\radiography\COVID-19_Radiography_Dataset\COVID\images\COVID-1683.png
data\processed\labelled_4232\COVID\images\COVID-2738.png,COVID,data\raw\radiography\COVID-19_Radiography_Dataset\COVID\images\COVID-2738.png
data\processed\labelled_4232\COVID\images\COVID-3347.png,COVID,data\raw\radiography\COVID-19_Radiography_Dataset\COVID\images\COVID-3347.png
data\processed\labelled_4232\COVID\images\COVID-2883.png,COVID,data\raw\radiography\COVID-19_Radiography_Dataset\COVID\images\COVID-2883.png
data\processed\labelled_4232\COVID\images\COVID-1146.png,COVID,data\raw\radiography\COVID-19_Radiography_Dataset\COVID\images\COVID-1146.png
data\processed\labelled_4232\COVID\images\COVID-1101.png,COVID,data\raw\radiography\COVID-19_Radiography_Dataset\COVID\images\COVID-1101.png
data\processed\labelled_4232\COVID\images\COVID-815.png,COVID,data\raw\radiography\COVID-19_Radiography_Dataset\COVID\images\COVID-815.png
data\processed\labelled_4232\COVID\images\COVID-384.png,COVID,data\raw\radiography\COVID-19_Radiography_Dataset\COVID\images\COVID-384.png
data\processed\labelled_4232\COVID\images\COVID-3500.png,COVID,data\raw\radiography\COVID-19_Radiography_Dataset\COVID\images\COVID-3500.png
data\processed\labelled_4232\COVID\images\COVID-3365.png,COVID,data\raw\radiography\COVID-19_Radiography_Dataset\COVID\images\COVID-3365.png
data\processed\labelled_4232\COVID\images\COVID-577.png,COVID,data\raw\radiography\COVID-19_Radiography_Dataset\COVID\images\COVID-577.png
data\processed\labelled_4232\COVID\images\COVID-3038.png,COVID,data\raw\radiography\COVID-19_Radiography_Dataset\COVID\images\COVID-3038.png
data\processed\labelled_4232\COVID\images\COVID-1431.png,COVID,data\raw\radiography\COVID-19_Radiography_Dataset\COVID\images\COVID-1431.png
data\processed\labelled_4232\COVID\images\COVID-3398.png,COVID,data\raw\radiography\COVID-19_Radiography_Dataset\COVID\images\COVID-3398.png
data\processed\labelled_4232\COVID\images\COVID-1321.png,COVID,data\raw\radiography\COVID-19_Radiography_Dataset\COVID\images\COVID-1321.png
data\processed\labelled_4232\COVID\images\COVID-2568.png,COVID,data\raw\radiography\COVID-19_Radiography_Dataset\COVID\images\COVID-2568.png
data\processed\labelled_4232\COVID\images\COVID-777.png,COVID,data\raw\radiography\COVID-19_Radiography_Dataset\COVID\images\COVID-777.png
data\processed\labelled_4232\COVID\images\COVID-1480.png,COVID,data\raw\radiography\COVID-19_Radiography_Dataset\COVID\images\COVID-1480.png
data\processed\labelled_4232\COVID\images\COVID-3064.png,COVID,data\raw\radiography\COVID-19_Radiography_Dataset\COVID\images\COVID-3064.png
data\processed\labelled_4232\COVID\images\COVID-780.png,COVID,data\raw\radiography\COVID-19_Radiography_Dataset\COVID\images\COVID-780.png
data\processed\labelled_4232\COVID\images\COVID-3613.png,COVID,data\raw\radiography\COVID-19_Radiography_Dataset\COVID\images\COVID-3613.png
data\processed\labelled_4232\COVID\images\COVID-3112.png,COVID,data\raw\radiography\COVID-19_Radiography_Dataset\COVID\images\COVID-3112.png
data\processed\labelled_4232\COVID\images\COVID-2617.png,COVID,data\raw\radiography\COVID-19_Radiography_Dataset\COVID\images\COVID-2617.png
data\processed\labelled_4232\COVID\images\COVID-1690.png,COVID,data\raw\radiography\COVID-19_Radiography_Dataset\COVID\images\COVID-1690.png
data\processed\labelled_4232\COVID\images\COVID-3341.png,COVID,data\raw\radiography\COVID-19_Radiography_Dataset\COVID\images\COVID-3341.png
data\processed\labelled_4232\COVID\images\COVID-1895.png,COVID,data\raw\radiography\COVID-19_Radiography_Dataset\COVID\images\COVID-1895.png
data\processed\labelled_4232\COVID\images\COVID-94.png,COVID,data\raw\radiography\COVID-19_Radiography_Dataset\COVID\images\COVID-94.png
data\processed\labelled_4232\COVID\images\COVID-1271.png,COVID,data\raw\radiography\COVID-19_Radiography_Dataset\COVID\images\COVID-1271.png
data\processed\labelled_4232\COVID\images\COVID-1458.png,COVID,data\raw\radiography\COVID-19_Radiography_Dataset\COVID\images\COVID-1458.png
data\processed\labelled_4232\COVID\images\COVID-644.png,COVID,data\raw\radiography\COVID-19_Radiography_Dataset\COVID\images\COVID-644.png
data\processed\labelled_4232\COVID\images\COVID-3611.png,COVID,data\raw\radiography\COVID-19_Radiography_Dataset\COVID\images\COVID-3611.png
data\processed\labelled_4232\COVID\images\COVID-3131.png,COVID,data\raw\radiography\COVID-19_Radiography_Dataset\COVID\images\COVID-3131.png
data\processed\labelled_4232\COVID\images\COVID-2935.png,COVID,data\raw\radiography\COVID-19_Radiography_Dataset\COVID\images\COVID-2935.png
data\processed\labelled_4232\COVID\images\COVID-1986.png,COVID,data\raw\radiography\COVID-19_Radiography_Dataset\COVID\images\COVID-1986.png
data\processed\labelled_4232\COVID\images\COVID-2571.png,COVID,data\raw\radiography\COVID-19_Radiography_Dataset\COVID\images\COVID-2571.png
data\processed\labelled_4232\COVID\images\COVID-3409.png,COVID,data\raw\radiography\COVID-19_Radiography_Dataset\COVID\images\COVID-3409.png
data\processed\labelled_4232\COVID\images\COVID-1704.png,COVID,data\raw\radiography\COVID-19_Radiography_Dataset\COVID\images\COVID-1704.png
data\processed\labelled_4232\COVID\images\COVID-1867.png,COVID,data\raw\radiography\COVID-19_Radiography_Dataset\COVID\images\COVID-1867.png
data\processed\labelled_4232\COVID\images\COVID-1175.png,COVID,data\raw\radiography\COVID-19_Radiography_Dataset\COVID\images\COVID-1175.png
data\processed\labelled_4232\COVID\images\COVID-2742.png,COVID,data\raw\radiography\COVID-19_Radiography_Dataset\COVID\images\COVID-2742.png
data\processed\labelled_4232\COVID\images\COVID-3203.png,COVID,data\raw\radiography\COVID-19_Radiography_Dataset\COVID\images\COVID-3203.png
data\processed\labelled_4232\COVID\images\COVID-2502.png,COVID,data\raw\radiography\COVID-19_Radiography_Dataset\COVID\images\COVID-2502.png
data\processed\labelled_4232\COVID\images\COVID-3163.png,COVID,data\raw\radiography\COVID-19_Radiography_Dataset\COVID\images\COVID-3163.png
data\processed\labelled_4232\COVID\images\COVID-809.png,COVID,data\raw\radiography\COVID-19_Radiography_Dataset\COVID\images\COVID-809.png
data\processed\labelled_4232\COVID\images\COVID-1586.png,COVID,data\raw\radiography\COVID-19_Radiography_Dataset\COVID\images\COVID-1586.png
data\processed\labelled_4232\COVID\images\COVID-2685.png,COVID,data\raw\radiography\COVID-19_Radiography_Dataset\COVID\images\COVID-2685.png
data\processed\labelled_4232\COVID\images\COVID-2365.png,COVID,data\raw\radiography\COVID-19_Radiography_Dataset\COVID\images\COVID-2365.png
data\processed\labelled_4232\COVID\images\COVID-1560.png,COVID,data\raw\radiography\COVID-19_Radiography_Dataset\COVID\images\COVID-1560.png
data\processed\labelled_4232\COVID\images\COVID-1400.png,COVID,data\raw\radiography\COVID-19_Radiography_Dataset\COVID\images\COVID-1400.png
data\processed\labelled_4232\COVID\images\COVID-1637.png,COVID,data\raw\radiography\COVID-19_Radiography_Dataset\COVID\images\COVID-1637.png
data\processed\labelled_4232\COVID\images\COVID-2489.png,COVID,data\raw\radiography\COVID-19_Radiography_Dataset\COVID\images\COVID-2489.png
data\processed\labelled_4232\COVID\images\COVID-303.png,COVID,data\raw\radiography\COVID-19_Radiography_Dataset\COVID\images\COVID-303.png
data\processed\labelled_4232\COVID\images\COVID-2824.png,COVID,data\raw\radiography\COVID-19_Radiography_Dataset\COVID\images\COVID-2824.png
data\processed\labelled_4232\COVID\images\COVID-883.png,COVID,data\raw\radiography\COVID-19_Radiography_Dataset\COVID\images\COVID-883.png
data\processed\labelled_4232\COVID\images\COVID-1182.png,COVID,data\raw\radiography\COVID-19_Radiography_Dataset\COVID\images\COVID-1182.png
data\processed\labelled_4232\COVID\images\COVID-2991.png,COVID,data\raw\radiography\COVID-19_Radiography_Dataset\COVID\images\COVID-2991.png
data\processed\labelled_4232\COVID\images\COVID-1374.png,COVID,data\raw\radiography\COVID-19_Radiography_Dataset\COVID\images\COVID-1374.png
data\processed\labelled_4232\COVID\images\COVID-2199.png,COVID,data\raw\radiography\COVID-19_Radiography_Dataset\COVID\images\COVID-2199.png
data\processed\labelled_4232\COVID\images\COVID-1588.png,COVID,data\raw\radiography\COVID-19_Radiography_Dataset\COVID\images\COVID-1588.png
data\processed\labelled_4232\COVID\images\COVID-575.png,COVID,data\raw\radiography\COVID-19_Radiography_Dataset\COVID\images\COVID-575.png
data\processed\labelled_4232\COVID\images\COVID-3465.png,COVID,data\raw\radiography\COVID-19_Radiography_Dataset\COVID\images\COVID-3465.png
data\processed\labelled_4232\COVID\images\COVID-249.png,COVID,data\raw\radiography\COVID-19_Radiography_Dataset\COVID\images\COVID-249.png
data\processed\labelled_4232\COVID\images\COVID-3224.png,COVID,data\raw\radiography\COVID-19_Radiography_Dataset\COVID\images\COVID-3224.png
data\processed\labelled_4232\COVID\images\COVID-650.png,COVID,data\raw\radiography\COVID-19_Radiography_Dataset\COVID\images\COVID-650.png
data\processed\labelled_4232\COVID\images\COVID-1842.png,COVID,data\raw\radiography\COVID-19_Radiography_Dataset\COVID\images\COVID-1842.png
data\processed\labelled_4232\COVID\images\COVID-2796.png,COVID,data\raw\radiography\COVID-19_Radiography_Dataset\COVID\images\COVID-2796.png
data\processed\labelled_4232\COVID\images\COVID-1229.png,COVID,data\raw\radiography\COVID-19_Radiography_Dataset\COVID\images\COVID-1229.png
data\processed\labelled_4232\COVID\images\COVID-3182.png,COVID,data\raw\radiography\COVID-19_Radiography_Dataset\COVID\images\COVID-3182.png
data\processed\labelled_4232\COVID\images\COVID-1810.png,COVID,data\raw\radiography\COVID-19_Radiography_Dataset\COVID\images\COVID-1810.png
data\processed\labelled_4232\COVID\images\COVID-1711.png,COVID,data\raw\radiography\COVID-19_Radiography_Dataset\COVID\images\COVID-1711.png
data\processed\labelled_4232\COVID\images\COVID-3242.png,COVID,data\raw\radiography\COVID-19_Radiography_Dataset\COVID\images\COVID-3242.png
data\processed\labelled_4232\COVID\images\COVID-2043.png,COVID,data\raw\radiography\COVID-19_Radiography_Dataset\COVID\images\COVID-2043.png
data\processed\labelled_4232\COVID\images\COVID-2582.png,COVID,data\raw\radiography\COVID-19_Radiography_Dataset\COVID\images\COVID-2582.png
data\processed\labelled_4232\COVID\images\COVID-449.png,COVID,data\raw\radiography\COVID-19_Radiography_Dataset\COVID\images\COVID-449.png
data\processed\labelled_4232\COVID\images\COVID-1975.png,COVID,data\raw\radiography\COVID-19_Radiography_Dataset\COVID\images\COVID-1975.png
data\processed\labelled_4232\COVID\images\COVID-2606.png,COVID,data\raw\radiography\COVID-19_Radiography_Dataset\COVID\images\COVID-2606.png
data\processed\labelled_4232\COVID\images\COVID-3424.png,COVID,data\raw\radiography\COVID-19_Radiography_Dataset\COVID\images\COVID-3424.png
data\processed\labelled_4232\COVID\images\COVID-3293.png,COVID,data\raw\radiography\COVID-19_Radiography_Dataset\COVID\images\COVID-3293.png
data\processed\labelled_4232\COVID\images\COVID-842.png,COVID,data\raw\radiography\COVID-19_Radiography_Dataset\COVID\images\COVID-842.png
data\processed\labelled_4232\COVID\images\COVID-3603.png,COVID,data\raw\radiography\COVID-19_Radiography_Dataset\COVID\images\COVID-3603.png
data\processed\labelled_4232\COVID\images\COVID-618.png,COVID,data\raw\radiography\COVID-19_Radiography_Dataset\COVID\images\COVID-618.png
data\processed\labelled_4232\COVID\images\COVID-2884.png,COVID,data\raw\radiography\COVID-19_Radiography_Dataset\COVID\images\COVID-2884.png
data\processed\labelled_4232\COVID\images\COVID-806.png,COVID,data\raw\radiography\COVID-19_Radiography_Dataset\COVID\images\COVID-806.png
data\processed\labelled_4232\COVID\images\COVID-2268.png,COVID,data\raw\radiography\COVID-19_Radiography_Dataset\COVID\images\COVID-2268.png
data\processed\labelled_4232\COVID\images\COVID-3185.png,COVID,data\raw\radiography\COVID-19_Radiography_Dataset\COVID\images\COVID-3185.png
data\processed\labelled_4232\COVID\images\COVID-657.png,COVID,data\raw\radiography\COVID-19_Radiography_Dataset\COVID\images\COVID-657.png
data\processed\labelled_4232\COVID\images\COVID-197.png,COVID,data\raw\radiography\COVID-19_Radiography_Dataset\COVID\images\COVID-197.png
data\processed\labelled_4232\COVID\images\COVID-3113.png,COVID,data\raw\radiography\COVID-19_Radiography_Dataset\COVID\images\COVID-3113.png
data\processed\labelled_4232\COVID\images\COVID-693.png,COVID,data\raw\radiography\COVID-19_Radiography_Dataset\COVID\images\COVID-693.png
data\processed\labelled_4232\COVID\images\COVID-3527.png,COVID,data\raw\radiography\COVID-19_Radiography_Dataset\COVID\images\COVID-3527.png
data\processed\labelled_4232\COVID\images\COVID-2301.png,COVID,data\raw\radiography\COVID-19_Radiography_Dataset\COVID\images\COVID-2301.png
data\processed\labelled_4232\COVID\images\COVID-1742.png,COVID,data\raw\radiography\COVID-19_Radiography_Dataset\COVID\images\COVID-1742.png
data\processed\labelled_4232\COVID\images\COVID-695.png,COVID,data\raw\radiography\COVID-19_Radiography_Dataset\COVID\images\COVID-695.png
data\processed\labelled_4232\COVID\images\COVID-2398.png,COVID,data\raw\radiography\COVID-19_Radiography_Dataset\COVID\images\COVID-2398.png
data\processed\labelled_4232\COVID\images\COVID-582.png,COVID,data\raw\radiography\COVID-19_Radiography_Dataset\COVID\images\COVID-582.png
data\processed\labelled_4232\COVID\images\COVID-1566.png,COVID,data\raw\radiography\COVID-19_Radiography_Dataset\COVID\images\COVID-1566.png
data\processed\labelled_4232\COVID\images\COVID-2776.png,COVID,data\raw\radiography\COVID-19_Radiography_Dataset\COVID\images\COVID-2776.png
data\processed\labelled_4232\COVID\images\COVID-2576.png,COVID,data\raw\radiography\COVID-19_Radiography_Dataset\COVID\images\COVID-2576.png
data\processed\labelled_4232\COVID\images\COVID-2178.png,COVID,data\raw\radiography\COVID-19_Radiography_Dataset\COVID\images\COVID-2178.png
data\processed\labelled_4232\COVID\images\COVID-763.png,COVID,data\raw\radiography\COVID-19_Radiography_Dataset\COVID\images\COVID-763.png
data\processed\labelled_4232\COVID\images\COVID-1048.png,COVID,data\raw\radiography\COVID-19_Radiography_Dataset\COVID\images\COVID-1048.png
data\processed\labelled_4232\COVID\images\COVID-116.png,COVID,data\raw\radiography\COVID-19_Radiography_Dataset\COVID\images\COVID-116.png
data\processed\labelled_4232\COVID\images\COVID-2925.png,COVID,data\raw\radiography\COVID-19_Radiography_Dataset\COVID\images\COVID-2925.png
data\processed\labelled_4232\COVID\images\COVID-3329.png,COVID,data\raw\radiography\COVID-19_Radiography_Dataset\COVID\images\COVID-3329.png
data\processed\labelled_4232\COVID\images\COVID-1393.png,COVID,data\raw\radiography\COVID-19_Radiography_Dataset\COVID\images\COVID-1393.png
data\processed\labelled_4232\COVID\images\COVID-2922.png,COVID,data\raw\radiography\COVID-19_Radiography_Dataset\COVID\images\COVID-2922.png
data\processed\labelled_4232\COVID\images\COVID-2464.png,COVID,data\raw\radiography\COVID-19_Radiography_Dataset\COVID\images\COVID-2464.png
data\processed\labelled_4232\COVID\images\COVID-2413.png,COVID,data\raw\radiography\COVID-19_Radiography_Dataset\COVID\images\COVID-2413.png
data\processed\labelled_4232\COVID\images\COVID-2233.png,COVID,data\raw\radiography\COVID-19_Radiography_Dataset\COVID\images\COVID-2233.png
data\processed\labelled_4232\COVID\images\COVID-2870.png,COVID,data\raw\radiography\COVID-19_Radiography_Dataset\COVID\images\COVID-2870.png
data\processed\labelled_4232\COVID\images\COVID-295.png,COVID,data\raw\radiography\COVID-19_Radiography_Dataset\COVID\images\COVID-295.png
data\processed\labelled_4232\COVID\images\COVID-395.png,COVID,data\raw\radiography\COVID-19_Radiography_Dataset\COVID\images\COVID-395.png
data\processed\labelled_4232\COVID\images\COVID-3388.png,COVID,data\raw\radiography\COVID-19_Radiography_Dataset\COVID\images\COVID-3388.png
data\processed\labelled_4232\COVID\images\COVID-2423.png,COVID,data\raw\radiography\COVID-19_Radiography_Dataset\COVID\images\COVID-2423.png
data\processed\labelled_4232\COVID\images\COVID-2939.png,COVID,data\raw\radiography\COVID-19_Radiography_Dataset\COVID\images\COVID-2939.png
data\processed\labelled_4232\COVID\images\COVID-1139.png,COVID,data\raw\radiography\COVID-19_Radiography_Dataset\COVID\images\COVID-1139.png
data\processed\labelled_4232\COVID\images\COVID-1424.png,COVID,data\raw\radiography\COVID-19_Radiography_Dataset\COVID\images\COVID-1424.png
data\processed\labelled_4232\COVID\images\COVID-2476.png,COVID,data\raw\radiography\COVID-19_Radiography_Dataset\COVID\images\COVID-2476.png
data\processed\labelled_4232\COVID\images\COVID-3101.png,COVID,data\raw\radiography\COVID-19_Radiography_Dataset\COVID\images\COVID-3101.png
data\processed\labelled_4232\COVID\images\COVID-2163.png,COVID,data\raw\radiography\COVID-19_Radiography_Dataset\COVID\images\COVID-2163.png
data\processed\labelled_4232\COVID\images\COVID-105.png,COVID,data\raw\radiography\COVID-19_Radiography_Dataset\COVID\images\COVID-105.png
data\processed\labelled_4232\COVID\images\COVID-2657.png,COVID,data\raw\radiography\COVID-19_Radiography_Dataset\COVID\images\COVID-2657.png
data\processed\labelled_4232\COVID\images\COVID-240.png,COVID,data\raw\radiography\COVID-19_Radiography_Dataset\COVID\images\COVID-240.png
data\processed\labelled_4232\COVID\images\COVID-1958.png,COVID,data\raw\radiography\COVID-19_Radiography_Dataset\COVID\images\COVID-1958.png
data\processed\labelled_4232\COVID\images\COVID-271.png,COVID,data\raw\radiography\COVID-19_Radiography_Dataset\COVID\images\COVID-271.png
data\processed\labelled_4232\COVID\images\COVID-3390.png,COVID,data\raw\radiography\COVID-19_Radiography_Dataset\COVID\images\COVID-3390.png
data\processed\labelled_4232\COVID\images\COVID-244.png,COVID,data\raw\radiography\COVID-19_Radiography_Dataset\COVID\images\COVID-244.png
data\processed\labelled_4232\COVID\images\COVID-2264.png,COVID,data\raw\radiography\COVID-19_Radiography_Dataset\COVID\images\COVID-2264.png
data\processed\labelled_4232\COVID\images\COVID-1961.png,COVID,data\raw\radiography\COVID-19_Radiography_Dataset\COVID\images\COVID-1961.png
data\processed\labelled_4232\COVID\images\COVID-2392.png,COVID,data\raw\radiography\COVID-19_Radiography_Dataset\COVID\images\COVID-2392.png
data\processed\labelled_4232\COVID\images\COVID-3481.png,COVID,data\raw\radiography\COVID-19_Radiography_Dataset\COVID\images\COVID-3481.png
data\processed\labelled_4232\COVID\images\COVID-1306.png,COVID,data\raw\radiography\COVID-19_Radiography_Dataset\COVID\images\COVID-1306.png
data\processed\labelled_4232\COVID\images\COVID-1863.png,COVID,data\raw\radiography\COVID-19_Radiography_Dataset\COVID\images\COVID-1863.png
data\processed\labelled_4232\COVID\images\COVID-3506.png,COVID,data\raw\radiography\COVID-19_Radiography_Dataset\COVID\images\COVID-3506.png
data\processed\labelled_4232\COVID\images\COVID-1625.png,COVID,data\raw\radiography\COVID-19_Radiography_Dataset\COVID\images\COVID-1625.png
data\processed\labelled_4232\COVID\images\COVID-2656.png,COVID,data\raw\radiography\COVID-19_Radiography_Dataset\COVID\images\COVID-2656.png
data\processed\labelled_4232\COVID\images\COVID-415.png,COVID,data\raw\radiography\COVID-19_Radiography_Dataset\COVID\images\COVID-415.png
data\processed\labelled_4232\COVID\images\COVID-2735.png,COVID,data\raw\radiography\COVID-19_Radiography_Dataset\COVID\images\COVID-2735.png
data\processed\labelled_4232\COVID\images\COVID-155.png,COVID,data\raw\radiography\COVID-19_Radiography_Dataset\COVID\images\COVID-155.png
data\processed\labelled_4232\COVID\images\COVID-2463.png,COVID,data\raw\radiography\COVID-19_Radiography_Dataset\COVID\images\COVID-2463.png
data\processed\labelled_4232\COVID\images\COVID-1184.png,COVID,data\raw\radiography\COVID-19_Radiography_Dataset\COVID\images\COVID-1184.png
data\processed\labelled_4232\COVID\images\COVID-3257.png,COVID,data\raw\radiography\COVID-19_Radiography_Dataset\COVID\images\COVID-3257.png
data\processed\labelled_4232\COVID\images\COVID-2175.png,COVID,data\raw\radiography\COVID-19_Radiography_Dataset\COVID\images\COVID-2175.png
data\processed\labelled_4232\COVID\images\COVID-1077.png,COVID,data\raw\radiography\COVID-19_Radiography_Dataset\COVID\images\COVID-1077.png
data\processed\labelled_4232\COVID\images\COVID-661.png,COVID,data\raw\radiography\COVID-19_Radiography_Dataset\COVID\images\COVID-661.png
data\processed\labelled_4232\COVID\images\COVID-1906.png,COVID,data\raw\radiography\COVID-19_Radiography_Dataset\COVID\images\COVID-1906.png
data\processed\labelled_4232\COVID\images\COVID-1392.png,COVID,data\raw\radiography\COVID-19_Radiography_Dataset\COVID\images\COVID-1392.png
data\processed\labelled_4232\COVID\images\COVID-3025.png,COVID,data\raw\radiography\COVID-19_Radiography_Dataset\COVID\images\COVID-3025.png
data\processed\labelled_4232\COVID\images\COVID-2187.png,COVID,data\raw\radiography\COVID-19_Radiography_Dataset\COVID\images\COVID-2187.png
data\processed\labelled_4232\COVID\images\COVID-2027.png,COVID,data\raw\radiography\COVID-19_Radiography_Dataset\COVID\images\COVID-2027.png
data\processed\labelled_4232\COVID\images\COVID-2077.png,COVID,data\raw\radiography\COVID-19_Radiography_Dataset\COVID\images\COVID-2077.png
data\processed\labelled_4232\COVID\images\COVID-543.png,COVID,data\raw\radiography\COVID-19_Radiography_Dataset\COVID\images\COVID-543.png
data\processed\labelled_4232\COVID\images\COVID-3552.png,COVID,data\raw\radiography\COVID-19_Radiography_Dataset\COVID\images\COVID-3552.png
data\processed\labelled_4232\COVID\images\COVID-2855.png,COVID,data\raw\radiography\COVID-19_Radiography_Dataset\COVID\images\COVID-2855.png
data\processed\labelled_4232\COVID\images\COVID-1651.png,COVID,data\raw\radiography\COVID-19_Radiography_Dataset\COVID\images\COVID-1651.png
data\processed\labelled_4232\COVID\images\COVID-622.png,COVID,data\raw\radiography\COVID-19_Radiography_Dataset\COVID\images\COVID-622.png
data\processed\labelled_4232\COVID\images\COVID-352.png,COVID,data\raw\radiography\COVID-19_Radiography_Dataset\COVID\images\COVID-352.png
data\processed\labelled_4232\COVID\images\COVID-2856.png,COVID,data\raw\radiography\COVID-19_Radiography_Dataset\COVID\images\COVID-2856.png
data\processed\labelled_4232\COVID\images\COVID-1590.png,COVID,data\raw\radiography\COVID-19_Radiography_Dataset\COVID\images\COVID-1590.png
data\processed\labelled_4232\COVID\images\COVID-1780.png,COVID,data\raw\radiography\COVID-19_Radiography_Dataset\COVID\images\COVID-1780.png
data\processed\labelled_4232\COVID\images\COVID-2919.png,COVID,data\raw\radiography\COVID-19_Radiography_Dataset\COVID\images\COVID-2919.png
data\processed\labelled_4232\COVID\images\COVID-1362.png,COVID,data\raw\radiography\COVID-19_Radiography_Dataset\COVID\images\COVID-1362.png
data\processed\labelled_4232\COVID\images\COVID-2293.png,COVID,data\raw\radiography\COVID-19_Radiography_Dataset\COVID\images\COVID-2293.png
data\processed\labelled_4232\COVID\images\COVID-1818.png,COVID,data\raw\radiography\COVID-19_Radiography_Dataset\COVID\images\COVID-1818.png
data\processed\labelled_4232\COVID\images\COVID-275.png,COVID,data\raw\radiography\COVID-19_Radiography_Dataset\COVID\images\COVID-275.png
data\processed\labelled_4232\COVID\images\COVID-1500.png,COVID,data\raw\radiography\COVID-19_Radiography_Dataset\COVID\images\COVID-1500.png
data\processed\labelled_4232\COVID\images\COVID-2540.png,COVID,data\raw\radiography\COVID-19_Radiography_Dataset\COVID\images\COVID-2540.png
data\processed\labelled_4232\COVID\images\COVID-1964.png,COVID,data\raw\radiography\COVID-19_Radiography_Dataset\COVID\images\COVID-1964.png
data\processed\labelled_4232\COVID\images\COVID-1965.png,COVID,data\raw\radiography\COVID-19_Radiography_Dataset\COVID\images\COVID-1965.png
data\processed\labelled_4232\COVID\images\COVID-3139.png,COVID,data\raw\radiography\COVID-19_Radiography_Dataset\COVID\images\COVID-3139.png
data\processed\labelled_4232\COVID\images\COVID-1993.png,COVID,data\raw\radiography\COVID-19_Radiography_Dataset\COVID\images\COVID-1993.png
data\processed\labelled_4232\COVID\images\COVID-2449.png,COVID,data\raw\radiography\COVID-19_Radiography_Dataset\COVID\images\COVID-2449.png
data\processed\labelled_4232\COVID\images\COVID-1379.png,COVID,data\raw\radiography\COVID-19_Radiography_Dataset\COVID\images\COVID-1379.png
data\processed\labelled_4232\COVID\images\COVID-2572.png,COVID,data\raw\radiography\COVID-19_Radiography_Dataset\COVID\images\COVID-2572.png
data\processed\labelled_4232\COVID\images\COVID-2622.png,COVID,data\raw\radiography\COVID-19_Radiography_Dataset\COVID\images\COVID-2622.png
data\processed\labelled_4232\COVID\images\COVID-1962.png,COVID,data\raw\radiography\COVID-19_Radiography_Dataset\COVID\images\COVID-1962.png
data\processed\labelled_4232\COVID\images\COVID-1349.png,COVID,data\raw\radiography\COVID-19_Radiography_Dataset\COVID\images\COVID-1349.png
data\processed\labelled_4232\COVID\images\COVID-311.png,COVID,data\raw\radiography\COVID-19_Radiography_Dataset\COVID\images\COVID-311.png
data\processed\labelled_4232\COVID\images\COVID-603.png,COVID,data\raw\radiography\COVID-19_Radiography_Dataset\COVID\images\COVID-603.png
data\processed\labelled_4232\COVID\images\COVID-2763.png,COVID,data\raw\radiography\COVID-19_Radiography_Dataset\COVID\images\COVID-2763.png
data\processed\labelled_4232\COVID\images\COVID-1443.png,COVID,data\raw\radiography\COVID-19_Radiography_Dataset\COVID\images\COVID-1443.png
data\processed\labelled_4232\COVID\images\COVID-1489.png,COVID,data\raw\radiography\COVID-19_Radiography_Dataset\COVID\images\COVID-1489.png
data\processed\labelled_4232\COVID\images\COVID-3045.png,COVID,data\raw\radiography\COVID-19_Radiography_Dataset\COVID\images\COVID-3045.png
data\processed\labelled_4232\COVID\images\COVID-3444.png,COVID,data\raw\radiography\COVID-19_Radiography_Dataset\COVID\images\COVID-3444.png
data\processed\labelled_4232\COVID\images\COVID-3264.png,COVID,data\raw\radiography\COVID-19_Radiography_Dataset\COVID\images\COVID-3264.png
data\processed\labelled_4232\COVID\images\COVID-2416.png,COVID,data\raw\radiography\COVID-19_Radiography_Dataset\COVID\images\COVID-2416.png
data\processed\labelled_4232\COVID\images\COVID-2081.png,COVID,data\raw\radiography\COVID-19_Radiography_Dataset\COVID\images\COVID-2081.png
data\processed\labelled_4232\COVID\images\COVID-655.png,COVID,data\raw\radiography\COVID-19_Radiography_Dataset\COVID\images\COVID-655.png
data\processed\labelled_4232\COVID\images\COVID-2527.png,COVID,data\raw\radiography\COVID-19_Radiography_Dataset\COVID\images\COVID-2527.png
data\processed\labelled_4232\COVID\images\COVID-3387.png,COVID,data\raw\radiography\COVID-19_Radiography_Dataset\COVID\images\COVID-3387.png
data\processed\labelled_4232\COVID\images\COVID-3165.png,COVID,data\raw\radiography\COVID-19_Radiography_Dataset\COVID\images\COVID-3165.png
data\processed\labelled_4232\COVID\images\COVID-219.png,COVID,data\raw\radiography\COVID-19_Radiography_Dataset\COVID\images\COVID-219.png
data\processed\labelled_4232\COVID\images\COVID-1708.png,COVID,data\raw\radiography\COVID-19_Radiography_Dataset\COVID\images\COVID-1708.png
data\processed\labelled_4232\COVID\images\COVID-3085.png,COVID,data\raw\radiography\COVID-19_Radiography_Dataset\COVID\images\COVID-3085.png
data\processed\labelled_4232\COVID\images\COVID-1445.png,COVID,data\raw\radiography\COVID-19_Radiography_Dataset\COVID\images\COVID-1445.png
data\processed\labelled_4232\COVID\images\COVID-1174.png,COVID,data\raw\radiography\COVID-19_Radiography_Dataset\COVID\images\COVID-1174.png
data\processed\labelled_4232\COVID\images\COVID-335.png,COVID,data\raw\radiography\COVID-19_Radiography_Dataset\COVID\images\COVID-335.png
data\processed\labelled_4232\COVID\images\COVID-2620.png,COVID,data\raw\radiography\COVID-19_Radiography_Dataset\COVID\images\COVID-2620.png
data\processed\labelled_4232\COVID\images\COVID-686.png,COVID,data\raw\radiography\COVID-19_Radiography_Dataset\COVID\images\COVID-686.png
data\processed\labelled_4232\COVID\images\COVID-3519.png,COVID,data\raw\radiography\COVID-19_Radiography_Dataset\COVID\images\COVID-3519.png
data\processed\labelled_4232\COVID\images\COVID-3464.png,COVID,data\raw\radiography\COVID-19_Radiography_Dataset\COVID\images\COVID-3464.png
data\processed\labelled_4232\COVID\images\COVID-1882.png,COVID,data\raw\radiography\COVID-19_Radiography_Dataset\COVID\images\COVID-1882.png
data\processed\labelled_4232\COVID\images\COVID-2397.png,COVID,data\raw\radiography\COVID-19_Radiography_Dataset\COVID\images\COVID-2397.png
data\processed\labelled_4232\COVID\images\COVID-2343.png,COVID,data\raw\radiography\COVID-19_Radiography_Dataset\COVID\images\COVID-2343.png
data\processed\labelled_4232\COVID\images\COVID-2341.png,COVID,data\raw\radiography\COVID-19_Radiography_Dataset\COVID\images\COVID-2341.png
data\processed\labelled_4232\COVID\images\COVID-745.png,COVID,data\raw\radiography\COVID-19_Radiography_Dataset\COVID\images\COVID-745.png
data\processed\labelled_4232\COVID\images\COVID-1824.png,COVID,data\raw\radiography\COVID-19_Radiography_Dataset\COVID\images\COVID-1824.png
data\processed\labelled_4232\COVID\images\COVID-1071.png,COVID,data\raw\radiography\COVID-19_Radiography_Dataset\COVID\images\COVID-1071.png
data\processed\labelled_4232\COVID\images\COVID-3013.png,COVID,data\raw\radiography\COVID-19_Radiography_Dataset\COVID\images\COVID-3013.png
data\processed\labelled_4232\COVID\images\COVID-2850.png,COVID,data\raw\radiography\COVID-19_Radiography_Dataset\COVID\images\COVID-2850.png
data\processed\labelled_4232\COVID\images\COVID-2000.png,COVID,data\raw\radiography\COVID-19_Radiography_Dataset\COVID\images\COVID-2000.png
data\processed\labelled_4232\COVID\images\COVID-3363.png,COVID,data\raw\radiography\COVID-19_Radiography_Dataset\COVID\images\COVID-3363.png
data\processed\labelled_4232\COVID\images\COVID-1120.png,COVID,data\raw\radiography\COVID-19_Radiography_Dataset\COVID\images\COVID-1120.png
data\processed\labelled_4232\COVID\images\COVID-874.png,COVID,data\raw\radiography\COVID-19_Radiography_Dataset\COVID\images\COVID-874.png
data\processed\labelled_4232\COVID\images\COVID-1530.png,COVID,data\raw\radiography\COVID-19_Radiography_Dataset\COVID\images\COVID-1530.png
data\processed\labelled_4232\COVID\images\COVID-1849.png,COVID,data\raw\radiography\COVID-19_Radiography_Dataset\COVID\images\COVID-1849.png
data\processed\labelled_4232\COVID\images\COVID-2498.png,COVID,data\raw\radiography\COVID-19_Radiography_Dataset\COVID\images\COVID-2498.png
data\processed\labelled_4232\COVID\images\COVID-483.png,COVID,data\raw\radiography\COVID-19_Radiography_Dataset\COVID\images\COVID-483.png
data\processed\labelled_4232\COVID\images\COVID-518.png,COVID,data\raw\radiography\COVID-19_Radiography_Dataset\COVID\images\COVID-518.png
data\processed\labelled_4232\COVID\images\COVID-1983.png,COVID,data\raw\radiography\COVID-19_Radiography_Dataset\COVID\images\COVID-1983.png
data\processed\labelled_4232\COVID\images\COVID-511.png,COVID,data\raw\radiography\COVID-19_Radiography_Dataset\COVID\images\COVID-511.png
data\processed\labelled_4232\COVID\images\COVID-3030.png,COVID,data\raw\radiography\COVID-19_Radiography_Dataset\COVID\images\COVID-3030.png
data\processed\labelled_4232\COVID\images\COVID-1188.png,COVID,data\raw\radiography\COVID-19_Radiography_Dataset\COVID\images\COVID-1188.png
data\processed\labelled_4232\COVID\images\COVID-714.png,COVID,data\raw\radiography\COVID-19_Radiography_Dataset\COVID\images\COVID-714.png
data\processed\labelled_4232\COVID\images\COVID-2130.png,COVID,data\raw\radiography\COVID-19_Radiography_Dataset\COVID\images\COVID-2130.png
data\processed\labelled_4232\COVID\images\COVID-2215.png,COVID,data\raw\radiography\COVID-19_Radiography_Dataset\COVID\images\COVID-2215.png
data\processed\labelled_4232\COVID\images\COVID-1846.png,COVID,data\raw\radiography\COVID-19_Radiography_Dataset\COVID\images\COVID-1846.png
data\processed\labelled_4232\COVID\images\COVID-3382.png,COVID,data\raw\radiography\COVID-19_Radiography_Dataset\COVID\images\COVID-3382.png
data\processed\labelled_4232\COVID\images\COVID-1786.png,COVID,data\raw\radiography\COVID-19_Radiography_Dataset\COVID\images\COVID-1786.png
data\processed\labelled_4232\COVID\images\COVID-2474.png,COVID,data\raw\radiography\COVID-19_Radiography_Dataset\COVID\images\COVID-2474.png
data\processed\labelled_4232\COVID\images\COVID-56.png,COVID,data\raw\radiography\COVID-19_Radiography_Dataset\COVID\images\COVID-56.png
data\processed\labelled_4232\COVID\images\COVID-1007.png,COVID,data\raw\radiography\COVID-19_Radiography_Dataset\COVID\images\COVID-1007.png
data\processed\labelled_4232\COVID\images\COVID-2192.png,COVID,data\raw\radiography\COVID-19_Radiography_Dataset\COVID\images\COVID-2192.png
data\processed\labelled_4232\COVID\images\COVID-3549.png,COVID,data\raw\radiography\COVID-19_Radiography_Dataset\COVID\images\COVID-3549.png
data\processed\labelled_4232\COVID\images\COVID-593.png,COVID,data\raw\radiography\COVID-19_Radiography_Dataset\COVID\images\COVID-593.png
data\processed\labelled_4232\COVID\images\COVID-359.png,COVID,data\raw\radiography\COVID-19_Radiography_Dataset\COVID\images\COVID-359.png
data\processed\labelled_4232\COVID\images\COVID-1645.png,COVID,data\raw\radiography\COVID-19_Radiography_Dataset\COVID\images\COVID-1645.png
data\processed\labelled_4232\COVID\images\COVID-2558.png,COVID,data\raw\radiography\COVID-19_Radiography_Dataset\COVID\images\COVID-2558.png
data\processed\labelled_4232\COVID\images\COVID-2943.png,COVID,data\raw\radiography\COVID-19_Radiography_Dataset\COVID\images\COVID-2943.png
data\processed\labelled_4232\COVID\images\COVID-3608.png,COVID,data\raw\radiography\COVID-19_Radiography_Dataset\COVID\images\COVID-3608.png
data\processed\labelled_4232\COVID\images\COVID-261.png,COVID,data\raw\radiography\COVID-19_Radiography_Dataset\COVID\images\COVID-261.png
data\processed\labelled_4232\COVID\images\COVID-158.png,COVID,data\raw\radiography\COVID-19_Radiography_Dataset\COVID\images\COVID-158.png
data\processed\labelled_4232\COVID\images\COVID-3383.png,COVID,data\raw\radiography\COVID-19_Radiography_Dataset\COVID\images\COVID-3383.png
data\processed\labelled_4232\COVID\images\COVID-2427.png,COVID,data\raw\radiography\COVID-19_Radiography_Dataset\COVID\images\COVID-2427.png
data\processed\labelled_4232\COVID\images\COVID-2877.png,COVID,data\raw\radiography\COVID-19_Radiography_Dataset\COVID\images\COVID-2877.png
data\processed\labelled_4232\COVID\images\COVID-3404.png,COVID,data\raw\radiography\COVID-19_Radiography_Dataset\COVID\images\COVID-3404.png
data\processed\labelled_4232\COVID\images\COVID-2217.png,COVID,data\raw\radiography\COVID-19_Radiography_Dataset\COVID\images\COVID-2217.png
data\processed\labelled_4232\COVID\images\COVID-804.png,COVID,data\raw\radiography\COVID-19_Radiography_Dataset\COVID\images\COVID-804.png
data\processed\labelled_4232\COVID\images\COVID-1609.png,COVID,data\raw\radiography\COVID-19_Radiography_Dataset\COVID\images\COVID-1609.png
data\processed\labelled_4232\COVID\images\COVID-2724.png,COVID,data\raw\radiography\COVID-19_Radiography_Dataset\COVID\images\COVID-2724.png
data\processed\labelled_4232\COVID\images\COVID-1093.png,COVID,data\raw\radiography\COVID-19_Radiography_Dataset\COVID\images\COVID-1093.png
data\processed\labelled_4232\COVID\images\COVID-1636.png,COVID,data\raw\radiography\COVID-19_Radiography_Dataset\COVID\images\COVID-1636.png
data\processed\labelled_4232\COVID\images\COVID-1743.png,COVID,data\raw\radiography\COVID-19_Radiography_Dataset\COVID\images\COVID-1743.png
data\processed\labelled_4232\COVID\images\COVID-1273.png,COVID,data\raw\radiography\COVID-19_Radiography_Dataset\COVID\images\COVID-1273.png
data\processed\labelled_4232\COVID\images\COVID-2460.png,COVID,data\raw\radiography\COVID-19_Radiography_Dataset\COVID\images\COVID-2460.png
data\processed\labelled_4232\COVID\images\COVID-1192.png,COVID,data\raw\radiography\COVID-19_Radiography_Dataset\COVID\images\COVID-1192.png
data\processed\labelled_4232\COVID\images\COVID-2327.png,COVID,data\raw\radiography\COVID-19_Radiography_Dataset\COVID\images\COVID-2327.png
data\processed\labelled_4232\COVID\images\COVID-2087.png,COVID,data\raw\radiography\COVID-19_Radiography_Dataset\COVID\images\COVID-2087.png
data\processed\labelled_4232\COVID\images\COVID-2184.png,COVID,data\raw\radiography\COVID-19_Radiography_Dataset\COVID\images\COVID-2184.png
data\processed\labelled_4232\COVID\images\COVID-1750.png,COVID,data\raw\radiography\COVID-19_Radiography_Dataset\COVID\images\COVID-1750.png
data\processed\labelled_4232\COVID\images\COVID-29.png,COVID,data\raw\radiography\COVID-19_Radiography_Dataset\COVID\images\COVID-29.png
data\processed\labelled_4232\COVID\images\COVID-3366.png,COVID,data\raw\radiography\COVID-19_Radiography_Dataset\COVID\images\COVID-3366.png
data\processed\labelled_4232\COVID\images\COVID-2797.png,COVID,data\raw\radiography\COVID-19_Radiography_Dataset\COVID\images\COVID-2797.png
data\processed\labelled_4232\COVID\images\COVID-2513.png,COVID,data\raw\radiography\COVID-19_Radiography_Dataset\COVID\images\COVID-2513.png
data\processed\labelled_4232\COVID\images\COVID-1924.png,COVID,data\raw\radiography\COVID-19_Radiography_Dataset\COVID\images\COVID-1924.png
data\processed\labelled_4232\COVID\images\COVID-2406.png,COVID,data\raw\radiography\COVID-19_Radiography_Dataset\COVID\images\COVID-2406.png
data\processed\labelled_4232\COVID\images\COVID-3028.png,COVID,data\raw\radiography\COVID-19_Radiography_Dataset\COVID\images\COVID-3028.png
data\processed\labelled_4232\COVID\images\COVID-594.png,COVID,data\raw\radiography\COVID-19_Radiography_Dataset\COVID\images\COVID-594.png
data\processed\labelled_4232\COVID\images\COVID-1402.png,COVID,data\raw\radiography\COVID-19_Radiography_Dataset\COVID\images\COVID-1402.png
data\processed\labelled_4232\COVID\images\COVID-3053.png,COVID,data\raw\radiography\COVID-19_Radiography_Dataset\COVID\images\COVID-3053.png
data\processed\labelled_4232\COVID\images\COVID-662.png,COVID,data\raw\radiography\COVID-19_Radiography_Dataset\COVID\images\COVID-662.png
data\processed\labelled_4232\COVID\images\COVID-1387.png,COVID,data\raw\radiography\COVID-19_Radiography_Dataset\COVID\images\COVID-1387.png
data\processed\labelled_4232\COVID\images\COVID-3079.png,COVID,data\raw\radiography\COVID-19_Radiography_Dataset\COVID\images\COVID-3079.png
data\processed\labelled_4232\COVID\images\COVID-1074.png,COVID,data\raw\radiography\COVID-19_Radiography_Dataset\COVID\images\COVID-1074.png
data\processed\labelled_4232\COVID\images\COVID-2475.png,COVID,data\raw\radiography\COVID-19_Radiography_Dataset\COVID\images\COVID-2475.png
data\processed\labelled_4232\COVID\images\COVID-273.png,COVID,data\raw\radiography\COVID-19_Radiography_Dataset\COVID\images\COVID-273.png
data\processed\labelled_4232\COVID\images\COVID-2261.png,COVID,data\raw\radiography\COVID-19_Radiography_Dataset\COVID\images\COVID-2261.png
data\processed\labelled_4232\COVID\images\COVID-1562.png,COVID,data\raw\radiography\COVID-19_Radiography_Dataset\COVID\images\COVID-1562.png
data\processed\labelled_4232\COVID\images\COVID-183.png,COVID,data\raw\radiography\COVID-19_Radiography_Dataset\COVID\images\COVID-183.png
data\processed\labelled_4232\COVID\images\COVID-2529.png,COVID,data\raw\radiography\COVID-19_Radiography_Dataset\COVID\images\COVID-2529.png
data\processed\labelled_4232\COVID\images\COVID-838.png,COVID,data\raw\radiography\COVID-19_Radiography_Dataset\COVID\images\COVID-838.png
data\processed\labelled_4232\COVID\images\COVID-1868.png,COVID,data\raw\radiography\COVID-19_Radiography_Dataset\COVID\images\COVID-1868.png
data\processed\labelled_4232\COVID\images\COVID-1580.png,COVID,data\raw\radiography\COVID-19_Radiography_Dataset\COVID\images\COVID-1580.png
data\processed\labelled_4232\COVID\images\COVID-2867.png,COVID,data\raw\radiography\COVID-19_Radiography_Dataset\COVID\images\COVID-2867.png
data\processed\labelled_4232\COVID\images\COVID-2242.png,COVID,data\raw\radiography\COVID-19_Radiography_Dataset\COVID\images\COVID-2242.png
data\processed\labelled_4232\COVID\images\COVID-445.png,COVID,data\raw\radiography\COVID-19_Radiography_Dataset\COVID\images\COVID-445.png
data\processed\labelled_4232\COVID\images\COVID-421.png,COVID,data\raw\radiography\COVID-19_Radiography_Dataset\COVID\images\COVID-421.png
data\processed\labelled_4232\COVID\images\COVID-2785.png,COVID,data\raw\radiography\COVID-19_Radiography_Dataset\COVID\images\COVID-2785.png
data\processed\labelled_4232\COVID\images\COVID-1485.png,COVID,data\raw\radiography\COVID-19_Radiography_Dataset\COVID\images\COVID-1485.png
data\processed\labelled_4232\COVID\images\COVID-1796.png,COVID,data\raw\radiography\COVID-19_Radiography_Dataset\COVID\images\COVID-1796.png
data\processed\labelled_4232\COVID\images\COVID-701.png,COVID,data\raw\radiography\COVID-19_Radiography_Dataset\COVID\images\COVID-701.png
data\processed\labelled_4232\COVID\images\COVID-2727.png,COVID,data\raw\radiography\COVID-19_Radiography_Dataset\COVID\images\COVID-2727.png
data\processed\labelled_4232\COVID\images\COVID-1757.png,COVID,data\raw\radiography\COVID-19_Radiography_Dataset\COVID\images\COVID-1757.png
data\processed\labelled_4232\COVID\images\COVID-1367.png,COVID,data\raw\radiography\COVID-19_Radiography_Dataset\COVID\images\COVID-1367.png
data\processed\labelled_4232\COVID\images\COVID-1802.png,COVID,data\raw\radiography\COVID-19_Radiography_Dataset\COVID\images\COVID-1802.png
data\processed\labelled_4232\COVID\images\COVID-636.png,COVID,data\raw\radiography\COVID-19_Radiography_Dataset\COVID\images\COVID-636.png
data\processed\labelled_4232\COVID\images\COVID-1040.png,COVID,data\raw\radiography\COVID-19_Radiography_Dataset\COVID\images\COVID-1040.png
data\processed\labelled_4232\COVID\images\COVID-1913.png,COVID,data\raw\radiography\COVID-19_Radiography_Dataset\COVID\images\COVID-1913.png
data\processed\labelled_4232\COVID\images\COVID-932.png,COVID,data\raw\radiography\COVID-19_Radiography_Dataset\COVID\images\COVID-932.png
data\processed\labelled_4232\COVID\images\COVID-2766.png,COVID,data\raw\radiography\COVID-19_Radiography_Dataset\COVID\images\COVID-2766.png
data\processed\labelled_4232\COVID\images\COVID-2317.png,COVID,data\raw\radiography\COVID-19_Radiography_Dataset\COVID\images\COVID-2317.png
data\processed\labelled_4232\COVID\images\COVID-2557.png,COVID,data\raw\radiography\COVID-19_Radiography_Dataset\COVID\images\COVID-2557.png
data\processed\labelled_4232\COVID\images\COVID-551.png,COVID,data\raw\radiography\COVID-19_Radiography_Dataset\COVID\images\COVID-551.png
data\processed\labelled_4232\COVID\images\COVID-481.png,COVID,data\raw\radiography\COVID-19_Radiography_Dataset\COVID\images\COVID-481.png
data\processed\labelled_4232\COVID\images\COVID-1468.png,COVID,data\raw\radiography\COVID-19_Radiography_Dataset\COVID\images\COVID-1468.png
data\processed\labelled_4232\COVID\images\COVID-3533.png,COVID,data\raw\radiography\COVID-19_Radiography_Dataset\COVID\images\COVID-3533.png
data\processed\labelled_4232\COVID\images\COVID-1860.png,COVID,data\raw\radiography\COVID-19_Radiography_Dataset\COVID\images\COVID-1860.png
data\processed\labelled_4232\COVID\images\COVID-1915.png,COVID,data\raw\radiography\COVID-19_Radiography_Dataset\COVID\images\COVID-1915.png
data\processed\labelled_4232\COVID\images\COVID-653.png,COVID,data\raw\radiography\COVID-19_Radiography_Dataset\COVID\images\COVID-653.png
data\processed\labelled_4232\COVID\images\COVID-2581.png,COVID,data\raw\radiography\COVID-19_Radiography_Dataset\COVID\images\COVID-2581.png
data\processed\labelled_4232\COVID\images\COVID-3339.png,COVID,data\raw\radiography\COVID-19_Radiography_Dataset\COVID\images\COVID-3339.png
data\processed\labelled_4232\COVID\images\COVID-1653.png,COVID,data\raw\radiography\COVID-19_Radiography_Dataset\COVID\images\COVID-1653.png
data\processed\labelled_4232\COVID\images\COVID-2986.png,COVID,data\raw\radiography\COVID-19_Radiography_Dataset\COVID\images\COVID-2986.png
data\processed\labelled_4232\COVID\images\COVID-497.png,COVID,data\raw\radiography\COVID-19_Radiography_Dataset\COVID\images\COVID-497.png
data\processed\labelled_4232\COVID\images\COVID-1419.png,COVID,data\raw\radiography\COVID-19_Radiography_Dataset\COVID\images\COVID-1419.png
data\processed\labelled_4232\COVID\images\COVID-732.png,COVID,data\raw\radiography\COVID-19_Radiography_Dataset\COVID\images\COVID-732.png
data\processed\labelled_4232\COVID\images\COVID-1533.png,COVID,data\raw\radiography\COVID-19_Radiography_Dataset\COVID\images\COVID-1533.png
data\processed\labelled_4232\COVID\images\COVID-1832.png,COVID,data\raw\radiography\COVID-19_Radiography_Dataset\COVID\images\COVID-1832.png
data\processed\labelled_4232\COVID\images\COVID-2958.png,COVID,data\raw\radiography\COVID-19_Radiography_Dataset\COVID\images\COVID-2958.png
data\processed\labelled_4232\COVID\images\COVID-269.png,COVID,data\raw\radiography\COVID-19_Radiography_Dataset\COVID\images\COVID-269.png
data\processed\labelled_4232\COVID\images\COVID-839.png,COVID,data\raw\radiography\COVID-19_Radiography_Dataset\COVID\images\COVID-839.png
data\processed\labelled_4232\COVID\images\COVID-998.png,COVID,data\raw\radiography\COVID-19_Radiography_Dataset\COVID\images\COVID-998.png
data\processed\labelled_4232\COVID\images\COVID-2202.png,COVID,data\raw\radiography\COVID-19_Radiography_Dataset\COVID\images\COVID-2202.png
data\processed\labelled_4232\COVID\images\COVID-547.png,COVID,data\raw\radiography\COVID-19_Radiography_Dataset\COVID\images\COVID-547.png
data\processed\labelled_4232\COVID\images\COVID-430.png,COVID,data\raw\radiography\COVID-19_Radiography_Dataset\COVID\images\COVID-430.png
data\processed\labelled_4232\COVID\images\COVID-1231.png,COVID,data\raw\radiography\COVID-19_Radiography_Dataset\COVID\images\COVID-1231.png
data\processed\labelled_4232\COVID\images\COVID-765.png,COVID,data\raw\radiography\COVID-19_Radiography_Dataset\COVID\images\COVID-765.png
data\processed\labelled_4232\COVID\images\COVID-1904.png,COVID,data\raw\radiography\COVID-19_Radiography_Dataset\COVID\images\COVID-1904.png
data\processed\labelled_4232\COVID\images\COVID-1134.png,COVID,data\raw\radiography\COVID-19_Radiography_Dataset\COVID\images\COVID-1134.png
data\processed\labelled_4232\COVID\images\COVID-1732.png,COVID,data\raw\radiography\COVID-19_Radiography_Dataset\COVID\images\COVID-1732.png
data\processed\labelled_4232\COVID\images\COVID-2319.png,COVID,data\raw\radiography\COVID-19_Radiography_Dataset\COVID\images\COVID-2319.png
data\processed\labelled_4232\COVID\images\COVID-659.png,COVID,data\raw\radiography\COVID-19_Radiography_Dataset\COVID\images\COVID-659.png
data\processed\labelled_4232\COVID\images\COVID-2772.png,COVID,data\raw\radiography\COVID-19_Radiography_Dataset\COVID\images\COVID-2772.png
data\processed\labelled_4232\COVID\images\COVID-1130.png,COVID,data\raw\radiography\COVID-19_Radiography_Dataset\COVID\images\COVID-1130.png
data\processed\labelled_4232\COVID\images\COVID-1336.png,COVID,data\raw\radiography\COVID-19_Radiography_Dataset\COVID\images\COVID-1336.png
data\processed\labelled_4232\COVID\images\COVID-837.png,COVID,data\raw\radiography\COVID-19_Radiography_Dataset\COVID\images\COVID-837.png
data\processed\labelled_4232\COVID\images\COVID-1974.png,COVID,data\raw\radiography\COVID-19_Radiography_Dataset\COVID\images\COVID-1974.png
data\processed\labelled_4232\COVID\images\COVID-2131.png,COVID,data\raw\radiography\COVID-19_Radiography_Dataset\COVID\images\COVID-2131.png
data\processed\labelled_4232\COVID\images\COVID-1427.png,COVID,data\raw\radiography\COVID-19_Radiography_Dataset\COVID\images\COVID-1427.png
data\processed\labelled_4232\COVID\images\COVID-169.png,COVID,data\raw\radiography\COVID-19_Radiography_Dataset\COVID\images\COVID-169.png
data\processed\labelled_4232\COVID\images\COVID-647.png,COVID,data\raw\radiography\COVID-19_Radiography_Dataset\COVID\images\COVID-647.png
data\processed\labelled_4232\COVID\images\COVID-1138.png,COVID,data\raw\radiography\COVID-19_Radiography_Dataset\COVID\images\COVID-1138.png
data\processed\labelled_4232\COVID\images\COVID-494.png,COVID,data\raw\radiography\COVID-19_Radiography_Dataset\COVID\images\COVID-494.png
data\processed\labelled_4232\COVID\images\COVID-523.png,COVID,data\raw\radiography\COVID-19_Radiography_Dataset\COVID\images\COVID-523.png
data\processed\labelled_4232\COVID\images\COVID-81.png,COVID,data\raw\radiography\COVID-19_Radiography_Dataset\COVID\images\COVID-81.png
data\processed\labelled_4232\COVID\images\COVID-2269.png,COVID,data\raw\radiography\COVID-19_Radiography_Dataset\COVID\images\COVID-2269.png
data\processed\labelled_4232\COVID\images\COVID-1168.png,COVID,data\raw\radiography\COVID-19_Radiography_Dataset\COVID\images\COVID-1168.png
data\processed\labelled_4232\COVID\images\COVID-485.png,COVID,data\raw\radiography\COVID-19_Radiography_Dataset\COVID\images\COVID-485.png
data\processed\labelled_4232\COVID\images\COVID-995.png,COVID,data\raw\radiography\COVID-19_Radiography_Dataset\COVID\images\COVID-995.png
data\processed\labelled_4232\COVID\images\COVID-2648.png,COVID,data\raw\radiography\COVID-19_Radiography_Dataset\COVID\images\COVID-2648.png
data\processed\labelled_4232\COVID\images\COVID-1747.png,COVID,data\raw\radiography\COVID-19_Radiography_Dataset\COVID\images\COVID-1747.png
data\processed\labelled_4232\COVID\images\COVID-3078.png,COVID,data\raw\radiography\COVID-19_Radiography_Dataset\COVID\images\COVID-3078.png
data\processed\labelled_4232\COVID\images\COVID-1166.png,COVID,data\raw\radiography\COVID-19_Radiography_Dataset\COVID\images\COVID-1166.png
data\processed\labelled_4232\COVID\images\COVID-2625.png,COVID,data\raw\radiography\COVID-19_Radiography_Dataset\COVID\images\COVID-2625.png
data\processed\labelled_4232\COVID\images\COVID-588.png,COVID,data\raw\radiography\COVID-19_Radiography_Dataset\COVID\images\COVID-588.png
data\processed\labelled_4232\COVID\images\COVID-2105.png,COVID,data\raw\radiography\COVID-19_Radiography_Dataset\COVID\images\COVID-2105.png
data\processed\labelled_4232\COVID\images\COVID-1990.png,COVID,data\raw\radiography\COVID-19_Radiography_Dataset\COVID\images\COVID-1990.png
data\processed\labelled_4232\COVID\images\COVID-371.png,COVID,data\raw\radiography\COVID-19_Radiography_Dataset\COVID\images\COVID-371.png
data\processed\labelled_4232\COVID\images\COVID-2012.png,COVID,data\raw\radiography\COVID-19_Radiography_Dataset\COVID\images\COVID-2012.png
data\processed\labelled_4232\COVID\images\COVID-1333.png,COVID,data\raw\radiography\COVID-19_Radiography_Dataset\COVID\images\COVID-1333.png
data\processed\labelled_4232\COVID\images\COVID-3172.png,COVID,data\raw\radiography\COVID-19_Radiography_Dataset\COVID\images\COVID-3172.png
data\processed\labelled_4232\COVID\images\COVID-3467.png,COVID,data\raw\radiography\COVID-19_Radiography_Dataset\COVID\images\COVID-3467.png
data\processed\labelled_4232\COVID\images\COVID-975.png,COVID,data\raw\radiography\COVID-19_Radiography_Dataset\COVID\images\COVID-975.png
data\processed\labelled_4232\COVID\images\COVID-1214.png,COVID,data\raw\radiography\COVID-19_Radiography_Dataset\COVID\images\COVID-1214.png
data\processed\labelled_4232\COVID\images\COVID-1775.png,COVID,data\raw\radiography\COVID-19_Radiography_Dataset\COVID\images\COVID-1775.png
data\processed\labelled_4232\COVID\images\COVID-1315.png,COVID,data\raw\radiography\COVID-19_Radiography_Dataset\COVID\images\COVID-1315.png
data\processed\labelled_4232\COVID\images\COVID-2253.png,COVID,data\raw\radiography\COVID-19_Radiography_Dataset\COVID\images\COVID-2253.png
data\processed\labelled_4232\COVID\images\COVID-2562.png,COVID,data\raw\radiography\COVID-19_Radiography_Dataset\COVID\images\COVID-2562.png
data\processed\labelled_4232\COVID\images\COVID-3.png,COVID,data\raw\radiography\COVID-19_Radiography_Dataset\COVID\images\COVID-3.png
data\processed\labelled_4232\COVID\images\COVID-1935.png,COVID,data\raw\radiography\COVID-19_Radiography_Dataset\COVID\images\COVID-1935.png
data\processed\labelled_4232\COVID\images\COVID-3232.png,COVID,data\raw\radiography\COVID-19_Radiography_Dataset\COVID\images\COVID-3232.png
data\processed\labelled_4232\COVID\images\COVID-1300.png,COVID,data\raw\radiography\COVID-19_Radiography_Dataset\COVID\images\COVID-1300.png
data\processed\labelled_4232\COVID\images\COVID-1484.png,COVID,data\raw\radiography\COVID-19_Radiography_Dataset\COVID\images\COVID-1484.png
data\processed\labelled_4232\COVID\images\COVID-1206.png,COVID,data\raw\radiography\COVID-19_Radiography_Dataset\COVID\images\COVID-1206.png
data\processed\labelled_4232\COVID\images\COVID-894.png,COVID,data\raw\radiography\COVID-19_Radiography_Dataset\COVID\images\COVID-894.png
data\processed\labelled_4232\COVID\images\COVID-113.png,COVID,data\raw\radiography\COVID-19_Radiography_Dataset\COVID\images\COVID-113.png
data\processed\labelled_4232\COVID\images\COVID-3459.png,COVID,data\raw\radiography\COVID-19_Radiography_Dataset\COVID\images\COVID-3459.png
data\processed\labelled_4232\COVID\images\COVID-945.png,COVID,data\raw\radiography\COVID-19_Radiography_Dataset\COVID\images\COVID-945.png
data\processed\labelled_4232\COVID\images\COVID-1837.png,COVID,data\raw\radiography\COVID-19_Radiography_Dataset\COVID\images\COVID-1837.png
data\processed\labelled_4232\COVID\images\COVID-2053.png,COVID,data\raw\radiography\COVID-19_Radiography_Dataset\COVID\images\COVID-2053.png
data\processed\labelled_4232\COVID\images\COVID-2538.png,COVID,data\raw\radiography\COVID-19_Radiography_Dataset\COVID\images\COVID-2538.png
data\processed\labelled_4232\COVID\images\COVID-1455.png,COVID,data\raw\radiography\COVID-19_Radiography_Dataset\COVID\images\COVID-1455.png
data\processed\labelled_4232\COVID\images\COVID-66.png,COVID,data\raw\radiography\COVID-19_Radiography_Dataset\COVID\images\COVID-66.png
data\processed\labelled_4232\COVID\images\COVID-308.png,COVID,data\raw\radiography\COVID-19_Radiography_Dataset\COVID\images\COVID-308.png
data\processed\labelled_4232\COVID\images\COVID-2065.png,COVID,data\raw\radiography\COVID-19_Radiography_Dataset\COVID\images\COVID-2065.png
data\processed\labelled_4232\COVID\images\COVID-2133.png,COVID,data\raw\radiography\COVID-19_Radiography_Dataset\COVID\images\COVID-2133.png
data\processed\labelled_4232\COVID\images\COVID-313.png,COVID,data\raw\radiography\COVID-19_Radiography_Dataset\COVID\images\COVID-313.png
data\processed\labelled_4232\COVID\images\COVID-76.png,COVID,data\raw\radiography\COVID-19_Radiography_Dataset\COVID\images\COVID-76.png
data\processed\labelled_4232\COVID\images\COVID-1532.png,COVID,data\raw\radiography\COVID-19_Radiography_Dataset\COVID\images\COVID-1532.png
data\processed\labelled_4232\COVID\images\COVID-3457.png,COVID,data\raw\radiography\COVID-19_Radiography_Dataset\COVID\images\COVID-3457.png
data\processed\labelled_4232\COVID\images\COVID-1613.png,COVID,data\raw\radiography\COVID-19_Radiography_Dataset\COVID\images\COVID-1613.png
data\processed\labelled_4232\COVID\images\COVID-3334.png,COVID,data\raw\radiography\COVID-19_Radiography_Dataset\COVID\images\COVID-3334.png
data\processed\labelled_4232\COVID\images\COVID-3020.png,COVID,data\raw\radiography\COVID-19_Radiography_Dataset\COVID\images\COVID-3020.png
data\processed\labelled_4232\COVID\images\COVID-3446.png,COVID,data\raw\radiography\COVID-19_Radiography_Dataset\COVID\images\COVID-3446.png
data\processed\labelled_4232\COVID\images\COVID-2219.png,COVID,data\raw\radiography\COVID-19_Radiography_Dataset\COVID\images\COVID-2219.png
data\processed\labelled_4232\COVID\images\COVID-2531.png,COVID,data\raw\radiography\COVID-19_Radiography_Dataset\COVID\images\COVID-2531.png
data\processed\labelled_4232\COVID\images\COVID-2220.png,COVID,data\raw\radiography\COVID-19_Radiography_Dataset\COVID\images\COVID-2220.png
data\processed\labelled_4232\COVID\images\COVID-1647.png,COVID,data\raw\radiography\COVID-19_Radiography_Dataset\COVID\images\COVID-1647.png
data\processed\labelled_4232\COVID\images\COVID-3162.png,COVID,data\raw\radiography\COVID-19_Radiography_Dataset\COVID\images\COVID-3162.png
data\processed\labelled_4232\COVID\images\COVID-727.png,COVID,data\raw\radiography\COVID-19_Radiography_Dataset\COVID\images\COVID-727.png
data\processed\labelled_4232\COVID\images\COVID-1779.png,COVID,data\raw\radiography\COVID-19_Radiography_Dataset\COVID\images\COVID-1779.png
data\processed\labelled_4232\COVID\images\COVID-2057.png,COVID,data\raw\radiography\COVID-19_Radiography_Dataset\COVID\images\COVID-2057.png
data\processed\labelled_4232\COVID\images\COVID-1706.png,COVID,data\raw\radiography\COVID-19_Radiography_Dataset\COVID\images\COVID-1706.png
data\processed\labelled_4232\COVID\images\COVID-2232.png,COVID,data\raw\radiography\COVID-19_Radiography_Dataset\COVID\images\COVID-2232.png
data\processed\labelled_4232\COVID\images\COVID-1836.png,COVID,data\raw\radiography\COVID-19_Radiography_Dataset\COVID\images\COVID-1836.png
data\processed\labelled_4232\COVID\images\COVID-2505.png,COVID,data\raw\radiography\COVID-19_Radiography_Dataset\COVID\images\COVID-2505.png
data\processed\labelled_4232\COVID\images\COVID-1372.png,COVID,data\raw\radiography\COVID-19_Radiography_Dataset\COVID\images\COVID-1372.png
data\processed\labelled_4232\COVID\images\COVID-2378.png,COVID,data\raw\radiography\COVID-19_Radiography_Dataset\COVID\images\COVID-2378.png
data\processed\labelled_4232\COVID\images\COVID-537.png,COVID,data\raw\radiography\COVID-19_Radiography_Dataset\COVID\images\COVID-537.png
data\processed\labelled_4232\COVID\images\COVID-3502.png,COVID,data\raw\radiography\COVID-19_Radiography_Dataset\COVID\images\COVID-3502.png
data\processed\labelled_4232\COVID\images\COVID-1237.png,COVID,data\raw\radiography\COVID-19_Radiography_Dataset\COVID\images\COVID-1237.png
data\processed\labelled_4232\COVID\images\COVID-3604.png,COVID,data\raw\radiography\COVID-19_Radiography_Dataset\COVID\images\COVID-3604.png
data\processed\labelled_4232\COVID\images\COVID-2988.png,COVID,data\raw\radiography\COVID-19_Radiography_Dataset\COVID\images\COVID-2988.png
data\processed\labelled_4232\COVID\images\COVID-2661.png,COVID,data\raw\radiography\COVID-19_Radiography_Dataset\COVID\images\COVID-2661.png
data\processed\labelled_4232\COVID\images\COVID-2899.png,COVID,data\raw\radiography\COVID-19_Radiography_Dataset\COVID\images\COVID-2899.png
data\processed\labelled_4232\COVID\images\COVID-1051.png,COVID,data\raw\radiography\COVID-19_Radiography_Dataset\COVID\images\COVID-1051.png
data\processed\labelled_4232\COVID\images\COVID-1395.png,COVID,data\raw\radiography\COVID-19_Radiography_Dataset\COVID\images\COVID-1395.png
data\processed\labelled_4232\COVID\images\COVID-2501.png,COVID,data\raw\radiography\COVID-19_Radiography_Dataset\COVID\images\COVID-2501.png
data\processed\labelled_4232\COVID\images\COVID-719.png,COVID,data\raw\radiography\COVID-19_Radiography_Dataset\COVID\images\COVID-719.png
data\processed\labelled_4232\COVID\images\COVID-2277.png,COVID,data\raw\radiography\COVID-19_Radiography_Dataset\COVID\images\COVID-2277.png
data\processed\labelled_4232\COVID\images\COVID-674.png,COVID,data\raw\radiography\COVID-19_Radiography_Dataset\COVID\images\COVID-674.png
data\processed\labelled_4232\COVID\images\COVID-1910.png,COVID,data\raw\radiography\COVID-19_Radiography_Dataset\COVID\images\COVID-1910.png
data\processed\labelled_4232\COVID\images\COVID-2418.png,COVID,data\raw\radiography\COVID-19_Radiography_Dataset\COVID\images\COVID-2418.png
data\processed\labelled_4232\COVID\images\COVID-1710.png,COVID,data\raw\radiography\COVID-19_Radiography_Dataset\COVID\images\COVID-1710.png
data\processed\labelled_4232\COVID\images\COVID-1980.png,COVID,data\raw\radiography\COVID-19_Radiography_Dataset\COVID\images\COVID-1980.png
data\processed\labelled_4232\COVID\images\COVID-2234.png,COVID,data\raw\radiography\COVID-19_Radiography_Dataset\COVID\images\COVID-2234.png
data\processed\labelled_4232\COVID\images\COVID-1200.png,COVID,data\raw\radiography\COVID-19_Radiography_Dataset\COVID\images\COVID-1200.png
data\processed\labelled_4232\COVID\images\COVID-2021.png,COVID,data\raw\radiography\COVID-19_Radiography_Dataset\COVID\images\COVID-2021.png
data\processed\labelled_4232\COVID\images\COVID-2752.png,COVID,data\raw\radiography\COVID-19_Radiography_Dataset\COVID\images\COVID-2752.png
data\processed\labelled_4232\COVID\images\COVID-587.png,COVID,data\raw\radiography\COVID-19_Radiography_Dataset\COVID\images\COVID-587.png
data\processed\labelled_4232\COVID\images\COVID-1922.png,COVID,data\raw\radiography\COVID-19_Radiography_Dataset\COVID\images\COVID-1922.png
data\processed\labelled_4232\COVID\images\COVID-2634.png,COVID,data\raw\radiography\COVID-19_Radiography_Dataset\COVID\images\COVID-2634.png
data\processed\labelled_4232\COVID\images\COVID-1537.png,COVID,data\raw\radiography\COVID-19_Radiography_Dataset\COVID\images\COVID-1537.png
data\processed\labelled_4232\COVID\images\COVID-1871.png,COVID,data\raw\radiography\COVID-19_Radiography_Dataset\COVID\images\COVID-1871.png
data\processed\labelled_4232\COVID\images\COVID-2155.png,COVID,data\raw\radiography\COVID-19_Radiography_Dataset\COVID\images\COVID-2155.png
data\processed\labelled_4232\COVID\images\COVID-2469.png,COVID,data\raw\radiography\COVID-19_Radiography_Dataset\COVID\images\COVID-2469.png
data\processed\labelled_4232\COVID\images\COVID-122.png,COVID,data\raw\radiography\COVID-19_Radiography_Dataset\COVID\images\COVID-122.png
data\processed\labelled_4232\COVID\images\COVID-3412.png,COVID,data\raw\radiography\COVID-19_Radiography_Dataset\COVID\images\COVID-3412.png
data\processed\labelled_4232\COVID\images\COVID-967.png,COVID,data\raw\radiography\COVID-19_Radiography_Dataset\COVID\images\COVID-967.png
data\processed\labelled_4232\COVID\images\COVID-2045.png,COVID,data\raw\radiography\COVID-19_Radiography_Dataset\COVID\images\COVID-2045.png
data\processed\labelled_4232\COVID\images\COVID-3568.png,COVID,data\raw\radiography\COVID-19_Radiography_Dataset\COVID\images\COVID-3568.png
data\processed\labelled_4232\COVID\images\COVID-1927.png,COVID,data\raw\radiography\COVID-19_Radiography_Dataset\COVID\images\COVID-1927.png
data\processed\labelled_4232\COVID\images\COVID-3601.png,COVID,data\raw\radiography\COVID-19_Radiography_Dataset\COVID\images\COVID-3601.png
data\processed\labelled_4232\COVID\images\COVID-373.png,COVID,data\raw\radiography\COVID-19_Radiography_Dataset\COVID\images\COVID-373.png
data\processed\labelled_4232\COVID\images\COVID-1110.png,COVID,data\raw\radiography\COVID-19_Radiography_Dataset\COVID\images\COVID-1110.png
data\processed\labelled_4232\COVID\images\COVID-2492.png,COVID,data\raw\radiography\COVID-19_Radiography_Dataset\COVID\images\COVID-2492.png
data\processed\labelled_4232\COVID\images\COVID-515.png,COVID,data\raw\radiography\COVID-19_Radiography_Dataset\COVID\images\COVID-515.png
data\processed\labelled_4232\COVID\images\COVID-3450.png,COVID,data\raw\radiography\COVID-19_Radiography_Dataset\COVID\images\COVID-3450.png
data\processed\labelled_4232\COVID\images\COVID-605.png,COVID,data\raw\radiography\COVID-19_Radiography_Dataset\COVID\images\COVID-605.png
data\processed\labelled_4232\COVID\images\COVID-2435.png,COVID,data\raw\radiography\COVID-19_Radiography_Dataset\COVID\images\COVID-2435.png
data\processed\labelled_4232\COVID\images\COVID-2812.png,COVID,data\raw\radiography\COVID-19_Radiography_Dataset\COVID\images\COVID-2812.png
data\processed\labelled_4232\COVID\images\COVID-1415.png,COVID,data\raw\radiography\COVID-19_Radiography_Dataset\COVID\images\COVID-1415.png
data\processed\labelled_4232\COVID\images\COVID-234.png,COVID,data\raw\radiography\COVID-19_Radiography_Dataset\COVID\images\COVID-234.png
data\processed\labelled_4232\COVID\images\COVID-2415.png,COVID,data\raw\radiography\COVID-19_Radiography_Dataset\COVID\images\COVID-2415.png
data\processed\labelled_4232\COVID\images\COVID-10.png,COVID,data\raw\radiography\COVID-19_Radiography_Dataset\COVID\images\COVID-10.png
data\processed\labelled_4232\COVID\images\COVID-2032.png,COVID,data\raw\radiography\COVID-19_Radiography_Dataset\COVID\images\COVID-2032.png
data\processed\labelled_4232\COVID\images\COVID-2227.png,COVID,data\raw\radiography\COVID-19_Radiography_Dataset\COVID\images\COVID-2227.png
data\processed\labelled_4232\COVID\images\COVID-865.png,COVID,data\raw\radiography\COVID-19_Radiography_Dataset\COVID\images\COVID-865.png
data\processed\labelled_4232\COVID\images\COVID-2968.png,COVID,data\raw\radiography\COVID-19_Radiography_Dataset\COVID\images\COVID-2968.png
data\processed\labelled_4232\COVID\images\COVID-2624.png,COVID,data\raw\radiography\COVID-19_Radiography_Dataset\COVID\images\COVID-2624.png
data\processed\labelled_4232\COVID\images\COVID-1826.png,COVID,data\raw\radiography\COVID-19_Radiography_Dataset\COVID\images\COVID-1826.png
data\processed\labelled_4232\COVID\images\COVID-166.png,COVID,data\raw\radiography\COVID-19_Radiography_Dataset\COVID\images\COVID-166.png
data\processed\labelled_4232\COVID\images\COVID-3435.png,COVID,data\raw\radiography\COVID-19_Radiography_Dataset\COVID\images\COVID-3435.png
data\processed\labelled_4232\COVID\images\COVID-703.png,COVID,data\raw\radiography\COVID-19_Radiography_Dataset\COVID\images\COVID-703.png
data\processed\labelled_4232\COVID\images\COVID-2069.png,COVID,data\raw\radiography\COVID-19_Radiography_Dataset\COVID\images\COVID-2069.png
data\processed\labelled_4232\COVID\images\COVID-1396.png,COVID,data\raw\radiography\COVID-19_Radiography_Dataset\COVID\images\COVID-1396.png
data\processed\labelled_4232\COVID\images\COVID-2275.png,COVID,data\raw\radiography\COVID-19_Radiography_Dataset\COVID\images\COVID-2275.png
data\processed\labelled_4232\COVID\images\COVID-426.png,COVID,data\raw\radiography\COVID-19_Radiography_Dataset\COVID\images\COVID-426.png
data\processed\labelled_4232\COVID\images\COVID-997.png,COVID,data\raw\radiography\COVID-19_Radiography_Dataset\COVID\images\COVID-997.png
data\processed\labelled_4232\COVID\images\COVID-900.png,COVID,data\raw\radiography\COVID-19_Radiography_Dataset\COVID\images\COVID-900.png
data\processed\labelled_4232\COVID\images\COVID-1481.png,COVID,data\raw\radiography\COVID-19_Radiography_Dataset\COVID\images\COVID-1481.png
data\processed\labelled_4232\COVID\images\COVID-85.png,COVID,data\raw\radiography\COVID-19_Radiography_Dataset\COVID\images\COVID-85.png
data\processed\labelled_4232\COVID\images\COVID-1196.png,COVID,data\raw\radiography\COVID-19_Radiography_Dataset\COVID\images\COVID-1196.png
data\processed\labelled_4232\COVID\images\COVID-3606.png,COVID,data\raw\radiography\COVID-19_Radiography_Dataset\COVID\images\COVID-3606.png
data\processed\labelled_4232\COVID\images\COVID-3584.png,COVID,data\raw\radiography\COVID-19_Radiography_Dataset\COVID\images\COVID-3584.png
data\processed\labelled_4232\COVID\images\COVID-2623.png,COVID,data\raw\radiography\COVID-19_Radiography_Dataset\COVID\images\COVID-2623.png
data\processed\labelled_4232\COVID\images\COVID-2222.png,COVID,data\raw\radiography\COVID-19_Radiography_Dataset\COVID\images\COVID-2222.png
data\processed\labelled_4232\COVID\images\COVID-3274.png,COVID,data\raw\radiography\COVID-19_Radiography_Dataset\COVID\images\COVID-3274.png
data\processed\labelled_4232\COVID\images\COVID-1316.png,COVID,data\raw\radiography\COVID-19_Radiography_Dataset\COVID\images\COVID-1316.png
data\processed\labelled_4232\COVID\images\COVID-816.png,COVID,data\raw\radiography\COVID-19_Radiography_Dataset\COVID\images\COVID-816.png
data\processed\labelled_4232\COVID\images\COVID-3598.png,COVID,data\raw\radiography\COVID-19_Radiography_Dataset\COVID\images\COVID-3598.png
data\processed\labelled_4232\COVID\images\COVID-2573.png,COVID,data\raw\radiography\COVID-19_Radiography_Dataset\COVID\images\COVID-2573.png
data\processed\labelled_4232\COVID\images\COVID-3166.png,COVID,data\raw\radiography\COVID-19_Radiography_Dataset\COVID\images\COVID-3166.png
data\processed\labelled_4232\COVID\images\COVID-1472.png,COVID,data\raw\radiography\COVID-19_Radiography_Dataset\COVID\images\COVID-1472.png
data\processed\labelled_4232\COVID\images\COVID-3241.png,COVID,data\raw\radiography\COVID-19_Radiography_Dataset\COVID\images\COVID-3241.png
data\processed\labelled_4232\COVID\images\COVID-2431.png,COVID,data\raw\radiography\COVID-19_Radiography_Dataset\COVID\images\COVID-2431.png
data\processed\labelled_4232\COVID\images\COVID-2987.png,COVID,data\raw\radiography\COVID-19_Radiography_Dataset\COVID\images\COVID-2987.png
data\processed\labelled_4232\COVID\images\COVID-3052.png,COVID,data\raw\radiography\COVID-19_Radiography_Dataset\COVID\images\COVID-3052.png
data\processed\labelled_4232\COVID\images\COVID-3358.png,COVID,data\raw\radiography\COVID-19_Radiography_Dataset\COVID\images\COVID-3358.png
data\processed\labelled_4232\COVID\images\COVID-709.png,COVID,data\raw\radiography\COVID-19_Radiography_Dataset\COVID\images\COVID-709.png
data\processed\labelled_4232\COVID\images\COVID-418.png,COVID,data\raw\radiography\COVID-19_Radiography_Dataset\COVID\images\COVID-418.png
data\processed\labelled_4232\COVID\images\COVID-3279.png,COVID,data\raw\radiography\COVID-19_Radiography_Dataset\COVID\images\COVID-3279.png
data\processed\labelled_4232\COVID\images\COVID-712.png,COVID,data\raw\radiography\COVID-19_Radiography_Dataset\COVID\images\COVID-712.png
data\processed\labelled_4232\COVID\images\COVID-1226.png,COVID,data\raw\radiography\COVID-19_Radiography_Dataset\COVID\images\COVID-1226.png
data\processed\labelled_4232\COVID\images\COVID-1552.png,COVID,data\raw\radiography\COVID-19_Radiography_Dataset\COVID\images\COVID-1552.png
data\processed\labelled_4232\COVID\images\COVID-109.png,COVID,data\raw\radiography\COVID-19_Radiography_Dataset\COVID\images\COVID-109.png
data\processed\labelled_4232\COVID\images\COVID-2157.png,COVID,data\raw\radiography\COVID-19_Radiography_Dataset\COVID\images\COVID-2157.png
data\processed\labelled_4232\COVID\images\COVID-1573.png,COVID,data\raw\radiography\COVID-19_Radiography_Dataset\COVID\images\COVID-1573.png
data\processed\labelled_4232\COVID\images\COVID-1546.png,COVID,data\raw\radiography\COVID-19_Radiography_Dataset\COVID\images\COVID-1546.png
data\processed\labelled_4232\COVID\images\COVID-2283.png,COVID,data\raw\radiography\COVID-19_Radiography_Dataset\COVID\images\COVID-2283.png
data\processed\labelled_4232\COVID\images\COVID-3170.png,COVID,data\raw\radiography\COVID-19_Radiography_Dataset\COVID\images\COVID-3170.png
data\processed\labelled_4232\COVID\images\COVID-1616.png,COVID,data\raw\radiography\COVID-19_Radiography_Dataset\COVID\images\COVID-1616.png
data\processed\labelled_4232\COVID\images\COVID-3282.png,COVID,data\raw\radiography\COVID-19_Radiography_Dataset\COVID\images\COVID-3282.png
data\processed\labelled_4232\COVID\images\COVID-3223.png,COVID,data\raw\radiography\COVID-19_Radiography_Dataset\COVID\images\COVID-3223.png
data\processed\labelled_4232\COVID\images\COVID-1719.png,COVID,data\raw\radiography\COVID-19_Radiography_Dataset\COVID\images\COVID-1719.png
data\processed\labelled_4232\COVID\images\COVID-2750.png,COVID,data\raw\radiography\COVID-19_Radiography_Dataset\COVID\images\COVID-2750.png
data\processed\labelled_4232\COVID\images\COVID-1635.png,COVID,data\raw\radiography\COVID-19_Radiography_Dataset\COVID\images\COVID-1635.png
data\processed\labelled_4232\COVID\images\COVID-2665.png,COVID,data\raw\radiography\COVID-19_Radiography_Dataset\COVID\images\COVID-2665.png
data\processed\labelled_4232\COVID\images\COVID-1510.png,COVID,data\raw\radiography\COVID-19_Radiography_Dataset\COVID\images\COVID-1510.png
data\processed\labelled_4232\COVID\images\COVID-2279.png,COVID,data\raw\radiography\COVID-19_Radiography_Dataset\COVID\images\COVID-2279.png
data\processed\labelled_4232\COVID\images\COVID-700.png,COVID,data\raw\radiography\COVID-19_Radiography_Dataset\COVID\images\COVID-700.png
data\processed\labelled_4232\COVID\images\COVID-2040.png,COVID,data\raw\radiography\COVID-19_Radiography_Dataset\COVID\images\COVID-2040.png
data\processed\labelled_4232\COVID\images\COVID-192.png,COVID,data\raw\radiography\COVID-19_Radiography_Dataset\COVID\images\COVID-192.png
data\processed\labelled_4232\COVID\images\COVID-3434.png,COVID,data\raw\radiography\COVID-19_Radiography_Dataset\COVID\images\COVID-3434.png
data\processed\labelled_4232\COVID\images\COVID-49.png,COVID,data\raw\radiography\COVID-19_Radiography_Dataset\COVID\images\COVID-49.png
data\processed\labelled_4232\COVID\images\COVID-3480.png,COVID,data\raw\radiography\COVID-19_Radiography_Dataset\COVID\images\COVID-3480.png
data\processed\labelled_4232\COVID\images\COVID-1176.png,COVID,data\raw\radiography\COVID-19_Radiography_Dataset\COVID\images\COVID-1176.png
data\processed\labelled_4232\COVID\images\COVID-1572.png,COVID,data\raw\radiography\COVID-19_Radiography_Dataset\COVID\images\COVID-1572.png
data\processed\labelled_4232\COVID\images\COVID-689.png,COVID,data\raw\radiography\COVID-19_Radiography_Dataset\COVID\images\COVID-689.png
data\processed\labelled_4232\COVID\images\COVID-2660.png,COVID,data\raw\radiography\COVID-19_Radiography_Dataset\COVID\images\COVID-2660.png
data\processed\labelled_4232\COVID\images\COVID-3188.png,COVID,data\raw\radiography\COVID-19_Radiography_Dataset\COVID\images\COVID-3188.png
data\processed\labelled_4232\COVID\images\COVID-850.png,COVID,data\raw\radiography\COVID-19_Radiography_Dataset\COVID\images\COVID-850.png
data\processed\labelled_4232\COVID\images\COVID-1698.png,COVID,data\raw\radiography\COVID-19_Radiography_Dataset\COVID\images\COVID-1698.png
data\processed\labelled_4232\COVID\images\COVID-3573.png,COVID,data\raw\radiography\COVID-19_Radiography_Dataset\COVID\images\COVID-3573.png
data\processed\labelled_4232\COVID\images\COVID-2369.png,COVID,data\raw\radiography\COVID-19_Radiography_Dataset\COVID\images\COVID-2369.png
data\processed\labelled_4232\COVID\images\COVID-725.png,COVID,data\raw\radiography\COVID-19_Radiography_Dataset\COVID\images\COVID-725.png
data\processed\labelled_4232\COVID\images\COVID-221.png,COVID,data\raw\radiography\COVID-19_Radiography_Dataset\COVID\images\COVID-221.png
data\processed\labelled_4232\COVID\images\COVID-2605.png,COVID,data\raw\radiography\COVID-19_Radiography_Dataset\COVID\images\COVID-2605.png
data\processed\labelled_4232\COVID\images\COVID-873.png,COVID,data\raw\radiography\COVID-19_Radiography_Dataset\COVID\images\COVID-873.png
data\processed\labelled_4232\COVID\images\COVID-1135.png,COVID,data\raw\radiography\COVID-19_Radiography_Dataset\COVID\images\COVID-1135.png
data\processed\labelled_4232\COVID\images\COVID-1105.png,COVID,data\raw\radiography\COVID-19_Radiography_Dataset\COVID\images\COVID-1105.png
data\processed\labelled_4232\COVID\images\COVID-1792.png,COVID,data\raw\radiography\COVID-19_Radiography_Dataset\COVID\images\COVID-1792.png
data\processed\labelled_4232\COVID\images\COVID-2732.png,COVID,data\raw\radiography\COVID-19_Radiography_Dataset\COVID\images\COVID-2732.png
data\processed\labelled_4232\COVID\images\COVID-1674.png,COVID,data\raw\radiography\COVID-19_Radiography_Dataset\COVID\images\COVID-1674.png
data\processed\labelled_4232\COVID\images\COVID-435.png,COVID,data\raw\radiography\COVID-19_Radiography_Dataset\COVID\images\COVID-435.png
data\processed\labelled_4232\COVID\images\COVID-2428.png,COVID,data\raw\radiography\COVID-19_Radiography_Dataset\COVID\images\COVID-2428.png
data\processed\labelled_4232\COVID\images\COVID-2478.png,COVID,data\raw\radiography\COVID-19_Radiography_Dataset\COVID\images\COVID-2478.png
data\processed\labelled_4232\COVID\images\COVID-3452.png,COVID,data\raw\radiography\COVID-19_Radiography_Dataset\COVID\images\COVID-3452.png
data\processed\labelled_4232\COVID\images\COVID-940.png,COVID,data\raw\radiography\COVID-19_Radiography_Dataset\COVID\images\COVID-940.png
data\processed\labelled_4232\COVID\images\COVID-2490.png,COVID,data\raw\radiography\COVID-19_Radiography_Dataset\COVID\images\COVID-2490.png
data\processed\labelled_4232\COVID\images\COVID-1523.png,COVID,data\raw\radiography\COVID-19_Radiography_Dataset\COVID\images\COVID-1523.png
data\processed\labelled_4232\COVID\images\COVID-2082.png,COVID,data\raw\radiography\COVID-19_Radiography_Dataset\COVID\images\COVID-2082.png
data\processed\labelled_4232\COVID\images\COVID-1261.png,COVID,data\raw\radiography\COVID-19_Radiography_Dataset\COVID\images\COVID-1261.png
data\processed\labelled_4232\COVID\images\COVID-1679.png,COVID,data\raw\radiography\COVID-19_Radiography_Dataset\COVID\images\COVID-1679.png
data\processed\labelled_4232\COVID\images\COVID-2367.png,COVID,data\raw\radiography\COVID-19_Radiography_Dataset\COVID\images\COVID-2367.png
data\processed\labelled_4232\COVID\images\COVID-1054.png,COVID,data\raw\radiography\COVID-19_Radiography_Dataset\COVID\images\COVID-1054.png
data\processed\labelled_4232\COVID\images\COVID-2179.png,COVID,data\raw\radiography\COVID-19_Radiography_Dataset\COVID\images\COVID-2179.png
data\processed\labelled_4232\COVID\images\COVID-2642.png,COVID,data\raw\radiography\COVID-19_Radiography_Dataset\COVID\images\COVID-2642.png
data\processed\labelled_4232\COVID\images\COVID-1496.png,COVID,data\raw\radiography\COVID-19_Radiography_Dataset\COVID\images\COVID-1496.png
data\processed\labelled_4232\COVID\images\COVID-773.png,COVID,data\raw\radiography\COVID-19_Radiography_Dataset\COVID\images\COVID-773.png
data\processed\labelled_4232\COVID\images\COVID-1812.png,COVID,data\raw\radiography\COVID-19_Radiography_Dataset\COVID\images\COVID-1812.png
data\processed\labelled_4232\COVID\images\COVID-1084.png,COVID,data\raw\radiography\COVID-19_Radiography_Dataset\COVID\images\COVID-1084.png
data\processed\labelled_4232\COVID\images\COVID-186.png,COVID,data\raw\radiography\COVID-19_Radiography_Dataset\COVID\images\COVID-186.png
data\processed\labelled_4232\COVID\images\COVID-304.png,COVID,data\raw\radiography\COVID-19_Radiography_Dataset\COVID\images\COVID-304.png
data\processed\labelled_4232\COVID\images\COVID-2861.png,COVID,data\raw\radiography\COVID-19_Radiography_Dataset\COVID\images\COVID-2861.png
data\processed\labelled_4232\COVID\images\COVID-1575.png,COVID,data\raw\radiography\COVID-19_Radiography_Dataset\COVID\images\COVID-1575.png
data\processed\labelled_4232\COVID\images\COVID-2910.png,COVID,data\raw\radiography\COVID-19_Radiography_Dataset\COVID\images\COVID-2910.png
data\processed\labelled_4232\COVID\images\COVID-3514.png,COVID,data\raw\radiography\COVID-19_Radiography_Dataset\COVID\images\COVID-3514.png
data\processed\labelled_4232\COVID\images\COVID-635.png,COVID,data\raw\radiography\COVID-19_Radiography_Dataset\COVID\images\COVID-635.png
data\processed\labelled_4232\COVID\images\COVID-3120.png,COVID,data\raw\radiography\COVID-19_Radiography_Dataset\COVID\images\COVID-3120.png
data\processed\labelled_4232\COVID\images\COVID-2703.png,COVID,data\raw\radiography\COVID-19_Radiography_Dataset\COVID\images\COVID-2703.png
data\processed\labelled_4232\COVID\images\COVID-470.png,COVID,data\raw\radiography\COVID-19_Radiography_Dataset\COVID\images\COVID-470.png
data\processed\labelled_4232\COVID\images\COVID-3581.png,COVID,data\raw\radiography\COVID-19_Radiography_Dataset\COVID\images\COVID-3581.png
data\processed\labelled_4232\COVID\images\COVID-1951.png,COVID,data\raw\radiography\COVID-19_Radiography_Dataset\COVID\images\COVID-1951.png
data\processed\labelled_4232\COVID\images\COVID-1600.png,COVID,data\raw\radiography\COVID-19_Radiography_Dataset\COVID\images\COVID-1600.png
data\processed\labelled_4232\COVID\images\COVID-2741.png,COVID,data\raw\radiography\COVID-19_Radiography_Dataset\COVID\images\COVID-2741.png
data\processed\labelled_4232\COVID\images\COVID-2589.png,COVID,data\raw\radiography\COVID-19_Radiography_Dataset\COVID\images\COVID-2589.png
data\processed\labelled_4232\COVID\images\COVID-1495.png,COVID,data\raw\radiography\COVID-19_Radiography_Dataset\COVID\images\COVID-1495.png
data\processed\labelled_4232\COVID\images\COVID-3133.png,COVID,data\raw\radiography\COVID-19_Radiography_Dataset\COVID\images\COVID-3133.png
data\processed\labelled_4232\COVID\images\COVID-3289.png,COVID,data\raw\radiography\COVID-19_Radiography_Dataset\COVID\images\COVID-3289.png
data\processed\labelled_4232\COVID\images\COVID-454.png,COVID,data\raw\radiography\COVID-19_Radiography_Dataset\COVID\images\COVID-454.png
data\processed\labelled_4232\COVID\images\COVID-2702.png,COVID,data\raw\radiography\COVID-19_Radiography_Dataset\COVID\images\COVID-2702.png
data\processed\labelled_4232\COVID\images\COVID-1294.png,COVID,data\raw\radiography\COVID-19_Radiography_Dataset\COVID\images\COVID-1294.png
data\processed\labelled_4232\COVID\images\COVID-342.png,COVID,data\raw\radiography\COVID-19_Radiography_Dataset\COVID\images\COVID-342.png
data\processed\labelled_4232\COVID\images\COVID-666.png,COVID,data\raw\radiography\COVID-19_Radiography_Dataset\COVID\images\COVID-666.png
data\processed\labelled_4232\COVID\images\COVID-1435.png,COVID,data\raw\radiography\COVID-19_Radiography_Dataset\COVID\images\COVID-1435.png
data\processed\labelled_4232\COVID\images\COVID-2697.png,COVID,data\raw\radiography\COVID-19_Radiography_Dataset\COVID\images\COVID-2697.png
data\processed\labelled_4232\COVID\images\COVID-1057.png,COVID,data\raw\radiography\COVID-19_Radiography_Dataset\COVID\images\COVID-1057.png
data\processed\labelled_4232\COVID\images\COVID-1629.png,COVID,data\raw\radiography\COVID-19_Radiography_Dataset\COVID\images\COVID-1629.png
data\processed\labelled_4232\COVID\images\COVID-2013.png,COVID,data\raw\radiography\COVID-19_Radiography_Dataset\COVID\images\COVID-2013.png
data\processed\labelled_4232\COVID\images\COVID-1487.png,COVID,data\raw\radiography\COVID-19_Radiography_Dataset\COVID\images\COVID-1487.png
data\processed\labelled_4232\COVID\images\COVID-3308.png,COVID,data\raw\radiography\COVID-19_Radiography_Dataset\COVID\images\COVID-3308.png
data\processed\labelled_4232\COVID\images\COVID-1216.png,COVID,data\raw\radiography\COVID-19_Radiography_Dataset\COVID\images\COVID-1216.png
data\processed\labelled_4232\COVID\images\COVID-2282.png,COVID,data\raw\radiography\COVID-19_Radiography_Dataset\COVID\images\COVID-2282.png
data\processed\labelled_4232\COVID\images\COVID-3225.png,COVID,data\raw\radiography\COVID-19_Radiography_Dataset\COVID\images\COVID-3225.png
data\processed\labelled_4232\COVID\images\COVID-3522.png,COVID,data\raw\radiography\COVID-19_Radiography_Dataset\COVID\images\COVID-3522.png
data\processed\labelled_4232\COVID\images\COVID-93.png,COVID,data\raw\radiography\COVID-19_Radiography_Dataset\COVID\images\COVID-93.png
data\processed\labelled_4232\COVID\images\COVID-2103.png,COVID,data\raw\radiography\COVID-19_Radiography_Dataset\COVID\images\COVID-2103.png
data\processed\labelled_4232\COVID\images\COVID-361.png,COVID,data\raw\radiography\COVID-19_Radiography_Dataset\COVID\images\COVID-361.png
data\processed\labelled_4232\COVID\images\COVID-3267.png,COVID,data\raw\radiography\COVID-19_Radiography_Dataset\COVID\images\COVID-3267.png
data\processed\labelled_4232\COVID\images\COVID-2084.png,COVID,data\raw\radiography\COVID-19_Radiography_Dataset\COVID\images\COVID-2084.png
data\processed\labelled_4232\COVID\images\COVID-1839.png,COVID,data\raw\radiography\COVID-19_Radiography_Dataset\COVID\images\COVID-1839.png
data\processed\labelled_4232\COVID\images\COVID-2746.png,COVID,data\raw\radiography\COVID-19_Radiography_Dataset\COVID\images\COVID-2746.png
data\processed\labelled_4232\COVID\images\COVID-3359.png,COVID,data\raw\radiography\COVID-19_Radiography_Dataset\COVID\images\COVID-3359.png
data\processed\labelled_4232\COVID\images\COVID-2679.png,COVID,data\raw\radiography\COVID-19_Radiography_Dataset\COVID\images\COVID-2679.png
data\processed\labelled_4232\COVID\images\COVID-3380.png,COVID,data\raw\radiography\COVID-19_Radiography_Dataset\COVID\images\COVID-3380.png
data\processed\labelled_4232\COVID\images\COVID-1010.png,COVID,data\raw\radiography\COVID-19_Radiography_Dataset\COVID\images\COVID-1010.png
data\processed\labelled_4232\COVID\images\COVID-2494.png,COVID,data\raw\radiography\COVID-19_Radiography_Dataset\COVID\images\COVID-2494.png
data\processed\labelled_4232\COVID\images\COVID-1163.png,COVID,data\raw\radiography\COVID-19_Radiography_Dataset\COVID\images\COVID-1163.png
data\processed\labelled_4232\COVID\images\COVID-2331.png,COVID,data\raw\radiography\COVID-19_Radiography_Dataset\COVID\images\COVID-2331.png
data\processed\labelled_4232\COVID\images\COVID-1755.png,COVID,data\raw\radiography\COVID-19_Radiography_Dataset\COVID\images\COVID-1755.png
data\processed\labelled_4232\COVID\images\COVID-2139.png,COVID,data\raw\radiography\COVID-19_Radiography_Dataset\COVID\images\COVID-2139.png
data\processed\labelled_4232\COVID\images\COVID-2226.png,COVID,data\raw\radiography\COVID-19_Radiography_Dataset\COVID\images\COVID-2226.png
data\processed\labelled_4232\COVID\images\COVID-1880.png,COVID,data\raw\radiography\COVID-19_Radiography_Dataset\COVID\images\COVID-1880.png
data\processed\labelled_4232\COVID\images\COVID-159.png,COVID,data\raw\radiography\COVID-19_Radiography_Dataset\COVID\images\COVID-159.png
data\processed\labelled_4232\COVID\images\COVID-2110.png,COVID,data\raw\radiography\COVID-19_Radiography_Dataset\COVID\images\COVID-2110.png
data\processed\labelled_4232\COVID\images\COVID-1027.png,COVID,data\raw\radiography\COVID-19_Radiography_Dataset\COVID\images\COVID-1027.png
data\processed\labelled_4232\COVID\images\COVID-2477.png,COVID,data\raw\radiography\COVID-19_Radiography_Dataset\COVID\images\COVID-2477.png
data\processed\labelled_4232\COVID\images\COVID-3375.png,COVID,data\raw\radiography\COVID-19_Radiography_Dataset\COVID\images\COVID-3375.png
data\processed\labelled_4232\COVID\images\COVID-3399.png,COVID,data\raw\radiography\COVID-19_Radiography_Dataset\COVID\images\COVID-3399.png
data\processed\labelled_4232\COVID\images\COVID-1599.png,COVID,data\raw\radiography\COVID-19_Radiography_Dataset\COVID\images\COVID-1599.png
data\processed\labelled_4232\COVID\images\COVID-539.png,COVID,data\raw\radiography\COVID-19_Radiography_Dataset\COVID\images\COVID-539.png
data\processed\labelled_4232\COVID\images\COVID-1275.png,COVID,data\raw\radiography\COVID-19_Radiography_Dataset\COVID\images\COVID-1275.png
data\processed\labelled_4232\COVID\images\COVID-2960.png,COVID,data\raw\radiography\COVID-19_Radiography_Dataset\COVID\images\COVID-2960.png
data\processed\labelled_4232\COVID\images\COVID-2810.png,COVID,data\raw\radiography\COVID-19_Radiography_Dataset\COVID\images\COVID-2810.png
data\processed\labelled_4232\COVID\images\COVID-3151.png,COVID,data\raw\radiography\COVID-19_Radiography_Dataset\COVID\images\COVID-3151.png
data\processed\labelled_4232\COVID\images\COVID-1841.png,COVID,data\raw\radiography\COVID-19_Radiography_Dataset\COVID\images\COVID-1841.png
data\processed\labelled_4232\COVID\images\COVID-1873.png,COVID,data\raw\radiography\COVID-19_Radiography_Dataset\COVID\images\COVID-1873.png
data\processed\labelled_4232\COVID\images\COVID-1190.png,COVID,data\raw\radiography\COVID-19_Radiography_Dataset\COVID\images\COVID-1190.png
data\processed\labelled_4232\COVID\images\COVID-510.png,COVID,data\raw\radiography\COVID-19_Radiography_Dataset\COVID\images\COVID-510.png
data\processed\labelled_4232\COVID\images\COVID-2006.png,COVID,data\raw\radiography\COVID-19_Radiography_Dataset\COVID\images\COVID-2006.png
data\processed\labelled_4232\COVID\images\COVID-227.png,COVID,data\raw\radiography\COVID-19_Radiography_Dataset\COVID\images\COVID-227.png
data\processed\labelled_4232\COVID\images\COVID-1331.png,COVID,data\raw\radiography\COVID-19_Radiography_Dataset\COVID\images\COVID-1331.png
data\processed\labelled_4232\COVID\images\COVID-1781.png,COVID,data\raw\radiography\COVID-19_Radiography_Dataset\COVID\images\COVID-1781.png
data\processed\labelled_4232\COVID\images\COVID-25.png,COVID,data\raw\radiography\COVID-19_Radiography_Dataset\COVID\images\COVID-25.png
data\processed\labelled_4232\COVID\images\COVID-1654.png,COVID,data\raw\radiography\COVID-19_Radiography_Dataset\COVID\images\COVID-1654.png
data\processed\labelled_4232\COVID\images\COVID-2216.png,COVID,data\raw\radiography\COVID-19_Radiography_Dataset\COVID\images\COVID-2216.png
data\processed\labelled_4232\COVID\images\COVID-3161.png,COVID,data\raw\radiography\COVID-19_Radiography_Dataset\COVID\images\COVID-3161.png
data\processed\labelled_4232\COVID\images\COVID-2292.png,COVID,data\raw\radiography\COVID-19_Radiography_Dataset\COVID\images\COVID-2292.png
data\processed\labelled_4232\COVID\images\COVID-1543.png,COVID,data\raw\radiography\COVID-19_Radiography_Dataset\COVID\images\COVID-1543.png
data\processed\labelled_4232\COVID\images\COVID-3144.png,COVID,data\raw\radiography\COVID-19_Radiography_Dataset\COVID\images\COVID-3144.png
data\processed\labelled_4232\COVID\images\COVID-340.png,COVID,data\raw\radiography\COVID-19_Radiography_Dataset\COVID\images\COVID-340.png
data\processed\labelled_4232\COVID\images\COVID-3011.png,COVID,data\raw\radiography\COVID-19_Radiography_Dataset\COVID\images\COVID-3011.png
data\processed\labelled_4232\COVID\images\COVID-860.png,COVID,data\raw\radiography\COVID-19_Radiography_Dataset\COVID\images\COVID-860.png
data\processed\labelled_4232\COVID\images\COVID-3599.png,COVID,data\raw\radiography\COVID-19_Radiography_Dataset\COVID\images\COVID-3599.png
data\processed\labelled_4232\COVID\images\COVID-1659.png,COVID,data\raw\radiography\COVID-19_Radiography_Dataset\COVID\images\COVID-1659.png
data\processed\labelled_4232\COVID\images\COVID-737.png,COVID,data\raw\radiography\COVID-19_Radiography_Dataset\COVID\images\COVID-737.png
data\processed\labelled_4232\COVID\images\COVID-2999.png,COVID,data\raw\radiography\COVID-19_Radiography_Dataset\COVID\images\COVID-2999.png
data\processed\labelled_4232\COVID\images\COVID-446.png,COVID,data\raw\radiography\COVID-19_Radiography_Dataset\COVID\images\COVID-446.png
data\processed\labelled_4232\COVID\images\COVID-2717.png,COVID,data\raw\radiography\COVID-19_Radiography_Dataset\COVID\images\COVID-2717.png
data\processed\labelled_4232\COVID\images\COVID-1092.png,COVID,data\raw\radiography\COVID-19_Radiography_Dataset\COVID\images\COVID-1092.png
data\processed\labelled_4232\COVID\images\COVID-672.png,COVID,data\raw\radiography\COVID-19_Radiography_Dataset\COVID\images\COVID-672.png
data\processed\labelled_4232\COVID\images\COVID-3022.png,COVID,data\raw\radiography\COVID-19_Radiography_Dataset\COVID\images\COVID-3022.png
data\processed\labelled_4232\COVID\images\COVID-1202.png,COVID,data\raw\radiography\COVID-19_Radiography_Dataset\COVID\images\COVID-1202.png
data\processed\labelled_4232\COVID\images\COVID-14.png,COVID,data\raw\radiography\COVID-19_Radiography_Dataset\COVID\images\COVID-14.png
data\processed\labelled_4232\COVID\images\COVID-761.png,COVID,data\raw\radiography\COVID-19_Radiography_Dataset\COVID\images\COVID-761.png
data\processed\labelled_4232\COVID\images\COVID-680.png,COVID,data\raw\radiography\COVID-19_Radiography_Dataset\COVID\images\COVID-680.png
data\processed\labelled_4232\COVID\images\COVID-419.png,COVID,data\raw\radiography\COVID-19_Radiography_Dataset\COVID\images\COVID-419.png
data\processed\labelled_4232\COVID\images\COVID-3373.png,COVID,data\raw\radiography\COVID-19_Radiography_Dataset\COVID\images\COVID-3373.png
data\processed\labelled_4232\COVID\images\COVID-2696.png,COVID,data\raw\radiography\COVID-19_Radiography_Dataset\COVID\images\COVID-2696.png
data\processed\labelled_4232\COVID\images\COVID-2443.png,COVID,data\raw\radiography\COVID-19_Radiography_Dataset\COVID\images\COVID-2443.png
data\processed\labelled_4232\COVID\images\COVID-3419.png,COVID,data\raw\radiography\COVID-19_Radiography_Dataset\COVID\images\COVID-3419.png
data\processed\labelled_4232\COVID\images\COVID-3330.png,COVID,data\raw\radiography\COVID-19_Radiography_Dataset\COVID\images\COVID-3330.png
data\processed\labelled_4232\COVID\images\COVID-817.png,COVID,data\raw\radiography\COVID-19_Radiography_Dataset\COVID\images\COVID-817.png
data\processed\labelled_4232\COVID\images\COVID-3081.png,COVID,data\raw\radiography\COVID-19_Radiography_Dataset\COVID\images\COVID-3081.png
data\processed\labelled_4232\COVID\images\COVID-83.png,COVID,data\raw\radiography\COVID-19_Radiography_Dataset\COVID\images\COVID-83.png
data\processed\labelled_4232\COVID\images\COVID-624.png,COVID,data\raw\radiography\COVID-19_Radiography_Dataset\COVID\images\COVID-624.png
data\processed\labelled_4232\COVID\images\COVID-2597.png,COVID,data\raw\radiography\COVID-19_Radiography_Dataset\COVID\images\COVID-2597.png
data\processed\labelled_4232\COVID\images\COVID-341.png,COVID,data\raw\radiography\COVID-19_Radiography_Dataset\COVID\images\COVID-341.png
data\processed\labelled_4232\COVID\images\COVID-2259.png,COVID,data\raw\radiography\COVID-19_Radiography_Dataset\COVID\images\COVID-2259.png
data\processed\labelled_4232\COVID\images\COVID-2723.png,COVID,data\raw\radiography\COVID-19_Radiography_Dataset\COVID\images\COVID-2723.png
data\processed\labelled_4232\COVID\images\COVID-951.png,COVID,data\raw\radiography\COVID-19_Radiography_Dataset\COVID\images\COVID-951.png
data\processed\labelled_4232\COVID\images\COVID-1313.png,COVID,data\raw\radiography\COVID-19_Radiography_Dataset\COVID\images\COVID-1313.png
data\processed\labelled_4232\COVID\images\COVID-819.png,COVID,data\raw\radiography\COVID-19_Radiography_Dataset\COVID\images\COVID-819.png
data\processed\labelled_4232\COVID\images\COVID-3221.png,COVID,data\raw\radiography\COVID-19_Radiography_Dataset\COVID\images\COVID-3221.png
data\processed\labelled_4232\COVID\images\COVID-573.png,COVID,data\raw\radiography\COVID-19_Radiography_Dataset\COVID\images\COVID-573.png
data\processed\labelled_4232\COVID\images\COVID-1709.png,COVID,data\raw\radiography\COVID-19_Radiography_Dataset\COVID\images\COVID-1709.png
data\processed\labelled_4232\COVID\images\COVID-1371.png,COVID,data\raw\radiography\COVID-19_Radiography_Dataset\COVID\images\COVID-1371.png
data\processed\labelled_4232\COVID\images\COVID-2022.png,COVID,data\raw\radiography\COVID-19_Radiography_Dataset\COVID\images\COVID-2022.png
data\processed\labelled_4232\COVID\images\COVID-1008.png,COVID,data\raw\radiography\COVID-19_Radiography_Dataset\COVID\images\COVID-1008.png
data\processed\labelled_4232\COVID\images\COVID-4.png,COVID,data\raw\radiography\COVID-19_Radiography_Dataset\COVID\images\COVID-4.png
data\processed\labelled_4232\COVID\images\COVID-2825.png,COVID,data\raw\radiography\COVID-19_Radiography_Dataset\COVID\images\COVID-2825.png
data\processed\labelled_4232\COVID\images\COVID-1276.png,COVID,data\raw\radiography\COVID-19_Radiography_Dataset\COVID\images\COVID-1276.png
data\processed\labelled_4232\COVID\images\COVID-3445.png,COVID,data\raw\radiography\COVID-19_Radiography_Dataset\COVID\images\COVID-3445.png
data\processed\labelled_4232\COVID\images\COVID-1615.png,COVID,data\raw\radiography\COVID-19_Radiography_Dataset\COVID\images\COVID-1615.png
data\processed\labelled_4232\COVID\images\COVID-2156.png,COVID,data\raw\radiography\COVID-19_Radiography_Dataset\COVID\images\COVID-2156.png
data\processed\labelled_4232\COVID\images\COVID-2780.png,COVID,data\raw\radiography\COVID-19_Radiography_Dataset\COVID\images\COVID-2780.png
data\processed\labelled_4232\COVID\images\COVID-138.png,COVID,data\raw\radiography\COVID-19_Radiography_Dataset\COVID\images\COVID-138.png
data\processed\labelled_4232\COVID\images\COVID-667.png,COVID,data\raw\radiography\COVID-19_Radiography_Dataset\COVID\images\COVID-667.png
data\processed\labelled_4232\COVID\images\COVID-2111.png,COVID,data\raw\radiography\COVID-19_Radiography_Dataset\COVID\images\COVID-2111.png
data\processed\labelled_4232\COVID\images\COVID-2026.png,COVID,data\raw\radiography\COVID-19_Radiography_Dataset\COVID\images\COVID-2026.png
data\processed\labelled_4232\COVID\images\COVID-2479.png,COVID,data\raw\radiography\COVID-19_Radiography_Dataset\COVID\images\COVID-2479.png
data\processed\labelled_4232\COVID\images\COVID-1224.png,COVID,data\raw\radiography\COVID-19_Radiography_Dataset\COVID\images\COVID-1224.png
data\processed\labelled_4232\COVID\images\COVID-1800.png,COVID,data\raw\radiography\COVID-19_Radiography_Dataset\COVID\images\COVID-1800.png
data\processed\labelled_4232\COVID\images\COVID-760.png,COVID,data\raw\radiography\COVID-19_Radiography_Dataset\COVID\images\COVID-760.png
data\processed\labelled_4232\COVID\images\COVID-1129.png,COVID,data\raw\radiography\COVID-19_Radiography_Dataset\COVID\images\COVID-1129.png
data\processed\labelled_4232\COVID\images\COVID-1936.png,COVID,data\raw\radiography\COVID-19_Radiography_Dataset\COVID\images\COVID-1936.png
data\processed\labelled_4232\COVID\images\COVID-1352.png,COVID,data\raw\radiography\COVID-19_Radiography_Dataset\COVID\images\COVID-1352.png
data\processed\labelled_4232\COVID\images\COVID-1928.png,COVID,data\raw\radiography\COVID-19_Radiography_Dataset\COVID\images\COVID-1928.png
data\processed\labelled_4232\COVID\images\COVID-2218.png,COVID,data\raw\radiography\COVID-19_Radiography_Dataset\COVID\images\COVID-2218.png
data\processed\labelled_4232\COVID\images\COVID-1661.png,COVID,data\raw\radiography\COVID-19_Radiography_Dataset\COVID\images\COVID-1661.png
data\processed\labelled_4232\COVID\images\COVID-473.png,COVID,data\raw\radiography\COVID-19_Radiography_Dataset\COVID\images\COVID-473.png
data\processed\labelled_4232\COVID\images\COVID-3072.png,COVID,data\raw\radiography\COVID-19_Radiography_Dataset\COVID\images\COVID-3072.png
data\processed\labelled_4232\COVID\images\COVID-1483.png,COVID,data\raw\radiography\COVID-19_Radiography_Dataset\COVID\images\COVID-1483.png
data\processed\labelled_4232\COVID\images\COVID-2034.png,COVID,data\raw\radiography\COVID-19_Radiography_Dataset\COVID\images\COVID-2034.png
data\processed\labelled_4232\COVID\images\COVID-3543.png,COVID,data\raw\radiography\COVID-19_Radiography_Dataset\COVID\images\COVID-3543.png
data\processed\labelled_4232\COVID\images\COVID-294.png,COVID,data\raw\radiography\COVID-19_Radiography_Dataset\COVID\images\COVID-294.png
data\processed\labelled_4232\COVID\images\COVID-2543.png,COVID,data\raw\radiography\COVID-19_Radiography_Dataset\COVID\images\COVID-2543.png
data\processed\labelled_4232\COVID\images\COVID-3441.png,COVID,data\raw\radiography\COVID-19_Radiography_Dataset\COVID\images\COVID-3441.png
data\processed\labelled_4232\COVID\images\COVID-2173.png,COVID,data\raw\radiography\COVID-19_Radiography_Dataset\COVID\images\COVID-2173.png
data\processed\labelled_4232\COVID\images\COVID-787.png,COVID,data\raw\radiography\COVID-19_Radiography_Dataset\COVID\images\COVID-787.png
data\processed\labelled_4232\COVID\images\COVID-2745.png,COVID,data\raw\radiography\COVID-19_Radiography_Dataset\COVID\images\COVID-2745.png
data\processed\labelled_4232\COVID\images\COVID-2813.png,COVID,data\raw\radiography\COVID-19_Radiography_Dataset\COVID\images\COVID-2813.png
data\processed\labelled_4232\COVID\images\COVID-2271.png,COVID,data\raw\radiography\COVID-19_Radiography_Dataset\COVID\images\COVID-2271.png
data\processed\labelled_4232\COVID\images\COVID-3437.png,COVID,data\raw\radiography\COVID-19_Radiography_Dataset\COVID\images\COVID-3437.png
data\processed\labelled_4232\COVID\images\COVID-495.png,COVID,data\raw\radiography\COVID-19_Radiography_Dataset\COVID\images\COVID-495.png
data\processed\labelled_4232\COVID\images\COVID-3551.png,COVID,data\raw\radiography\COVID-19_Radiography_Dataset\COVID\images\COVID-3551.png
data\processed\labelled_4232\COVID\images\COVID-2663.png,COVID,data\raw\radiography\COVID-19_Radiography_Dataset\COVID\images\COVID-2663.png
data\processed\labelled_4232\Viral_Pneumonia\images\Viral Pneumonia-978.png,Viral_Pneumonia,data\raw\radiography\COVID-19_Radiography_Dataset\Viral Pneumonia\images\Viral Pneumonia-978.png
data\processed\labelled_4232\Viral_Pneumonia\images\Viral Pneumonia-752.png,Viral_Pneumonia,data\raw\radiography\COVID-19_Radiography_Dataset\Viral Pneumonia\images\Viral Pneumonia-752.png
data\processed\labelled_4232\Viral_Pneumonia\images\Viral Pneumonia-771.png,Viral_Pneumonia,data\raw\radiography\COVID-19_Radiography_Dataset\Viral Pneumonia\images\Viral Pneumonia-771.png
data\processed\labelled_4232\Viral_Pneumonia\images\Viral Pneumonia-198.png,Viral_Pneumonia,data\raw\radiography\COVID-19_Radiography_Dataset\Viral Pneumonia\images\Viral Pneumonia-198.png
data\processed\labelled_4232\Viral_Pneumonia\images\Viral Pneumonia-1193.png,Viral_Pneumonia,data\raw\radiography\COVID-19_Radiography_Dataset\Viral Pneumonia\images\Viral Pneumonia-1193.png
data\processed\labelled_4232\Viral_Pneumonia\images\Viral Pneumonia-891.png,Viral_Pneumonia,data\raw\radiography\COVID-19_Radiography_Dataset\Viral Pneumonia\images\Viral Pneumonia-891.png
data\processed\labelled_4232\Viral_Pneumonia\images\Viral Pneumonia-904.png,Viral_Pneumonia,data\raw\radiography\COVID-19_Radiography_Dataset\Viral Pneumonia\images\Viral Pneumonia-904.png
data\processed\labelled_4232\Viral_Pneumonia\images\Viral Pneumonia-286.png,Viral_Pneumonia,data\raw\radiography\COVID-19_Radiography_Dataset\Viral Pneumonia\images\Viral Pneumonia-286.png
data\processed\labelled_4232\Viral_Pneumonia\images\Viral Pneumonia-723.png,Viral_Pneumonia,data\raw\radiography\COVID-19_Radiography_Dataset\Viral Pneumonia\images\Viral Pneumonia-723.png
data\processed\labelled_4232\Viral_Pneumonia\images\Viral Pneumonia-576.png,Viral_Pneumonia,data\raw\radiography\COVID-19_Radiography_Dataset\Viral Pneumonia\images\Viral Pneumonia-576.png
data\processed\labelled_4232\Viral_Pneumonia\images\Viral Pneumonia-424.png,Viral_Pneumonia,data\raw\radiography\COVID-19_Radiography_Dataset\Viral Pneumonia\images\Viral Pneumonia-424.png
data\processed\labelled_4232\Viral_Pneumonia\images\Viral Pneumonia-939.png,Viral_Pneumonia,data\raw\radiography\COVID-19_Radiography_Dataset\Viral Pneumonia\images\Viral Pneumonia-939.png
data\processed\labelled_4232\Viral_Pneumonia\images\Viral Pneumonia-86.png,Viral_Pneumonia,data\raw\radiography\COVID-19_Radiography_Dataset\Viral Pneumonia\images\Viral Pneumonia-86.png
data\processed\labelled_4232\Viral_Pneumonia\images\Viral Pneumonia-450.png,Viral_Pneumonia,data\raw\radiography\COVID-19_Radiography_Dataset\Viral Pneumonia\images\Viral Pneumonia-450.png
data\processed\labelled_4232\Viral_Pneumonia\images\Viral Pneumonia-373.png,Viral_Pneumonia,data\raw\radiography\COVID-19_Radiography_Dataset\Viral Pneumonia\images\Viral Pneumonia-373.png
data\processed\labelled_4232\Viral_Pneumonia\images\Viral Pneumonia-474.png,Viral_Pneumonia,data\raw\radiography\COVID-19_Radiography_Dataset\Viral Pneumonia\images\Viral Pneumonia-474.png
data\processed\labelled_4232\Viral_Pneumonia\images\Viral Pneumonia-1214.png,Viral_Pneumonia,data\raw\radiography\COVID-19_Radiography_Dataset\Viral Pneumonia\images\Viral Pneumonia-1214.png
data\processed\labelled_4232\Viral_Pneumonia\images\Viral Pneumonia-341.png,Viral_Pneumonia,data\raw\radiography\COVID-19_Radiography_Dataset\Viral Pneumonia\images\Viral Pneumonia-341.png
data\processed\labelled_4232\Viral_Pneumonia\images\Viral Pneumonia-132.png,Viral_Pneumonia,data\raw\radiography\COVID-19_Radiography_Dataset\Viral Pneumonia\images\Viral Pneumonia-132.png
data\processed\labelled_4232\Viral_Pneumonia\images\Viral Pneumonia-1.png,Viral_Pneumonia,data\raw\radiography\COVID-19_Radiography_Dataset\Viral Pneumonia\images\Viral Pneumonia-1.png
data\processed\labelled_4232\Viral_Pneumonia\images\Viral Pneumonia-297.png,Viral_Pneumonia,data\raw\radiography\COVID-19_Radiography_Dataset\Viral Pneumonia\images\Viral Pneumonia-297.png
data\processed\labelled_4232\Viral_Pneumonia\images\Viral Pneumonia-56.png,Viral_Pneumonia,data\raw\radiography\COVID-19_Radiography_Dataset\Viral Pneumonia\images\Viral Pneumonia-56.png
data\processed\labelled_4232\Viral_Pneumonia\images\Viral Pneumonia-716.png,Viral_Pneumonia,data\raw\radiography\COVID-19_Radiography_Dataset\Viral Pneumonia\images\Viral Pneumonia-716.png
data\processed\labelled_4232\Viral_Pneumonia\images\Viral Pneumonia-127.png,Viral_Pneumonia,data\raw\radiography\COVID-19_Radiography_Dataset\Viral Pneumonia\images\Viral Pneumonia-127.png
data\processed\labelled_4232\Viral_Pneumonia\images\Viral Pneumonia-1212.png,Viral_Pneumonia,data\raw\radiography\COVID-19_Radiography_Dataset\Viral Pneumonia\images\Viral Pneumonia-1212.png
data\processed\labelled_4232\Viral_Pneumonia\images\Viral Pneumonia-869.png,Viral_Pneumonia,data\raw\radiography\COVID-19_Radiography_Dataset\Viral Pneumonia\images\Viral Pneumonia-869.png
data\processed\labelled_4232\Viral_Pneumonia\images\Viral Pneumonia-945.png,Viral_Pneumonia,data\raw\radiography\COVID-19_Radiography_Dataset\Viral Pneumonia\images\Viral Pneumonia-945.png
data\processed\labelled_4232\Viral_Pneumonia\images\Viral Pneumonia-737.png,Viral_Pneumonia,data\raw\radiography\COVID-19_Radiography_Dataset\Viral Pneumonia\images\Viral Pneumonia-737.png
data\processed\labelled_4232\Viral_Pneumonia\images\Viral Pneumonia-989.png,Viral_Pneumonia,data\raw\radiography\COVID-19_Radiography_Dataset\Viral Pneumonia\images\Viral Pneumonia-989.png
data\processed\labelled_4232\Viral_Pneumonia\images\Viral Pneumonia-592.png,Viral_Pneumonia,data\raw\radiography\COVID-19_Radiography_Dataset\Viral Pneumonia\images\Viral Pneumonia-592.png
data\processed\labelled_4232\Viral_Pneumonia\images\Viral Pneumonia-1292.png,Viral_Pneumonia,data\raw\radiography\COVID-19_Radiography_Dataset\Viral Pneumonia\images\Viral Pneumonia-1292.png
data\processed\labelled_4232\Viral_Pneumonia\images\Viral Pneumonia-1106.png,Viral_Pneumonia,data\raw\radiography\COVID-19_Radiography_Dataset\Viral Pneumonia\images\Viral Pneumonia-1106.png
data\processed\labelled_4232\Viral_Pneumonia\images\Viral Pneumonia-950.png,Viral_Pneumonia,data\raw\radiography\COVID-19_Radiography_Dataset\Viral Pneumonia\images\Viral Pneumonia-950.png
data\processed\labelled_4232\Viral_Pneumonia\images\Viral Pneumonia-745.png,Viral_Pneumonia,data\raw\radiography\COVID-19_Radiography_Dataset\Viral Pneumonia\images\Viral Pneumonia-745.png
data\processed\labelled_4232\Viral_Pneumonia\images\Viral Pneumonia-361.png,Viral_Pneumonia,data\raw\radiography\COVID-19_Radiography_Dataset\Viral Pneumonia\images\Viral Pneumonia-361.png
data\processed\labelled_4232\Viral_Pneumonia\images\Viral Pneumonia-1058.png,Viral_Pneumonia,data\raw\radiography\COVID-19_Radiography_Dataset\Viral Pneumonia\images\Viral Pneumonia-1058.png
data\processed\labelled_4232\Viral_Pneumonia\images\Viral Pneumonia-1200.png,Viral_Pneumonia,data\raw\radiography\COVID-19_Radiography_Dataset\Viral Pneumonia\images\Viral Pneumonia-1200.png
data\processed\labelled_4232\Viral_Pneumonia\images\Viral Pneumonia-724.png,Viral_Pneumonia,data\raw\radiography\COVID-19_Radiography_Dataset\Viral Pneumonia\images\Viral Pneumonia-724.png
data\processed\labelled_4232\Viral_Pneumonia\images\Viral Pneumonia-557.png,Viral_Pneumonia,data\raw\radiography\COVID-19_Radiography_Dataset\Viral Pneumonia\images\Viral Pneumonia-557.png
data\processed\labelled_4232\Viral_Pneumonia\images\Viral Pneumonia-1124.png,Viral_Pneumonia,data\raw\radiography\COVID-19_Radiography_Dataset\Viral Pneumonia\images\Viral Pneumonia-1124.png
data\processed\labelled_4232\Viral_Pneumonia\images\Viral Pneumonia-75.png,Viral_Pneumonia,data\raw\radiography\COVID-19_Radiography_Dataset\Viral Pneumonia\images\Viral Pneumonia-75.png
data\processed\labelled_4232\Viral_Pneumonia\images\Viral Pneumonia-172.png,Viral_Pneumonia,data\raw\radiography\COVID-19_Radiography_Dataset\Viral Pneumonia\images\Viral Pneumonia-172.png
data\processed\labelled_4232\Viral_Pneumonia\images\Viral Pneumonia-625.png,Viral_Pneumonia,data\raw\radiography\COVID-19_Radiography_Dataset\Viral Pneumonia\images\Viral Pneumonia-625.png
data\processed\labelled_4232\Viral_Pneumonia\images\Viral Pneumonia-428.png,Viral_Pneumonia,data\raw\radiography\COVID-19_Radiography_Dataset\Viral Pneumonia\images\Viral Pneumonia-428.png
data\processed\labelled_4232\Viral_Pneumonia\images\Viral Pneumonia-21.png,Viral_Pneumonia,data\raw\radiography\COVID-19_Radiography_Dataset\Viral Pneumonia\images\Viral Pneumonia-21.png
data\processed\labelled_4232\Viral_Pneumonia\images\Viral Pneumonia-419.png,Viral_Pneumonia,data\raw\radiography\COVID-19_Radiography_Dataset\Viral Pneumonia\images\Viral Pneumonia-419.png
data\processed\labelled_4232\Viral_Pneumonia\images\Viral Pneumonia-171.png,Viral_Pneumonia,data\raw\radiography\COVID-19_Radiography_Dataset\Viral Pneumonia\images\Viral Pneumonia-171.png
data\processed\labelled_4232\Viral_Pneumonia\images\Viral Pneumonia-328.png,Viral_Pneumonia,data\raw\radiography\COVID-19_Radiography_Dataset\Viral Pneumonia\images\Viral Pneumonia-328.png
data\processed\labelled_4232\Viral_Pneumonia\images\Viral Pneumonia-331.png,Viral_Pneumonia,data\raw\radiography\COVID-19_Radiography_Dataset\Viral Pneumonia\images\Viral Pneumonia-331.png
data\processed\labelled_4232\Viral_Pneumonia\images\Viral Pneumonia-1051.png,Viral_Pneumonia,data\raw\radiography\COVID-19_Radiography_Dataset\Viral Pneumonia\images\Viral Pneumonia-1051.png
data\processed\labelled_4232\Viral_Pneumonia\images\Viral Pneumonia-1254.png,Viral_Pneumonia,data\raw\radiography\COVID-19_Radiography_Dataset\Viral Pneumonia\images\Viral Pneumonia-1254.png
data\processed\labelled_4232\Viral_Pneumonia\images\Viral Pneumonia-558.png,Viral_Pneumonia,data\raw\radiography\COVID-19_Radiography_Dataset\Viral Pneumonia\images\Viral Pneumonia-558.png
data\processed\labelled_4232\Viral_Pneumonia\images\Viral Pneumonia-108.png,Viral_Pneumonia,data\raw\radiography\COVID-19_Radiography_Dataset\Viral Pneumonia\images\Viral Pneumonia-108.png
data\processed\labelled_4232\Viral_Pneumonia\images\Viral Pneumonia-665.png,Viral_Pneumonia,data\raw\radiography\COVID-19_Radiography_Dataset\Viral Pneumonia\images\Viral Pneumonia-665.png
data\processed\labelled_4232\Viral_Pneumonia\images\Viral Pneumonia-1309.png,Viral_Pneumonia,data\raw\radiography\COVID-19_Radiography_Dataset\Viral Pneumonia\images\Viral Pneumonia-1309.png
data\processed\labelled_4232\Viral_Pneumonia\images\Viral Pneumonia-381.png,Viral_Pneumonia,data\raw\radiography\COVID-19_Radiography_Dataset\Viral Pneumonia\images\Viral Pneumonia-381.png
data\processed\labelled_4232\Viral_Pneumonia\images\Viral Pneumonia-459.png,Viral_Pneumonia,data\raw\radiography\COVID-19_Radiography_Dataset\Viral Pneumonia\images\Viral Pneumonia-459.png
data\processed\labelled_4232\Viral_Pneumonia\images\Viral Pneumonia-1005.png,Viral_Pneumonia,data\raw\radiography\COVID-19_Radiography_Dataset\Viral Pneumonia\images\Viral Pneumonia-1005.png
data\processed\labelled_4232\Viral_Pneumonia\images\Viral Pneumonia-1099.png,Viral_Pneumonia,data\raw\radiography\COVID-19_Radiography_Dataset\Viral Pneumonia\images\Viral Pneumonia-1099.png
data\processed\labelled_4232\Viral_Pneumonia\images\Viral Pneumonia-902.png,Viral_Pneumonia,data\raw\radiography\COVID-19_Radiography_Dataset\Viral Pneumonia\images\Viral Pneumonia-902.png
data\processed\labelled_4232\Viral_Pneumonia\images\Viral Pneumonia-355.png,Viral_Pneumonia,data\raw\radiography\COVID-19_Radiography_Dataset\Viral Pneumonia\images\Viral Pneumonia-355.png
data\processed\labelled_4232\Viral_Pneumonia\images\Viral Pneumonia-903.png,Viral_Pneumonia,data\raw\radiography\COVID-19_Radiography_Dataset\Viral Pneumonia\images\Viral Pneumonia-903.png
data\processed\labelled_4232\Viral_Pneumonia\images\Viral Pneumonia-13.png,Viral_Pneumonia,data\raw\radiography\COVID-19_Radiography_Dataset\Viral Pneumonia\images\Viral Pneumonia-13.png
data\processed\labelled_4232\Viral_Pneumonia\images\Viral Pneumonia-95.png,Viral_Pneumonia,data\raw\radiography\COVID-19_Radiography_Dataset\Viral Pneumonia\images\Viral Pneumonia-95.png
data\processed\labelled_4232\Viral_Pneumonia\images\Viral Pneumonia-858.png,Viral_Pneumonia,data\raw\radiography\COVID-19_Radiography_Dataset\Viral Pneumonia\images\Viral Pneumonia-858.png
data\processed\labelled_4232\Viral_Pneumonia\images\Viral Pneumonia-1267.png,Viral_Pneumonia,data\raw\radiography\COVID-19_Radiography_Dataset\Viral Pneumonia\images\Viral Pneumonia-1267.png
data\processed\labelled_4232\Viral_Pneumonia\images\Viral Pneumonia-478.png,Viral_Pneumonia,data\raw\radiography\COVID-19_Radiography_Dataset\Viral Pneumonia\images\Viral Pneumonia-478.png
data\processed\labelled_4232\Viral_Pneumonia\images\Viral Pneumonia-436.png,Viral_Pneumonia,data\raw\radiography\COVID-19_Radiography_Dataset\Viral Pneumonia\images\Viral Pneumonia-436.png
data\processed\labelled_4232\Viral_Pneumonia\images\Viral Pneumonia-970.png,Viral_Pneumonia,data\raw\radiography\COVID-19_Radiography_Dataset\Viral Pneumonia\images\Viral Pneumonia-970.png
data\processed\labelled_4232\Viral_Pneumonia\images\Viral Pneumonia-768.png,Viral_Pneumonia,data\raw\radiography\COVID-19_Radiography_Dataset\Viral Pneumonia\images\Viral Pneumonia-768.png
data\processed\labelled_4232\Viral_Pneumonia\images\Viral Pneumonia-188.png,Viral_Pneumonia,data\raw\radiography\COVID-19_Radiography_Dataset\Viral Pneumonia\images\Viral Pneumonia-188.png
data\processed\labelled_4232\Viral_Pneumonia\images\Viral Pneumonia-714.png,Viral_Pneumonia,data\raw\radiography\COVID-19_Radiography_Dataset\Viral Pneumonia\images\Viral Pneumonia-714.png
data\processed\labelled_4232\Viral_Pneumonia\images\Viral Pneumonia-443.png,Viral_Pneumonia,data\raw\radiography\COVID-19_Radiography_Dataset\Viral Pneumonia\images\Viral Pneumonia-443.png
data\processed\labelled_4232\Viral_Pneumonia\images\Viral Pneumonia-302.png,Viral_Pneumonia,data\raw\radiography\COVID-19_Radiography_Dataset\Viral Pneumonia\images\Viral Pneumonia-302.png
data\processed\labelled_4232\Viral_Pneumonia\images\Viral Pneumonia-837.png,Viral_Pneumonia,data\raw\radiography\COVID-19_Radiography_Dataset\Viral Pneumonia\images\Viral Pneumonia-837.png
data\processed\labelled_4232\Viral_Pneumonia\images\Viral Pneumonia-1086.png,Viral_Pneumonia,data\raw\radiography\COVID-19_Radiography_Dataset\Viral Pneumonia\images\Viral Pneumonia-1086.png
data\processed\labelled_4232\Viral_Pneumonia\images\Viral Pneumonia-1213.png,Viral_Pneumonia,data\raw\radiography\COVID-19_Radiography_Dataset\Viral Pneumonia\images\Viral Pneumonia-1213.png
data\processed\labelled_4232\Viral_Pneumonia\images\Viral Pneumonia-990.png,Viral_Pneumonia,data\raw\radiography\COVID-19_Radiography_Dataset\Viral Pneumonia\images\Viral Pneumonia-990.png
data\processed\labelled_4232\Viral_Pneumonia\images\Viral Pneumonia-499.png,Viral_Pneumonia,data\raw\radiography\COVID-19_Radiography_Dataset\Viral Pneumonia\images\Viral Pneumonia-499.png
data\processed\labelled_4232\Viral_Pneumonia\images\Viral Pneumonia-868.png,Viral_Pneumonia,data\raw\radiography\COVID-19_Radiography_Dataset\Viral Pneumonia\images\Viral Pneumonia-868.png
data\processed\labelled_4232\Viral_Pneumonia\images\Viral Pneumonia-1036.png,Viral_Pneumonia,data\raw\radiography\COVID-19_Radiography_Dataset\Viral Pneumonia\images\Viral Pneumonia-1036.png
data\processed\labelled_4232\Viral_Pneumonia\images\Viral Pneumonia-233.png,Viral_Pneumonia,data\raw\radiography\COVID-19_Radiography_Dataset\Viral Pneumonia\images\Viral Pneumonia-233.png
data\processed\labelled_4232\Viral_Pneumonia\images\Viral Pneumonia-105.png,Viral_Pneumonia,data\raw\radiography\COVID-19_Radiography_Dataset\Viral Pneumonia\images\Viral Pneumonia-105.png
data\processed\labelled_4232\Viral_Pneumonia\images\Viral Pneumonia-1078.png,Viral_Pneumonia,data\raw\radiography\COVID-19_Radiography_Dataset\Viral Pneumonia\images\Viral Pneumonia-1078.png
data\processed\labelled_4232\Viral_Pneumonia\images\Viral Pneumonia-906.png,Viral_Pneumonia,data\raw\radiography\COVID-19_Radiography_Dataset\Viral Pneumonia\images\Viral Pneumonia-906.png
data\processed\labelled_4232\Viral_Pneumonia\images\Viral Pneumonia-104.png,Viral_Pneumonia,data\raw\radiography\COVID-19_Radiography_Dataset\Viral Pneumonia\images\Viral Pneumonia-104.png
data\processed\labelled_4232\Viral_Pneumonia\images\Viral Pneumonia-506.png,Viral_Pneumonia,data\raw\radiography\COVID-19_Radiography_Dataset\Viral Pneumonia\images\Viral Pneumonia-506.png
data\processed\labelled_4232\Viral_Pneumonia\images\Viral Pneumonia-823.png,Viral_Pneumonia,data\raw\radiography\COVID-19_Radiography_Dataset\Viral Pneumonia\images\Viral Pneumonia-823.png
data\processed\labelled_4232\Viral_Pneumonia\images\Viral Pneumonia-565.png,Viral_Pneumonia,data\raw\radiography\COVID-19_Radiography_Dataset\Viral Pneumonia\images\Viral Pneumonia-565.png
data\processed\labelled_4232\Viral_Pneumonia\images\Viral Pneumonia-129.png,Viral_Pneumonia,data\raw\radiography\COVID-19_Radiography_Dataset\Viral Pneumonia\images\Viral Pneumonia-129.png
data\processed\labelled_4232\Viral_Pneumonia\images\Viral Pneumonia-1125.png,Viral_Pneumonia,data\raw\radiography\COVID-19_Radiography_Dataset\Viral Pneumonia\images\Viral Pneumonia-1125.png
data\processed\labelled_4232\Viral_Pneumonia\images\Viral Pneumonia-860.png,Viral_Pneumonia,data\raw\radiography\COVID-19_Radiography_Dataset\Viral Pneumonia\images\Viral Pneumonia-860.png
data\processed\labelled_4232\Viral_Pneumonia\images\Viral Pneumonia-619.png,Viral_Pneumonia,data\raw\radiography\COVID-19_Radiography_Dataset\Viral Pneumonia\images\Viral Pneumonia-619.png
data\processed\labelled_4232\Viral_Pneumonia\images\Viral Pneumonia-1273.png,Viral_Pneumonia,data\raw\radiography\COVID-19_Radiography_Dataset\Viral Pneumonia\images\Viral Pneumonia-1273.png
data\processed\labelled_4232\Viral_Pneumonia\images\Viral Pneumonia-473.png,Viral_Pneumonia,data\raw\radiography\COVID-19_Radiography_Dataset\Viral Pneumonia\images\Viral Pneumonia-473.png
data\processed\labelled_4232\Viral_Pneumonia\images\Viral Pneumonia-707.png,Viral_Pneumonia,data\raw\radiography\COVID-19_Radiography_Dataset\Viral Pneumonia\images\Viral Pneumonia-707.png
data\processed\labelled_4232\Viral_Pneumonia\images\Viral Pneumonia-1104.png,Viral_Pneumonia,data\raw\radiography\COVID-19_Radiography_Dataset\Viral Pneumonia\images\Viral Pneumonia-1104.png
data\processed\labelled_4232\Viral_Pneumonia\images\Viral Pneumonia-604.png,Viral_Pneumonia,data\raw\radiography\COVID-19_Radiography_Dataset\Viral Pneumonia\images\Viral Pneumonia-604.png
data\processed\labelled_4232\Viral_Pneumonia\images\Viral Pneumonia-952.png,Viral_Pneumonia,data\raw\radiography\COVID-19_Radiography_Dataset\Viral Pneumonia\images\Viral Pneumonia-952.png
data\processed\labelled_4232\Viral_Pneumonia\images\Viral Pneumonia-627.png,Viral_Pneumonia,data\raw\radiography\COVID-19_Radiography_Dataset\Viral Pneumonia\images\Viral Pneumonia-627.png
data\processed\labelled_4232\Viral_Pneumonia\images\Viral Pneumonia-159.png,Viral_Pneumonia,data\raw\radiography\COVID-19_Radiography_Dataset\Viral Pneumonia\images\Viral Pneumonia-159.png
data\processed\labelled_4232\Viral_Pneumonia\images\Viral Pneumonia-101.png,Viral_Pneumonia,data\raw\radiography\COVID-19_Radiography_Dataset\Viral Pneumonia\images\Viral Pneumonia-101.png
data\processed\labelled_4232\Viral_Pneumonia\images\Viral Pneumonia-426.png,Viral_Pneumonia,data\raw\radiography\COVID-19_Radiography_Dataset\Viral Pneumonia\images\Viral Pneumonia-426.png
data\processed\labelled_4232\Viral_Pneumonia\images\Viral Pneumonia-628.png,Viral_Pneumonia,data\raw\radiography\COVID-19_Radiography_Dataset\Viral Pneumonia\images\Viral Pneumonia-628.png
data\processed\labelled_4232\Viral_Pneumonia\images\Viral Pneumonia-43.png,Viral_Pneumonia,data\raw\radiography\COVID-19_Radiography_Dataset\Viral Pneumonia\images\Viral Pneumonia-43.png
data\processed\labelled_4232\Viral_Pneumonia\images\Viral Pneumonia-626.png,Viral_Pneumonia,data\raw\radiography\COVID-19_Radiography_Dataset\Viral Pneumonia\images\Viral Pneumonia-626.png
data\processed\labelled_4232\Viral_Pneumonia\images\Viral Pneumonia-980.png,Viral_Pneumonia,data\raw\radiography\COVID-19_Radiography_Dataset\Viral Pneumonia\images\Viral Pneumonia-980.png
data\processed\labelled_4232\Viral_Pneumonia\images\Viral Pneumonia-856.png,Viral_Pneumonia,data\raw\radiography\COVID-19_Radiography_Dataset\Viral Pneumonia\images\Viral Pneumonia-856.png
data\processed\labelled_4232\Viral_Pneumonia\images\Viral Pneumonia-1177.png,Viral_Pneumonia,data\raw\radiography\COVID-19_Radiography_Dataset\Viral Pneumonia\images\Viral Pneumonia-1177.png
data\processed\labelled_4232\Viral_Pneumonia\images\Viral Pneumonia-169.png,Viral_Pneumonia,data\raw\radiography\COVID-19_Radiography_Dataset\Viral Pneumonia\images\Viral Pneumonia-169.png
data\processed\labelled_4232\Viral_Pneumonia\images\Viral Pneumonia-584.png,Viral_Pneumonia,data\raw\radiography\COVID-19_Radiography_Dataset\Viral Pneumonia\images\Viral Pneumonia-584.png
data\processed\labelled_4232\Viral_Pneumonia\images\Viral Pneumonia-20.png,Viral_Pneumonia,data\raw\radiography\COVID-19_Radiography_Dataset\Viral Pneumonia\images\Viral Pneumonia-20.png
data\processed\labelled_4232\Viral_Pneumonia\images\Viral Pneumonia-1034.png,Viral_Pneumonia,data\raw\radiography\COVID-19_Radiography_Dataset\Viral Pneumonia\images\Viral Pneumonia-1034.png
data\processed\labelled_4232\Viral_Pneumonia\images\Viral Pneumonia-468.png,Viral_Pneumonia,data\raw\radiography\COVID-19_Radiography_Dataset\Viral Pneumonia\images\Viral Pneumonia-468.png
data\processed\labelled_4232\Viral_Pneumonia\images\Viral Pneumonia-686.png,Viral_Pneumonia,data\raw\radiography\COVID-19_Radiography_Dataset\Viral Pneumonia\images\Viral Pneumonia-686.png
data\processed\labelled_4232\Viral_Pneumonia\images\Viral Pneumonia-170.png,Viral_Pneumonia,data\raw\radiography\COVID-19_Radiography_Dataset\Viral Pneumonia\images\Viral Pneumonia-170.png
data\processed\labelled_4232\Viral_Pneumonia\images\Viral Pneumonia-818.png,Viral_Pneumonia,data\raw\radiography\COVID-19_Radiography_Dataset\Viral Pneumonia\images\Viral Pneumonia-818.png
data\processed\labelled_4232\Viral_Pneumonia\images\Viral Pneumonia-60.png,Viral_Pneumonia,data\raw\radiography\COVID-19_Radiography_Dataset\Viral Pneumonia\images\Viral Pneumonia-60.png
data\processed\labelled_4232\Viral_Pneumonia\images\Viral Pneumonia-70.png,Viral_Pneumonia,data\raw\radiography\COVID-19_Radiography_Dataset\Viral Pneumonia\images\Viral Pneumonia-70.png
data\processed\labelled_4232\Viral_Pneumonia\images\Viral Pneumonia-798.png,Viral_Pneumonia,data\raw\radiography\COVID-19_Radiography_Dataset\Viral Pneumonia\images\Viral Pneumonia-798.png
data\processed\labelled_4232\Viral_Pneumonia\images\Viral Pneumonia-956.png,Viral_Pneumonia,data\raw\radiography\COVID-19_Radiography_Dataset\Viral Pneumonia\images\Viral Pneumonia-956.png
data\processed\labelled_4232\Viral_Pneumonia\images\Viral Pneumonia-1038.png,Viral_Pneumonia,data\raw\radiography\COVID-19_Radiography_Dataset\Viral Pneumonia\images\Viral Pneumonia-1038.png
data\processed\labelled_4232\Viral_Pneumonia\images\Viral Pneumonia-464.png,Viral_Pneumonia,data\raw\radiography\COVID-19_Radiography_Dataset\Viral Pneumonia\images\Viral Pneumonia-464.png
data\processed\labelled_4232\Viral_Pneumonia\images\Viral Pneumonia-951.png,Viral_Pneumonia,data\raw\radiography\COVID-19_Radiography_Dataset\Viral Pneumonia\images\Viral Pneumonia-951.png
data\processed\labelled_4232\Viral_Pneumonia\images\Viral Pneumonia-309.png,Viral_Pneumonia,data\raw\radiography\COVID-19_Radiography_Dataset\Viral Pneumonia\images\Viral Pneumonia-309.png
data\processed\labelled_4232\Viral_Pneumonia\images\Viral Pneumonia-222.png,Viral_Pneumonia,data\raw\radiography\COVID-19_Radiography_Dataset\Viral Pneumonia\images\Viral Pneumonia-222.png
data\processed\labelled_4232\Viral_Pneumonia\images\Viral Pneumonia-1001.png,Viral_Pneumonia,data\raw\radiography\COVID-19_Radiography_Dataset\Viral Pneumonia\images\Viral Pneumonia-1001.png
data\processed\labelled_4232\Viral_Pneumonia\images\Viral Pneumonia-864.png,Viral_Pneumonia,data\raw\radiography\COVID-19_Radiography_Dataset\Viral Pneumonia\images\Viral Pneumonia-864.png
data\processed\labelled_4232\Viral_Pneumonia\images\Viral Pneumonia-831.png,Viral_Pneumonia,data\raw\radiography\COVID-19_Radiography_Dataset\Viral Pneumonia\images\Viral Pneumonia-831.png
data\processed\labelled_4232\Viral_Pneumonia\images\Viral Pneumonia-1103.png,Viral_Pneumonia,data\raw\radiography\COVID-19_Radiography_Dataset\Viral Pneumonia\images\Viral Pneumonia-1103.png
data\processed\labelled_4232\Viral_Pneumonia\images\Viral Pneumonia-877.png,Viral_Pneumonia,data\raw\radiography\COVID-19_Radiography_Dataset\Viral Pneumonia\images\Viral Pneumonia-877.png
data\processed\labelled_4232\Viral_Pneumonia\images\Viral Pneumonia-562.png,Viral_Pneumonia,data\raw\radiography\COVID-19_Radiography_Dataset\Viral Pneumonia\images\Viral Pneumonia-562.png
data\processed\labelled_4232\Viral_Pneumonia\images\Viral Pneumonia-1233.png,Viral_Pneumonia,data\raw\radiography\COVID-19_Radiography_Dataset\Viral Pneumonia\images\Viral Pneumonia-1233.png
data\processed\labelled_4232\Viral_Pneumonia\images\Viral Pneumonia-785.png,Viral_Pneumonia,data\raw\radiography\COVID-19_Radiography_Dataset\Viral Pneumonia\images\Viral Pneumonia-785.png
data\processed\labelled_4232\Viral_Pneumonia\images\Viral Pneumonia-1015.png,Viral_Pneumonia,data\raw\radiography\COVID-19_Radiography_Dataset\Viral Pneumonia\images\Viral Pneumonia-1015.png
data\processed\labelled_4232\Viral_Pneumonia\images\Viral Pneumonia-1073.png,Viral_Pneumonia,data\raw\radiography\COVID-19_Radiography_Dataset\Viral Pneumonia\images\Viral Pneumonia-1073.png
data\processed\labelled_4232\Viral_Pneumonia\images\Viral Pneumonia-523.png,Viral_Pneumonia,data\raw\radiography\COVID-19_Radiography_Dataset\Viral Pneumonia\images\Viral Pneumonia-523.png
data\processed\labelled_4232\Viral_Pneumonia\images\Viral Pneumonia-600.png,Viral_Pneumonia,data\raw\radiography\COVID-19_Radiography_Dataset\Viral Pneumonia\images\Viral Pneumonia-600.png
data\processed\labelled_4232\Viral_Pneumonia\images\Viral Pneumonia-390.png,Viral_Pneumonia,data\raw\radiography\COVID-19_Radiography_Dataset\Viral Pneumonia\images\Viral Pneumonia-390.png
data\processed\labelled_4232\Viral_Pneumonia\images\Viral Pneumonia-921.png,Viral_Pneumonia,data\raw\radiography\COVID-19_Radiography_Dataset\Viral Pneumonia\images\Viral Pneumonia-921.png
data\processed\labelled_4232\Viral_Pneumonia\images\Viral Pneumonia-65.png,Viral_Pneumonia,data\raw\radiography\COVID-19_Radiography_Dataset\Viral Pneumonia\images\Viral Pneumonia-65.png
data\processed\labelled_4232\Viral_Pneumonia\images\Viral Pneumonia-929.png,Viral_Pneumonia,data\raw\radiography\COVID-19_Radiography_Dataset\Viral Pneumonia\images\Viral Pneumonia-929.png
data\processed\labelled_4232\Viral_Pneumonia\images\Viral Pneumonia-185.png,Viral_Pneumonia,data\raw\radiography\COVID-19_Radiography_Dataset\Viral Pneumonia\images\Viral Pneumonia-185.png
data\processed\labelled_4232\Viral_Pneumonia\images\Viral Pneumonia-1143.png,Viral_Pneumonia,data\raw\radiography\COVID-19_Radiography_Dataset\Viral Pneumonia\images\Viral Pneumonia-1143.png
data\processed\labelled_4232\Viral_Pneumonia\images\Viral Pneumonia-269.png,Viral_Pneumonia,data\raw\radiography\COVID-19_Radiography_Dataset\Viral Pneumonia\images\Viral Pneumonia-269.png
data\processed\labelled_4232\Viral_Pneumonia\images\Viral Pneumonia-1145.png,Viral_Pneumonia,data\raw\radiography\COVID-19_Radiography_Dataset\Viral Pneumonia\images\Viral Pneumonia-1145.png
data\processed\labelled_4232\Viral_Pneumonia\images\Viral Pneumonia-748.png,Viral_Pneumonia,data\raw\radiography\COVID-19_Radiography_Dataset\Viral Pneumonia\images\Viral Pneumonia-748.png
data\processed\labelled_4232\Viral_Pneumonia\images\Viral Pneumonia-255.png,Viral_Pneumonia,data\raw\radiography\COVID-19_Radiography_Dataset\Viral Pneumonia\images\Viral Pneumonia-255.png
data\processed\labelled_4232\Viral_Pneumonia\images\Viral Pneumonia-513.png,Viral_Pneumonia,data\raw\radiography\COVID-19_Radiography_Dataset\Viral Pneumonia\images\Viral Pneumonia-513.png
data\processed\labelled_4232\Viral_Pneumonia\images\Viral Pneumonia-761.png,Viral_Pneumonia,data\raw\radiography\COVID-19_Radiography_Dataset\Viral Pneumonia\images\Viral Pneumonia-761.png
data\processed\labelled_4232\Viral_Pneumonia\images\Viral Pneumonia-946.png,Viral_Pneumonia,data\raw\radiography\COVID-19_Radiography_Dataset\Viral Pneumonia\images\Viral Pneumonia-946.png
data\processed\labelled_4232\Viral_Pneumonia\images\Viral Pneumonia-484.png,Viral_Pneumonia,data\raw\radiography\COVID-19_Radiography_Dataset\Viral Pneumonia\images\Viral Pneumonia-484.png
data\processed\labelled_4232\Viral_Pneumonia\images\Viral Pneumonia-1183.png,Viral_Pneumonia,data\raw\radiography\COVID-19_Radiography_Dataset\Viral Pneumonia\images\Viral Pneumonia-1183.png
data\processed\labelled_4232\Viral_Pneumonia\images\Viral Pneumonia-605.png,Viral_Pneumonia,data\raw\radiography\COVID-19_Radiography_Dataset\Viral Pneumonia\images\Viral Pneumonia-605.png
data\processed\labelled_4232\Viral_Pneumonia\images\Viral Pneumonia-667.png,Viral_Pneumonia,data\raw\radiography\COVID-19_Radiography_Dataset\Viral Pneumonia\images\Viral Pneumonia-667.png
data\processed\labelled_4232\Viral_Pneumonia\images\Viral Pneumonia-679.png,Viral_Pneumonia,data\raw\radiography\COVID-19_Radiography_Dataset\Viral Pneumonia\images\Viral Pneumonia-679.png
data\processed\labelled_4232\Viral_Pneumonia\images\Viral Pneumonia-570.png,Viral_Pneumonia,data\raw\radiography\COVID-19_Radiography_Dataset\Viral Pneumonia\images\Viral Pneumonia-570.png
data\processed\labelled_4232\Viral_Pneumonia\images\Viral Pneumonia-41.png,Viral_Pneumonia,data\raw\radiography\COVID-19_Radiography_Dataset\Viral Pneumonia\images\Viral Pneumonia-41.png
data\processed\labelled_4232\Viral_Pneumonia\images\Viral Pneumonia-660.png,Viral_Pneumonia,data\raw\radiography\COVID-19_Radiography_Dataset\Viral Pneumonia\images\Viral Pneumonia-660.png
data\processed\labelled_4232\Viral_Pneumonia\images\Viral Pneumonia-353.png,Viral_Pneumonia,data\raw\radiography\COVID-19_Radiography_Dataset\Viral Pneumonia\images\Viral Pneumonia-353.png
data\processed\labelled_4232\Viral_Pneumonia\images\Viral Pneumonia-399.png,Viral_Pneumonia,data\raw\radiography\COVID-19_Radiography_Dataset\Viral Pneumonia\images\Viral Pneumonia-399.png
data\processed\labelled_4232\Viral_Pneumonia\images\Viral Pneumonia-1229.png,Viral_Pneumonia,data\raw\radiography\COVID-19_Radiography_Dataset\Viral Pneumonia\images\Viral Pneumonia-1229.png
data\processed\labelled_4232\Viral_Pneumonia\images\Viral Pneumonia-595.png,Viral_Pneumonia,data\raw\radiography\COVID-19_Radiography_Dataset\Viral Pneumonia\images\Viral Pneumonia-595.png
data\processed\labelled_4232\Viral_Pneumonia\images\Viral Pneumonia-1253.png,Viral_Pneumonia,data\raw\radiography\COVID-19_Radiography_Dataset\Viral Pneumonia\images\Viral Pneumonia-1253.png
data\processed\labelled_4232\Viral_Pneumonia\images\Viral Pneumonia-1274.png,Viral_Pneumonia,data\raw\radiography\COVID-19_Radiography_Dataset\Viral Pneumonia\images\Viral Pneumonia-1274.png
data\processed\labelled_4232\Viral_Pneumonia\images\Viral Pneumonia-1282.png,Viral_Pneumonia,data\raw\radiography\COVID-19_Radiography_Dataset\Viral Pneumonia\images\Viral Pneumonia-1282.png
data\processed\labelled_4232\Viral_Pneumonia\images\Viral Pneumonia-285.png,Viral_Pneumonia,data\raw\radiography\COVID-19_Radiography_Dataset\Viral Pneumonia\images\Viral Pneumonia-285.png
data\processed\labelled_4232\Viral_Pneumonia\images\Viral Pneumonia-142.png,Viral_Pneumonia,data\raw\radiography\COVID-19_Radiography_Dataset\Viral Pneumonia\images\Viral Pneumonia-142.png
data\processed\labelled_4232\Viral_Pneumonia\images\Viral Pneumonia-306.png,Viral_Pneumonia,data\raw\radiography\COVID-19_Radiography_Dataset\Viral Pneumonia\images\Viral Pneumonia-306.png
data\processed\labelled_4232\Viral_Pneumonia\images\Viral Pneumonia-787.png,Viral_Pneumonia,data\raw\radiography\COVID-19_Radiography_Dataset\Viral Pneumonia\images\Viral Pneumonia-787.png
data\processed\labelled_4232\Viral_Pneumonia\images\Viral Pneumonia-706.png,Viral_Pneumonia,data\raw\radiography\COVID-19_Radiography_Dataset\Viral Pneumonia\images\Viral Pneumonia-706.png
data\processed\labelled_4232\Viral_Pneumonia\images\Viral Pneumonia-718.png,Viral_Pneumonia,data\raw\radiography\COVID-19_Radiography_Dataset\Viral Pneumonia\images\Viral Pneumonia-718.png
data\processed\labelled_4232\Viral_Pneumonia\images\Viral Pneumonia-521.png,Viral_Pneumonia,data\raw\radiography\COVID-19_Radiography_Dataset\Viral Pneumonia\images\Viral Pneumonia-521.png
data\processed\labelled_4232\Viral_Pneumonia\images\Viral Pneumonia-1132.png,Viral_Pneumonia,data\raw\radiography\COVID-19_Radiography_Dataset\Viral Pneumonia\images\Viral Pneumonia-1132.png
data\processed\labelled_4232\Viral_Pneumonia\images\Viral Pneumonia-1128.png,Viral_Pneumonia,data\raw\radiography\COVID-19_Radiography_Dataset\Viral Pneumonia\images\Viral Pneumonia-1128.png
data\processed\labelled_4232\Viral_Pneumonia\images\Viral Pneumonia-421.png,Viral_Pneumonia,data\raw\radiography\COVID-19_Radiography_Dataset\Viral Pneumonia\images\Viral Pneumonia-421.png
data\processed\labelled_4232\Viral_Pneumonia\images\Viral Pneumonia-1092.png,Viral_Pneumonia,data\raw\radiography\COVID-19_Radiography_Dataset\Viral Pneumonia\images\Viral Pneumonia-1092.png
data\processed\labelled_4232\Viral_Pneumonia\images\Viral Pneumonia-643.png,Viral_Pneumonia,data\raw\radiography\COVID-19_Radiography_Dataset\Viral Pneumonia\images\Viral Pneumonia-643.png
data\processed\labelled_4232\Viral_Pneumonia\images\Viral Pneumonia-413.png,Viral_Pneumonia,data\raw\radiography\COVID-19_Radiography_Dataset\Viral Pneumonia\images\Viral Pneumonia-413.png
data\processed\labelled_4232\Viral_Pneumonia\images\Viral Pneumonia-832.png,Viral_Pneumonia,data\raw\radiography\COVID-19_Radiography_Dataset\Viral Pneumonia\images\Viral Pneumonia-832.png
data\processed\labelled_4232\Viral_Pneumonia\images\Viral Pneumonia-949.png,Viral_Pneumonia,data\raw\radiography\COVID-19_Radiography_Dataset\Viral Pneumonia\images\Viral Pneumonia-949.png
data\processed\labelled_4232\Viral_Pneumonia\images\Viral Pneumonia-71.png,Viral_Pneumonia,data\raw\radiography\COVID-19_Radiography_Dataset\Viral Pneumonia\images\Viral Pneumonia-71.png
data\processed\labelled_4232\Viral_Pneumonia\images\Viral Pneumonia-1082.png,Viral_Pneumonia,data\raw\radiography\COVID-19_Radiography_Dataset\Viral Pneumonia\images\Viral Pneumonia-1082.png
data\processed\labelled_4232\Viral_Pneumonia\images\Viral Pneumonia-120.png,Viral_Pneumonia,data\raw\radiography\COVID-19_Radiography_Dataset\Viral Pneumonia\images\Viral Pneumonia-120.png
data\processed\labelled_4232\Viral_Pneumonia\images\Viral Pneumonia-717.png,Viral_Pneumonia,data\raw\radiography\COVID-19_Radiography_Dataset\Viral Pneumonia\images\Viral Pneumonia-717.png
data\processed\labelled_4232\Viral_Pneumonia\images\Viral Pneumonia-553.png,Viral_Pneumonia,data\raw\radiography\COVID-19_Radiography_Dataset\Viral Pneumonia\images\Viral Pneumonia-553.png
data\processed\labelled_4232\Viral_Pneumonia\images\Viral Pneumonia-711.png,Viral_Pneumonia,data\raw\radiography\COVID-19_Radiography_Dataset\Viral Pneumonia\images\Viral Pneumonia-711.png
data\processed\labelled_4232\Viral_Pneumonia\images\Viral Pneumonia-1090.png,Viral_Pneumonia,data\raw\radiography\COVID-19_Radiography_Dataset\Viral Pneumonia\images\Viral Pneumonia-1090.png
data\processed\labelled_4232\Viral_Pneumonia\images\Viral Pneumonia-554.png,Viral_Pneumonia,data\raw\radiography\COVID-19_Radiography_Dataset\Viral Pneumonia\images\Viral Pneumonia-554.png
data\processed\labelled_4232\Viral_Pneumonia\images\Viral Pneumonia-240.png,Viral_Pneumonia,data\raw\radiography\COVID-19_Radiography_Dataset\Viral Pneumonia\images\Viral Pneumonia-240.png
data\processed\labelled_4232\Viral_Pneumonia\images\Viral Pneumonia-1039.png,Viral_Pneumonia,data\raw\radiography\COVID-19_Radiography_Dataset\Viral Pneumonia\images\Viral Pneumonia-1039.png
data\processed\labelled_4232\Viral_Pneumonia\images\Viral Pneumonia-1156.png,Viral_Pneumonia,data\raw\radiography\COVID-19_Radiography_Dataset\Viral Pneumonia\images\Viral Pneumonia-1156.png
data\processed\labelled_4232\Viral_Pneumonia\images\Viral Pneumonia-342.png,Viral_Pneumonia,data\raw\radiography\COVID-19_Radiography_Dataset\Viral Pneumonia\images\Viral Pneumonia-342.png
data\processed\labelled_4232\Viral_Pneumonia\images\Viral Pneumonia-38.png,Viral_Pneumonia,data\raw\radiography\COVID-19_Radiography_Dataset\Viral Pneumonia\images\Viral Pneumonia-38.png
data\processed\labelled_4232\Viral_Pneumonia\images\Viral Pneumonia-1266.png,Viral_Pneumonia,data\raw\radiography\COVID-19_Radiography_Dataset\Viral Pneumonia\images\Viral Pneumonia-1266.png
data\processed\labelled_4232\Viral_Pneumonia\images\Viral Pneumonia-854.png,Viral_Pneumonia,data\raw\radiography\COVID-19_Radiography_Dataset\Viral Pneumonia\images\Viral Pneumonia-854.png
data\processed\labelled_4232\Viral_Pneumonia\images\Viral Pneumonia-622.png,Viral_Pneumonia,data\raw\radiography\COVID-19_Radiography_Dataset\Viral Pneumonia\images\Viral Pneumonia-622.png
data\processed\labelled_4232\Viral_Pneumonia\images\Viral Pneumonia-789.png,Viral_Pneumonia,data\raw\radiography\COVID-19_Radiography_Dataset\Viral Pneumonia\images\Viral Pneumonia-789.png
data\processed\labelled_4232\Viral_Pneumonia\images\Viral Pneumonia-792.png,Viral_Pneumonia,data\raw\radiography\COVID-19_Radiography_Dataset\Viral Pneumonia\images\Viral Pneumonia-792.png
data\processed\labelled_4232\Viral_Pneumonia\images\Viral Pneumonia-873.png,Viral_Pneumonia,data\raw\radiography\COVID-19_Radiography_Dataset\Viral Pneumonia\images\Viral Pneumonia-873.png
data\processed\labelled_4232\Viral_Pneumonia\images\Viral Pneumonia-1028.png,Viral_Pneumonia,data\raw\radiography\COVID-19_Radiography_Dataset\Viral Pneumonia\images\Viral Pneumonia-1028.png
data\processed\labelled_4232\Viral_Pneumonia\images\Viral Pneumonia-263.png,Viral_Pneumonia,data\raw\radiography\COVID-19_Radiography_Dataset\Viral Pneumonia\images\Viral Pneumonia-263.png
data\processed\labelled_4232\Viral_Pneumonia\images\Viral Pneumonia-867.png,Viral_Pneumonia,data\raw\radiography\COVID-19_Radiography_Dataset\Viral Pneumonia\images\Viral Pneumonia-867.png
data\processed\labelled_4232\Viral_Pneumonia\images\Viral Pneumonia-352.png,Viral_Pneumonia,data\raw\radiography\COVID-19_Radiography_Dataset\Viral Pneumonia\images\Viral Pneumonia-352.png
data\processed\labelled_4232\Viral_Pneumonia\images\Viral Pneumonia-50.png,Viral_Pneumonia,data\raw\radiography\COVID-19_Radiography_Dataset\Viral Pneumonia\images\Viral Pneumonia-50.png
data\processed\labelled_4232\Viral_Pneumonia\images\Viral Pneumonia-39.png,Viral_Pneumonia,data\raw\radiography\COVID-19_Radiography_Dataset\Viral Pneumonia\images\Viral Pneumonia-39.png
data\processed\labelled_4232\Viral_Pneumonia\images\Viral Pneumonia-1192.png,Viral_Pneumonia,data\raw\radiography\COVID-19_Radiography_Dataset\Viral Pneumonia\images\Viral Pneumonia-1192.png
data\processed\labelled_4232\Viral_Pneumonia\images\Viral Pneumonia-224.png,Viral_Pneumonia,data\raw\radiography\COVID-19_Radiography_Dataset\Viral Pneumonia\images\Viral Pneumonia-224.png
data\processed\labelled_4232\Viral_Pneumonia\images\Viral Pneumonia-1300.png,Viral_Pneumonia,data\raw\radiography\COVID-19_Radiography_Dataset\Viral Pneumonia\images\Viral Pneumonia-1300.png
data\processed\labelled_4232\Viral_Pneumonia\images\Viral Pneumonia-1089.png,Viral_Pneumonia,data\raw\radiography\COVID-19_Radiography_Dataset\Viral Pneumonia\images\Viral Pneumonia-1089.png
data\processed\labelled_4232\Viral_Pneumonia\images\Viral Pneumonia-1068.png,Viral_Pneumonia,data\raw\radiography\COVID-19_Radiography_Dataset\Viral Pneumonia\images\Viral Pneumonia-1068.png
data\processed\labelled_4232\Viral_Pneumonia\images\Viral Pneumonia-1287.png,Viral_Pneumonia,data\raw\radiography\COVID-19_Radiography_Dataset\Viral Pneumonia\images\Viral Pneumonia-1287.png
data\processed\labelled_4232\Viral_Pneumonia\images\Viral Pneumonia-1343.png,Viral_Pneumonia,data\raw\radiography\COVID-19_Radiography_Dataset\Viral Pneumonia\images\Viral Pneumonia-1343.png
data\processed\labelled_4232\Viral_Pneumonia\images\Viral Pneumonia-310.png,Viral_Pneumonia,data\raw\radiography\COVID-19_Radiography_Dataset\Viral Pneumonia\images\Viral Pneumonia-310.png
data\processed\labelled_4232\Viral_Pneumonia\images\Viral Pneumonia-387.png,Viral_Pneumonia,data\raw\radiography\COVID-19_Radiography_Dataset\Viral Pneumonia\images\Viral Pneumonia-387.png
data\processed\labelled_4232\Viral_Pneumonia\images\Viral Pneumonia-849.png,Viral_Pneumonia,data\raw\radiography\COVID-19_Radiography_Dataset\Viral Pneumonia\images\Viral Pneumonia-849.png
data\processed\labelled_4232\Viral_Pneumonia\images\Viral Pneumonia-465.png,Viral_Pneumonia,data\raw\radiography\COVID-19_Radiography_Dataset\Viral Pneumonia\images\Viral Pneumonia-465.png
data\processed\labelled_4232\Viral_Pneumonia\images\Viral Pneumonia-1126.png,Viral_Pneumonia,data\raw\radiography\COVID-19_Radiography_Dataset\Viral Pneumonia\images\Viral Pneumonia-1126.png
data\processed\labelled_4232\Viral_Pneumonia\images\Viral Pneumonia-246.png,Viral_Pneumonia,data\raw\radiography\COVID-19_Radiography_Dataset\Viral Pneumonia\images\Viral Pneumonia-246.png
data\processed\labelled_4232\Viral_Pneumonia\images\Viral Pneumonia-22.png,Viral_Pneumonia,data\raw\radiography\COVID-19_Radiography_Dataset\Viral Pneumonia\images\Viral Pneumonia-22.png
data\processed\labelled_4232\Viral_Pneumonia\images\Viral Pneumonia-1181.png,Viral_Pneumonia,data\raw\radiography\COVID-19_Radiography_Dataset\Viral Pneumonia\images\Viral Pneumonia-1181.png
data\processed\labelled_4232\Viral_Pneumonia\images\Viral Pneumonia-319.png,Viral_Pneumonia,data\raw\radiography\COVID-19_Radiography_Dataset\Viral Pneumonia\images\Viral Pneumonia-319.png
data\processed\labelled_4232\Viral_Pneumonia\images\Viral Pneumonia-913.png,Viral_Pneumonia,data\raw\radiography\COVID-19_Radiography_Dataset\Viral Pneumonia\images\Viral Pneumonia-913.png
data\processed\labelled_4232\Viral_Pneumonia\images\Viral Pneumonia-461.png,Viral_Pneumonia,data\raw\radiography\COVID-19_Radiography_Dataset\Viral Pneumonia\images\Viral Pneumonia-461.png
data\processed\labelled_4232\Viral_Pneumonia\images\Viral Pneumonia-232.png,Viral_Pneumonia,data\raw\radiography\COVID-19_Radiography_Dataset\Viral Pneumonia\images\Viral Pneumonia-232.png
data\processed\labelled_4232\Viral_Pneumonia\images\Viral Pneumonia-546.png,Viral_Pneumonia,data\raw\radiography\COVID-19_Radiography_Dataset\Viral Pneumonia\images\Viral Pneumonia-546.png
data\processed\labelled_4232\Viral_Pneumonia\images\Viral Pneumonia-423.png,Viral_Pneumonia,data\raw\radiography\COVID-19_Radiography_Dataset\Viral Pneumonia\images\Viral Pneumonia-423.png
data\processed\labelled_4232\Viral_Pneumonia\images\Viral Pneumonia-612.png,Viral_Pneumonia,data\raw\radiography\COVID-19_Radiography_Dataset\Viral Pneumonia\images\Viral Pneumonia-612.png
data\processed\labelled_4232\Viral_Pneumonia\images\Viral Pneumonia-83.png,Viral_Pneumonia,data\raw\radiography\COVID-19_Radiography_Dataset\Viral Pneumonia\images\Viral Pneumonia-83.png
data\processed\labelled_4232\Viral_Pneumonia\images\Viral Pneumonia-386.png,Viral_Pneumonia,data\raw\radiography\COVID-19_Radiography_Dataset\Viral Pneumonia\images\Viral Pneumonia-386.png
data\processed\labelled_4232\Viral_Pneumonia\images\Viral Pneumonia-1189.png,Viral_Pneumonia,data\raw\radiography\COVID-19_Radiography_Dataset\Viral Pneumonia\images\Viral Pneumonia-1189.png
data\processed\labelled_4232\Viral_Pneumonia\images\Viral Pneumonia-194.png,Viral_Pneumonia,data\raw\radiography\COVID-19_Radiography_Dataset\Viral Pneumonia\images\Viral Pneumonia-194.png
data\processed\labelled_4232\Viral_Pneumonia\images\Viral Pneumonia-885.png,Viral_Pneumonia,data\raw\radiography\COVID-19_Radiography_Dataset\Viral Pneumonia\images\Viral Pneumonia-885.png
data\processed\labelled_4232\Viral_Pneumonia\images\Viral Pneumonia-641.png,Viral_Pneumonia,data\raw\radiography\COVID-19_Radiography_Dataset\Viral Pneumonia\images\Viral Pneumonia-641.png
data\processed\labelled_4232\Viral_Pneumonia\images\Viral Pneumonia-744.png,Viral_Pneumonia,data\raw\radiography\COVID-19_Radiography_Dataset\Viral Pneumonia\images\Viral Pneumonia-744.png
data\processed\labelled_4232\Viral_Pneumonia\images\Viral Pneumonia-81.png,Viral_Pneumonia,data\raw\radiography\COVID-19_Radiography_Dataset\Viral Pneumonia\images\Viral Pneumonia-81.png
data\processed\labelled_4232\Viral_Pneumonia\images\Viral Pneumonia-146.png,Viral_Pneumonia,data\raw\radiography\COVID-19_Radiography_Dataset\Viral Pneumonia\images\Viral Pneumonia-146.png
data\processed\labelled_4232\Viral_Pneumonia\images\Viral Pneumonia-1069.png,Viral_Pneumonia,data\raw\radiography\COVID-19_Radiography_Dataset\Viral Pneumonia\images\Viral Pneumonia-1069.png
data\processed\labelled_4232\Viral_Pneumonia\images\Viral Pneumonia-467.png,Viral_Pneumonia,data\raw\radiography\COVID-19_Radiography_Dataset\Viral Pneumonia\images\Viral Pneumonia-467.png
data\processed\labelled_4232\Viral_Pneumonia\images\Viral Pneumonia-919.png,Viral_Pneumonia,data\raw\radiography\COVID-19_Radiography_Dataset\Viral Pneumonia\images\Viral Pneumonia-919.png
data\processed\labelled_4232\Viral_Pneumonia\images\Viral Pneumonia-1203.png,Viral_Pneumonia,data\raw\radiography\COVID-19_Radiography_Dataset\Viral Pneumonia\images\Viral Pneumonia-1203.png
data\processed\labelled_4232\Viral_Pneumonia\images\Viral Pneumonia-488.png,Viral_Pneumonia,data\raw\radiography\COVID-19_Radiography_Dataset\Viral Pneumonia\images\Viral Pneumonia-488.png
data\processed\labelled_4232\Viral_Pneumonia\images\Viral Pneumonia-515.png,Viral_Pneumonia,data\raw\radiography\COVID-19_Radiography_Dataset\Viral Pneumonia\images\Viral Pneumonia-515.png
data\processed\labelled_4232\Viral_Pneumonia\images\Viral Pneumonia-638.png,Viral_Pneumonia,data\raw\radiography\COVID-19_Radiography_Dataset\Viral Pneumonia\images\Viral Pneumonia-638.png
data\processed\labelled_4232\Viral_Pneumonia\images\Viral Pneumonia-100.png,Viral_Pneumonia,data\raw\radiography\COVID-19_Radiography_Dataset\Viral Pneumonia\images\Viral Pneumonia-100.png
data\processed\labelled_4232\Viral_Pneumonia\images\Viral Pneumonia-1173.png,Viral_Pneumonia,data\raw\radiography\COVID-19_Radiography_Dataset\Viral Pneumonia\images\Viral Pneumonia-1173.png
data\processed\labelled_4232\Viral_Pneumonia\images\Viral Pneumonia-180.png,Viral_Pneumonia,data\raw\radiography\COVID-19_Radiography_Dataset\Viral Pneumonia\images\Viral Pneumonia-180.png
data\processed\labelled_4232\Viral_Pneumonia\images\Viral Pneumonia-537.png,Viral_Pneumonia,data\raw\radiography\COVID-19_Radiography_Dataset\Viral Pneumonia\images\Viral Pneumonia-537.png
data\processed\labelled_4232\Viral_Pneumonia\images\Viral Pneumonia-700.png,Viral_Pneumonia,data\raw\radiography\COVID-19_Radiography_Dataset\Viral Pneumonia\images\Viral Pneumonia-700.png
data\processed\labelled_4232\Viral_Pneumonia\images\Viral Pneumonia-1331.png,Viral_Pneumonia,data\raw\radiography\COVID-19_Radiography_Dataset\Viral Pneumonia\images\Viral Pneumonia-1331.png
data\processed\labelled_4232\Viral_Pneumonia\images\Viral Pneumonia-445.png,Viral_Pneumonia,data\raw\radiography\COVID-19_Radiography_Dataset\Viral Pneumonia\images\Viral Pneumonia-445.png
data\processed\labelled_4232\Viral_Pneumonia\images\Viral Pneumonia-190.png,Viral_Pneumonia,data\raw\radiography\COVID-19_Radiography_Dataset\Viral Pneumonia\images\Viral Pneumonia-190.png
data\processed\labelled_4232\Viral_Pneumonia\images\Viral Pneumonia-721.png,Viral_Pneumonia,data\raw\radiography\COVID-19_Radiography_Dataset\Viral Pneumonia\images\Viral Pneumonia-721.png
data\processed\labelled_4232\Viral_Pneumonia\images\Viral Pneumonia-530.png,Viral_Pneumonia,data\raw\radiography\COVID-19_Radiography_Dataset\Viral Pneumonia\images\Viral Pneumonia-530.png
data\processed\labelled_4232\Viral_Pneumonia\images\Viral Pneumonia-1139.png,Viral_Pneumonia,data\raw\radiography\COVID-19_Radiography_Dataset\Viral Pneumonia\images\Viral Pneumonia-1139.png
data\processed\labelled_4232\Viral_Pneumonia\images\Viral Pneumonia-1013.png,Viral_Pneumonia,data\raw\radiography\COVID-19_Radiography_Dataset\Viral Pneumonia\images\Viral Pneumonia-1013.png
data\processed\labelled_4232\Viral_Pneumonia\images\Viral Pneumonia-719.png,Viral_Pneumonia,data\raw\radiography\COVID-19_Radiography_Dataset\Viral Pneumonia\images\Viral Pneumonia-719.png
data\processed\labelled_4232\Viral_Pneumonia\images\Viral Pneumonia-697.png,Viral_Pneumonia,data\raw\radiography\COVID-19_Radiography_Dataset\Viral Pneumonia\images\Viral Pneumonia-697.png
data\processed\labelled_4232\Viral_Pneumonia\images\Viral Pneumonia-821.png,Viral_Pneumonia,data\raw\radiography\COVID-19_Radiography_Dataset\Viral Pneumonia\images\Viral Pneumonia-821.png
data\processed\labelled_4232\Viral_Pneumonia\images\Viral Pneumonia-648.png,Viral_Pneumonia,data\raw\radiography\COVID-19_Radiography_Dataset\Viral Pneumonia\images\Viral Pneumonia-648.png
data\processed\labelled_4232\Viral_Pneumonia\images\Viral Pneumonia-457.png,Viral_Pneumonia,data\raw\radiography\COVID-19_Radiography_Dataset\Viral Pneumonia\images\Viral Pneumonia-457.png
data\processed\labelled_4232\Viral_Pneumonia\images\Viral Pneumonia-1063.png,Viral_Pneumonia,data\raw\radiography\COVID-19_Radiography_Dataset\Viral Pneumonia\images\Viral Pneumonia-1063.png
data\processed\labelled_4232\Viral_Pneumonia\images\Viral Pneumonia-984.png,Viral_Pneumonia,data\raw\radiography\COVID-19_Radiography_Dataset\Viral Pneumonia\images\Viral Pneumonia-984.png
data\processed\labelled_4232\Viral_Pneumonia\images\Viral Pneumonia-393.png,Viral_Pneumonia,data\raw\radiography\COVID-19_Radiography_Dataset\Viral Pneumonia\images\Viral Pneumonia-393.png
data\processed\labelled_4232\Viral_Pneumonia\images\Viral Pneumonia-375.png,Viral_Pneumonia,data\raw\radiography\COVID-19_Radiography_Dataset\Viral Pneumonia\images\Viral Pneumonia-375.png
data\processed\labelled_4232\Viral_Pneumonia\images\Viral Pneumonia-895.png,Viral_Pneumonia,data\raw\radiography\COVID-19_Radiography_Dataset\Viral Pneumonia\images\Viral Pneumonia-895.png
data\processed\labelled_4232\Viral_Pneumonia\images\Viral Pneumonia-117.png,Viral_Pneumonia,data\raw\radiography\COVID-19_Radiography_Dataset\Viral Pneumonia\images\Viral Pneumonia-117.png
data\processed\labelled_4232\Viral_Pneumonia\images\Viral Pneumonia-855.png,Viral_Pneumonia,data\raw\radiography\COVID-19_Radiography_Dataset\Viral Pneumonia\images\Viral Pneumonia-855.png
data\processed\labelled_4232\Viral_Pneumonia\images\Viral Pneumonia-18.png,Viral_Pneumonia,data\raw\radiography\COVID-19_Radiography_Dataset\Viral Pneumonia\images\Viral Pneumonia-18.png
