image_path,class_name,label,source,generator
data/processed/synthetic_dcgan/COVID/images/dcgan_COVID_00000.png,COVID,0,stage1_synthesis,DCGAN
data/processed/synthetic_dcgan/COVID/images/dcgan_COVID_00001.png,COVID,0,stage1_synthesis,DCGAN
data/processed/synthetic_dcgan/COVID/images/dcgan_COVID_00002.png,COVID,0,stage1_synthesis,DCGAN
data/processed/synthetic_dcgan/COVID/images/dcgan_COVID_00003.png,COVID,0,stage1_synthesis,DCGAN
data/processed/synthetic_dcgan/COVID/images/dcgan_COVID_00004.png,COVID,0,stage1_synthesis,DCGAN
data/processed/synthetic_dcgan/COVID/images/dcgan_COVID_00005.png,COVID,0,stage1_synthesis,DCGAN
data/processed/synthetic_dcgan/COVID/images/dcgan_COVID_00006.png,COVID,0,stage1_synthesis,DCGAN
data/processed/synthetic_dcgan/COVID/images/dcgan_COVID_00007.png,COVID,0,stage1_synthesis,DCGAN
data/processed/synthetic_dcgan/COVID/images/dcgan_COVID_00008.png,COVID,0,stage1_synthesis,DCGAN
data/processed/synthetic_dcgan/COVID/images/dcgan_COVID_00009.png,COVID,0,stage1_synthesis,DCGAN
data/processed/synthetic_dcgan/COVID/images/dcgan_COVID_00010.png,COVID,0,stage1_synthesis,DCGAN
data/processed/synthetic_dcgan/COVID/images/dcgan_COVID_00011.png,COVID,0,stage1_synthesis,DCGAN
data/processed/synthetic_dcgan/COVID/images/dcgan_COVID_00012.png,COVID,0,stage1_synthesis,DCGAN
data/processed/synthetic_dcgan/COVID/images/dcgan_COVID_00013.png,COVID,0,stage1_synthesis,DCGAN
data/processed/synthetic_dcgan/COVID/images/dcgan_COVID_00014.png,COVID,0,stage1_synthesis,DCGAN
data/processed/synthetic_dcgan/COVID/images/dcgan_COVID_00015.png,COVID,0,stage1_synthesis,DCGAN
data/processed/synthetic_dcgan/COVID/images/dcgan_COVID_00016.png,COVID,0,stage1_synthesis,DCGAN
data/processed/synthetic_dcgan/COVID/images/dcgan_COVID_00017.png,COVID,0,stage1_synthesis,DCGAN
data/processed/synthetic_dcgan/COVID/images/dcgan_COVID_00018.png,COVID,0,stage1_synthesis,DCGAN
data/processed/synthetic_dcgan/COVID/images/dcgan_COVID_00019.png,COVID,0,stage1_synthesis,DCGAN
data/processed/synthetic_dcgan/COVID/images/dcgan_COVID_00020.png,COVID,0,stage1_synthesis,DCGAN
data/processed/synthetic_dcgan/COVID/images/dcgan_COVID_00021.png,COVID,0,stage1_synthesis,DCGAN
data/processed/synthetic_dcgan/COVID/images/dcgan_COVID_00022.png,COVID,0,stage1_synthesis,DCGAN
data/processed/synthetic_dcgan/COVID/images/dcgan_COVID_00023.png,COVID,0,stage1_synthesis,DCGAN
data/processed/synthetic_dcgan/COVID/images/dcgan_COVID_00024.png,COVID,0,stage1_synthesis,DCGAN
data/processed/synthetic_dcgan/COVID/images/dcgan_COVID_00025.png,COVID,0,stage1_synthesis,DCGAN
data/processed/synthetic_dcgan/COVID/images/dcgan_COVID_00026.png,COVID,0,stage1_synthesis,DCGAN
data/processed/synthetic_dcgan/COVID/images/dcgan_COVID_00027.png,COVID,0,stage1_synthesis,DCGAN
data/processed/synthetic_dcgan/COVID/images/dcgan_COVID_00028.png,COVID,0,stage1_synthesis,DCGAN
data/processed/synthetic_dcgan/COVID/images/dcgan_COVID_00029.png,COVID,0,stage1_synthesis,DCGAN
data/processed/synthetic_dcgan/COVID/images/dcgan_COVID_00030.png,COVID,0,stage1_synthesis,DCGAN
data/processed/synthetic_dcgan/COVID/images/dcgan_COVID_00031.png,COVID,0,stage1_synthesis,DCGAN
data/processed/synthetic_dcgan/COVID/images/dcgan_COVID_00032.png,COVID,0,stage1_synthesis,DCGAN
data/processed/synthetic_dcgan/COVID/images/dcgan_COVID_00033.png,COVID,0,stage1_synthesis,DCGAN
data/processed/synthetic_dcgan/COVID/images/dcgan_COVID_00034.png,COVID,0,stage1_synthesis,DCGAN
data/processed/synthetic_dcgan/COVID/images/dcgan_COVID_00035.png,COVID,0,stage1_synthesis,DCGAN
data/processed/synthetic_dcgan/COVID/images/dcgan_COVID_00036.png,COVID,0,stage1_synthesis,DCGAN
data/processed/synthetic_dcgan/COVID/images/dcgan_COVID_00037.png,COVID,0,stage1_synthesis,DCGAN
data/processed/synthetic_dcgan/COVID/images/dcgan_COVID_00038.png,COVID,0,stage1_synthesis,DCGAN
data/processed/synthetic_dcgan/COVID/images/dcgan_COVID_00039.png,COVID,0,stage1_synthesis,DCGAN
data/processed/synthetic_dcgan/COVID/images/dcgan_COVID_00040.png,COVID,0,stage1_synthesis,DCGAN
data/processed/synthetic_dcgan/COVID/images/dcgan_COVID_00041.png,COVID,0,stage1_synthesis,DCGAN
data/processed/synthetic_dcgan/COVID/images/dcgan_COVID_00042.png,COVID,0,stage1_synthesis,DCGAN
data/processed/synthetic_dcgan/COVID/images/dcgan_COVID_00043.png,COVID,0,stage1_synthesis,DCGAN
data/processed/synthetic_dcgan/COVID/images/dcgan_COVID_00044.png,COVID,0,stage1_synthesis,DCGAN
data/processed/synthetic_dcgan/COVID/images/dcgan_COVID_00045.png,COVID,0,stage1_synthesis,DCGAN
data/processed/synthetic_dcgan/COVID/images/dcgan_COVID_00046.png,COVID,0,stage1_synthesis,DCGAN
data/processed/synthetic_dcgan/COVID/images/dcgan_COVID_00047.png,COVID,0,stage1_synthesis,DCGAN
data/processed/synthetic_dcgan/COVID/images/dcgan_COVID_00048.png,COVID,0,stage1_synthesis,DCGAN
data/processed/synthetic_dcgan/COVID/images/dcgan_COVID_00049.png,COVID,0,stage1_synthesis,DCGAN
data/processed/synthetic_dcgan/COVID/images/dcgan_COVID_00050.png,COVID,0,stage1_synthesis,DCGAN
data/processed/synthetic_dcgan/COVID/images/dcgan_COVID_00051.png,COVID,0,stage1_synthesis,DCGAN
data/processed/synthetic_dcgan/COVID/images/dcgan_COVID_00052.png,COVID,0,stage1_synthesis,DCGAN
data/processed/synthetic_dcgan/COVID/images/dcgan_COVID_00053.png,COVID,0,stage1_synthesis,DCGAN
data/processed/synthetic_dcgan/COVID/images/dcgan_COVID_00054.png,COVID,0,stage1_synthesis,DCGAN
data/processed/synthetic_dcgan/COVID/images/dcgan_COVID_00055.png,COVID,0,stage1_synthesis,DCGAN
data/processed/synthetic_dcgan/COVID/images/dcgan_COVID_00056.png,COVID,0,stage1_synthesis,DCGAN
data/processed/synthetic_dcgan/COVID/images/dcgan_COVID_00057.png,COVID,0,stage1_synthesis,DCGAN
data/processed/synthetic_dcgan/COVID/images/dcgan_COVID_00058.png,COVID,0,stage1_synthesis,DCGAN
data/processed/synthetic_dcgan/COVID/images/dcgan_COVID_00059.png,COVID,0,stage1_synthesis,DCGAN
data/processed/synthetic_dcgan/COVID/images/dcgan_COVID_00060.png,COVID,0,stage1_synthesis,DCGAN
data/processed/synthetic_dcgan/COVID/images/dcgan_COVID_00061.png,COVID,0,stage1_synthesis,DCGAN
data/processed/synthetic_dcgan/COVID/images/dcgan_COVID_00062.png,COVID,0,stage1_synthesis,DCGAN
data/processed/synthetic_dcgan/COVID/images/dcgan_COVID_00063.png,COVID,0,stage1_synthesis,DCGAN
data/processed/synthetic_dcgan/COVID/images/dcgan_COVID_00064.png,COVID,0,stage1_synthesis,DCGAN
data/processed/synthetic_dcgan/COVID/images/dcgan_COVID_00065.png,COVID,0,stage1_synthesis,DCGAN
data/processed/synthetic_dcgan/COVID/images/dcgan_COVID_00066.png,COVID,0,stage1_synthesis,DCGAN
data/processed/synthetic_dcgan/COVID/images/dcgan_COVID_00067.png,COVID,0,stage1_synthesis,DCGAN
data/processed/synthetic_dcgan/COVID/images/dcgan_COVID_00068.png,COVID,0,stage1_synthesis,DCGAN
data/processed/synthetic_dcgan/COVID/images/dcgan_COVID_00069.png,COVID,0,stage1_synthesis,DCGAN
data/processed/synthetic_dcgan/COVID/images/dcgan_COVID_00070.png,COVID,0,stage1_synthesis,DCGAN
data/processed/synthetic_dcgan/COVID/images/dcgan_COVID_00071.png,COVID,0,stage1_synthesis,DCGAN
data/processed/synthetic_dcgan/COVID/images/dcgan_COVID_00072.png,COVID,0,stage1_synthesis,DCGAN
data/processed/synthetic_dcgan/COVID/images/dcgan_COVID_00073.png,COVID,0,stage1_synthesis,DCGAN
data/processed/synthetic_dcgan/COVID/images/dcgan_COVID_00074.png,COVID,0,stage1_synthesis,DCGAN
data/processed/synthetic_dcgan/COVID/images/dcgan_COVID_00075.png,COVID,0,stage1_synthesis,DCGAN
data/processed/synthetic_dcgan/COVID/images/dcgan_COVID_00076.png,COVID,0,stage1_synthesis,DCGAN
data/processed/synthetic_dcgan/COVID/images/dcgan_COVID_00077.png,COVID,0,stage1_synthesis,DCGAN
data/processed/synthetic_dcgan/COVID/images/dcgan_COVID_00078.png,COVID,0,stage1_synthesis,DCGAN
data/processed/synthetic_dcgan/COVID/images/dcgan_COVID_00079.png,COVID,0,stage1_synthesis,DCGAN
data/processed/synthetic_dcgan/COVID/images/dcgan_COVID_00080.png,COVID,0,stage1_synthesis,DCGAN
data/processed/synthetic_dcgan/COVID/images/dcgan_COVID_00081.png,COVID,0,stage1_synthesis,DCGAN
data/processed/synthetic_dcgan/COVID/images/dcgan_COVID_00082.png,COVID,0,stage1_synthesis,DCGAN
data/processed/synthetic_dcgan/COVID/images/dcgan_COVID_00083.png,COVID,0,stage1_synthesis,DCGAN
data/processed/synthetic_dcgan/COVID/images/dcgan_COVID_00084.png,COVID,0,stage1_synthesis,DCGAN
data/processed/synthetic_dcgan/COVID/images/dcgan_COVID_00085.png,COVID,0,stage1_synthesis,DCGAN
data/processed/synthetic_dcgan/COVID/images/dcgan_COVID_00086.png,COVID,0,stage1_synthesis,DCGAN
data/processed/synthetic_dcgan/COVID/images/dcgan_COVID_00087.png,COVID,0,stage1_synthesis,DCGAN
data/processed/synthetic_dcgan/COVID/images/dcgan_COVID_00088.png,COVID,0,stage1_synthesis,DCGAN
data/processed/synthetic_dcgan/COVID/images/dcgan_COVID_00089.png,COVID,0,stage1_synthesis,DCGAN
data/processed/synthetic_dcgan/COVID/images/dcgan_COVID_00090.png,COVID,0,stage1_synthesis,DCGAN
data/processed/synthetic_dcgan/COVID/images/dcgan_COVID_00091.png,COVID,0,stage1_synthesis,DCGAN
data/processed/synthetic_dcgan/COVID/images/dcgan_COVID_00092.png,COVID,0,stage1_synthesis,DCGAN
data/processed/synthetic_dcgan/COVID/images/dcgan_COVID_00093.png,COVID,0,stage1_synthesis,DCGAN
data/processed/synthetic_dcgan/COVID/images/dcgan_COVID_00094.png,COVID,0,stage1_synthesis,DCGAN
data/processed/synthetic_dcgan/COVID/images/dcgan_COVID_00095.png,COVID,0,stage1_synthesis,DCGAN
data/processed/synthetic_dcgan/COVID/images/dcgan_COVID_00096.png,COVID,0,stage1_synthesis,DCGAN
data/processed/synthetic_dcgan/COVID/images/dcgan_COVID_00097.png,COVID,0,stage1_synthesis,DCGAN
data/processed/synthetic_dcgan/COVID/images/dcgan_COVID_00098.png,COVID,0,stage1_synthesis,DCGAN
data/processed/synthetic_dcgan/COVID/images/dcgan_COVID_00099.png,COVID,0,stage1_synthesis,DCGAN
data/processed/synthetic_dcgan/COVID/images/dcgan_COVID_00100.png,COVID,0,stage1_synthesis,DCGAN
data/processed/synthetic_dcgan/COVID/images/dcgan_COVID_00101.png,COVID,0,stage1_synthesis,DCGAN
data/processed/synthetic_dcgan/COVID/images/dcgan_COVID_00102.png,COVID,0,stage1_synthesis,DCGAN
data/processed/synthetic_dcgan/COVID/images/dcgan_COVID_00103.png,COVID,0,stage1_synthesis,DCGAN
data/processed/synthetic_dcgan/COVID/images/dcgan_COVID_00104.png,COVID,0,stage1_synthesis,DCGAN
data/processed/synthetic_dcgan/COVID/images/dcgan_COVID_00105.png,COVID,0,stage1_synthesis,DCGAN
data/processed/synthetic_dcgan/COVID/images/dcgan_COVID_00106.png,COVID,0,stage1_synthesis,DCGAN
data/processed/synthetic_dcgan/COVID/images/dcgan_COVID_00107.png,COVID,0,stage1_synthesis,DCGAN
data/processed/synthetic_dcgan/COVID/images/dcgan_COVID_00108.png,COVID,0,stage1_synthesis,DCGAN
data/processed/synthetic_dcgan/COVID/images/dcgan_COVID_00109.png,COVID,0,stage1_synthesis,DCGAN
data/processed/synthetic_dcgan/COVID/images/dcgan_COVID_00110.png,COVID,0,stage1_synthesis,DCGAN
data/processed/synthetic_dcgan/COVID/images/dcgan_COVID_00111.png,COVID,0,stage1_synthesis,DCGAN
data/processed/synthetic_dcgan/COVID/images/dcgan_COVID_00112.png,COVID,0,stage1_synthesis,DCGAN
data/processed/synthetic_dcgan/COVID/images/dcgan_COVID_00113.png,COVID,0,stage1_synthesis,DCGAN
data/processed/synthetic_dcgan/COVID/images/dcgan_COVID_00114.png,COVID,0,stage1_synthesis,DCGAN
data/processed/synthetic_dcgan/COVID/images/dcgan_COVID_00115.png,COVID,0,stage1_synthesis,DCGAN
data/processed/synthetic_dcgan/COVID/images/dcgan_COVID_00116.png,COVID,0,stage1_synthesis,DCGAN
data/processed/synthetic_dcgan/COVID/images/dcgan_COVID_00117.png,COVID,0,stage1_synthesis,DCGAN
data/processed/synthetic_dcgan/COVID/images/dcgan_COVID_00118.png,COVID,0,stage1_synthesis,DCGAN
data/processed/synthetic_dcgan/COVID/images/dcgan_COVID_00119.png,COVID,0,stage1_synthesis,DCGAN
data/processed/synthetic_dcgan/COVID/images/dcgan_COVID_00120.png,COVID,0,stage1_synthesis,DCGAN
data/processed/synthetic_dcgan/COVID/images/dcgan_COVID_00121.png,COVID,0,stage1_synthesis,DCGAN
data/processed/synthetic_dcgan/COVID/images/dcgan_COVID_00122.png,COVID,0,stage1_synthesis,DCGAN
data/processed/synthetic_dcgan/COVID/images/dcgan_COVID_00123.png,COVID,0,stage1_synthesis,DCGAN
data/processed/synthetic_dcgan/COVID/images/dcgan_COVID_00124.png,COVID,0,stage1_synthesis,DCGAN
data/processed/synthetic_dcgan/COVID/images/dcgan_COVID_00125.png,COVID,0,stage1_synthesis,DCGAN
data/processed/synthetic_dcgan/COVID/images/dcgan_COVID_00126.png,COVID,0,stage1_synthesis,DCGAN
data/processed/synthetic_dcgan/COVID/images/dcgan_COVID_00127.png,COVID,0,stage1_synthesis,DCGAN
data/processed/synthetic_dcgan/COVID/images/dcgan_COVID_00128.png,COVID,0,stage1_synthesis,DCGAN
data/processed/synthetic_dcgan/COVID/images/dcgan_COVID_00129.png,COVID,0,stage1_synthesis,DCGAN
data/processed/synthetic_dcgan/COVID/images/dcgan_COVID_00130.png,COVID,0,stage1_synthesis,DCGAN
data/processed/synthetic_dcgan/COVID/images/dcgan_COVID_00131.png,COVID,0,stage1_synthesis,DCGAN
data/processed/synthetic_dcgan/COVID/images/dcgan_COVID_00132.png,COVID,0,stage1_synthesis,DCGAN
data/processed/synthetic_dcgan/COVID/images/dcgan_COVID_00133.png,COVID,0,stage1_synthesis,DCGAN
data/processed/synthetic_dcgan/COVID/images/dcgan_COVID_00134.png,COVID,0,stage1_synthesis,DCGAN
data/processed/synthetic_dcgan/COVID/images/dcgan_COVID_00135.png,COVID,0,stage1_synthesis,DCGAN
data/processed/synthetic_dcgan/COVID/images/dcgan_COVID_00136.png,COVID,0,stage1_synthesis,DCGAN
data/processed/synthetic_dcgan/COVID/images/dcgan_COVID_00137.png,COVID,0,stage1_synthesis,DCGAN
data/processed/synthetic_dcgan/COVID/images/dcgan_COVID_00138.png,COVID,0,stage1_synthesis,DCGAN
data/processed/synthetic_dcgan/COVID/images/dcgan_COVID_00139.png,COVID,0,stage1_synthesis,DCGAN
data/processed/synthetic_dcgan/COVID/images/dcgan_COVID_00140.png,COVID,0,stage1_synthesis,DCGAN
data/processed/synthetic_dcgan/COVID/images/dcgan_COVID_00141.png,COVID,0,stage1_synthesis,DCGAN
data/processed/synthetic_dcgan/COVID/images/dcgan_COVID_00142.png,COVID,0,stage1_synthesis,DCGAN
data/processed/synthetic_dcgan/COVID/images/dcgan_COVID_00143.png,COVID,0,stage1_synthesis,DCGAN
data/processed/synthetic_dcgan/COVID/images/dcgan_COVID_00144.png,COVID,0,stage1_synthesis,DCGAN
data/processed/synthetic_dcgan/COVID/images/dcgan_COVID_00145.png,COVID,0,stage1_synthesis,DCGAN
data/processed/synthetic_dcgan/COVID/images/dcgan_COVID_00146.png,COVID,0,stage1_synthesis,DCGAN
data/processed/synthetic_dcgan/COVID/images/dcgan_COVID_00147.png,COVID,0,stage1_synthesis,DCGAN
data/processed/synthetic_dcgan/COVID/images/dcgan_COVID_00148.png,COVID,0,stage1_synthesis,DCGAN
data/processed/synthetic_dcgan/COVID/images/dcgan_COVID_00149.png,COVID,0,stage1_synthesis,DCGAN
data/processed/synthetic_dcgan/COVID/images/dcgan_COVID_00150.png,COVID,0,stage1_synthesis,DCGAN
data/processed/synthetic_dcgan/COVID/images/dcgan_COVID_00151.png,COVID,0,stage1_synthesis,DCGAN
data/processed/synthetic_dcgan/COVID/images/dcgan_COVID_00152.png,COVID,0,stage1_synthesis,DCGAN
data/processed/synthetic_dcgan/COVID/images/dcgan_COVID_00153.png,COVID,0,stage1_synthesis,DCGAN
data/processed/synthetic_dcgan/COVID/images/dcgan_COVID_00154.png,COVID,0,stage1_synthesis,DCGAN
data/processed/synthetic_dcgan/COVID/images/dcgan_COVID_00155.png,COVID,0,stage1_synthesis,DCGAN
data/processed/synthetic_dcgan/COVID/images/dcgan_COVID_00156.png,COVID,0,stage1_synthesis,DCGAN
data/processed/synthetic_dcgan/COVID/images/dcgan_COVID_00157.png,COVID,0,stage1_synthesis,DCGAN
data/processed/synthetic_dcgan/COVID/images/dcgan_COVID_00158.png,COVID,0,stage1_synthesis,DCGAN
data/processed/synthetic_dcgan/COVID/images/dcgan_COVID_00159.png,COVID,0,stage1_synthesis,DCGAN
data/processed/synthetic_dcgan/COVID/images/dcgan_COVID_00160.png,COVID,0,stage1_synthesis,DCGAN
data/processed/synthetic_dcgan/COVID/images/dcgan_COVID_00161.png,COVID,0,stage1_synthesis,DCGAN
data/processed/synthetic_dcgan/COVID/images/dcgan_COVID_00162.png,COVID,0,stage1_synthesis,DCGAN
data/processed/synthetic_dcgan/COVID/images/dcgan_COVID_00163.png,COVID,0,stage1_synthesis,DCGAN
data/processed/synthetic_dcgan/COVID/images/dcgan_COVID_00164.png,COVID,0,stage1_synthesis,DCGAN
data/processed/synthetic_dcgan/COVID/images/dcgan_COVID_00165.png,COVID,0,stage1_synthesis,DCGAN
data/processed/synthetic_dcgan/COVID/images/dcgan_COVID_00166.png,COVID,0,stage1_synthesis,DCGAN
data/processed/synthetic_dcgan/COVID/images/dcgan_COVID_00167.png,COVID,0,stage1_synthesis,DCGAN
data/processed/synthetic_dcgan/COVID/images/dcgan_COVID_00168.png,COVID,0,stage1_synthesis,DCGAN
data/processed/synthetic_dcgan/COVID/images/dcgan_COVID_00169.png,COVID,0,stage1_synthesis,DCGAN
data/processed/synthetic_dcgan/COVID/images/dcgan_COVID_00170.png,COVID,0,stage1_synthesis,DCGAN
data/processed/synthetic_dcgan/COVID/images/dcgan_COVID_00171.png,COVID,0,stage1_synthesis,DCGAN
data/processed/synthetic_dcgan/COVID/images/dcgan_COVID_00172.png,COVID,0,stage1_synthesis,DCGAN
data/processed/synthetic_dcgan/COVID/images/dcgan_COVID_00173.png,COVID,0,stage1_synthesis,DCGAN
data/processed/synthetic_dcgan/COVID/images/dcgan_COVID_00174.png,COVID,0,stage1_synthesis,DCGAN
data/processed/synthetic_dcgan/COVID/images/dcgan_COVID_00175.png,COVID,0,stage1_synthesis,DCGAN
data/processed/synthetic_dcgan/COVID/images/dcgan_COVID_00176.png,COVID,0,stage1_synthesis,DCGAN
data/processed/synthetic_dcgan/COVID/images/dcgan_COVID_00177.png,COVID,0,stage1_synthesis,DCGAN
data/processed/synthetic_dcgan/COVID/images/dcgan_COVID_00178.png,COVID,0,stage1_synthesis,DCGAN
data/processed/synthetic_dcgan/COVID/images/dcgan_COVID_00179.png,COVID,0,stage1_synthesis,DCGAN
data/processed/synthetic_dcgan/COVID/images/dcgan_COVID_00180.png,COVID,0,stage1_synthesis,DCGAN
data/processed/synthetic_dcgan/COVID/images/dcgan_COVID_00181.png,COVID,0,stage1_synthesis,DCGAN
data/processed/synthetic_dcgan/COVID/images/dcgan_COVID_00182.png,COVID,0,stage1_synthesis,DCGAN
data/processed/synthetic_dcgan/COVID/images/dcgan_COVID_00183.png,COVID,0,stage1_synthesis,DCGAN
data/processed/synthetic_dcgan/COVID/images/dcgan_COVID_00184.png,COVID,0,stage1_synthesis,DCGAN
data/processed/synthetic_dcgan/COVID/images/dcgan_COVID_00185.png,COVID,0,stage1_synthesis,DCGAN
data/processed/synthetic_dcgan/COVID/images/dcgan_COVID_00186.png,COVID,0,stage1_synthesis,DCGAN
data/processed/synthetic_dcgan/COVID/images/dcgan_COVID_00187.png,COVID,0,stage1_synthesis,DCGAN
data/processed/synthetic_dcgan/COVID/images/dcgan_COVID_00188.png,COVID,0,stage1_synthesis,DCGAN
data/processed/synthetic_dcgan/COVID/images/dcgan_COVID_00189.png,COVID,0,stage1_synthesis,DCGAN
data/processed/synthetic_dcgan/COVID/images/dcgan_COVID_00190.png,COVID,0,stage1_synthesis,DCGAN
data/processed/synthetic_dcgan/COVID/images/dcgan_COVID_00191.png,COVID,0,stage1_synthesis,DCGAN
data/processed/synthetic_dcgan/COVID/images/dcgan_COVID_00192.png,COVID,0,stage1_synthesis,DCGAN
data/processed/synthetic_dcgan/COVID/images/dcgan_COVID_00193.png,COVID,0,stage1_synthesis,DCGAN
data/processed/synthetic_dcgan/COVID/images/dcgan_COVID_00194.png,COVID,0,stage1_synthesis,DCGAN
data/processed/synthetic_dcgan/COVID/images/dcgan_COVID_00195.png,COVID,0,stage1_synthesis,DCGAN
data/processed/synthetic_dcgan/COVID/images/dcgan_COVID_00196.png,COVID,0,stage1_synthesis,DCGAN
data/processed/synthetic_dcgan/COVID/images/dcgan_COVID_00197.png,COVID,0,stage1_synthesis,DCGAN
data/processed/synthetic_dcgan/COVID/images/dcgan_COVID_00198.png,COVID,0,stage1_synthesis,DCGAN
data/processed/synthetic_dcgan/COVID/images/dcgan_COVID_00199.png,COVID,0,stage1_synthesis,DCGAN
data/processed/synthetic_dcgan/COVID/images/dcgan_COVID_00200.png,COVID,0,stage1_synthesis,DCGAN
data/processed/synthetic_dcgan/COVID/images/dcgan_COVID_00201.png,COVID,0,stage1_synthesis,DCGAN
data/processed/synthetic_dcgan/COVID/images/dcgan_COVID_00202.png,COVID,0,stage1_synthesis,DCGAN
data/processed/synthetic_dcgan/COVID/images/dcgan_COVID_00203.png,COVID,0,stage1_synthesis,DCGAN
data/processed/synthetic_dcgan/COVID/images/dcgan_COVID_00204.png,COVID,0,stage1_synthesis,DCGAN
data/processed/synthetic_dcgan/COVID/images/dcgan_COVID_00205.png,COVID,0,stage1_synthesis,DCGAN
data/processed/synthetic_dcgan/COVID/images/dcgan_COVID_00206.png,COVID,0,stage1_synthesis,DCGAN
data/processed/synthetic_dcgan/COVID/images/dcgan_COVID_00207.png,COVID,0,stage1_synthesis,DCGAN
data/processed/synthetic_dcgan/COVID/images/dcgan_COVID_00208.png,COVID,0,stage1_synthesis,DCGAN
data/processed/synthetic_dcgan/COVID/images/dcgan_COVID_00209.png,COVID,0,stage1_synthesis,DCGAN
data/processed/synthetic_dcgan/COVID/images/dcgan_COVID_00210.png,COVID,0,stage1_synthesis,DCGAN
data/processed/synthetic_dcgan/COVID/images/dcgan_COVID_00211.png,COVID,0,stage1_synthesis,DCGAN
data/processed/synthetic_dcgan/COVID/images/dcgan_COVID_00212.png,COVID,0,stage1_synthesis,DCGAN
data/processed/synthetic_dcgan/COVID/images/dcgan_COVID_00213.png,COVID,0,stage1_synthesis,DCGAN
data/processed/synthetic_dcgan/COVID/images/dcgan_COVID_00214.png,COVID,0,stage1_synthesis,DCGAN
data/processed/synthetic_dcgan/COVID/images/dcgan_COVID_00215.png,COVID,0,stage1_synthesis,DCGAN
data/processed/synthetic_dcgan/COVID/images/dcgan_COVID_00216.png,COVID,0,stage1_synthesis,DCGAN
data/processed/synthetic_dcgan/COVID/images/dcgan_COVID_00217.png,COVID,0,stage1_synthesis,DCGAN
data/processed/synthetic_dcgan/COVID/images/dcgan_COVID_00218.png,COVID,0,stage1_synthesis,DCGAN
data/processed/synthetic_dcgan/COVID/images/dcgan_COVID_00219.png,COVID,0,stage1_synthesis,DCGAN
data/processed/synthetic_dcgan/COVID/images/dcgan_COVID_00220.png,COVID,0,stage1_synthesis,DCGAN
data/processed/synthetic_dcgan/COVID/images/dcgan_COVID_00221.png,COVID,0,stage1_synthesis,DCGAN
data/processed/synthetic_dcgan/COVID/images/dcgan_COVID_00222.png,COVID,0,stage1_synthesis,DCGAN
data/processed/synthetic_dcgan/COVID/images/dcgan_COVID_00223.png,COVID,0,stage1_synthesis,DCGAN
data/processed/synthetic_dcgan/COVID/images/dcgan_COVID_00224.png,COVID,0,stage1_synthesis,DCGAN
data/processed/synthetic_dcgan/COVID/images/dcgan_COVID_00225.png,COVID,0,stage1_synthesis,DCGAN
data/processed/synthetic_dcgan/COVID/images/dcgan_COVID_00226.png,COVID,0,stage1_synthesis,DCGAN
data/processed/synthetic_dcgan/COVID/images/dcgan_COVID_00227.png,COVID,0,stage1_synthesis,DCGAN
data/processed/synthetic_dcgan/COVID/images/dcgan_COVID_00228.png,COVID,0,stage1_synthesis,DCGAN
data/processed/synthetic_dcgan/COVID/images/dcgan_COVID_00229.png,COVID,0,stage1_synthesis,DCGAN
data/processed/synthetic_dcgan/COVID/images/dcgan_COVID_00230.png,COVID,0,stage1_synthesis,DCGAN
data/processed/synthetic_dcgan/COVID/images/dcgan_COVID_00231.png,COVID,0,stage1_synthesis,DCGAN
data/processed/synthetic_dcgan/COVID/images/dcgan_COVID_00232.png,COVID,0,stage1_synthesis,DCGAN
data/processed/synthetic_dcgan/COVID/images/dcgan_COVID_00233.png,COVID,0,stage1_synthesis,DCGAN
data/processed/synthetic_dcgan/COVID/images/dcgan_COVID_00234.png,COVID,0,stage1_synthesis,DCGAN
data/processed/synthetic_dcgan/COVID/images/dcgan_COVID_00235.png,COVID,0,stage1_synthesis,DCGAN
data/processed/synthetic_dcgan/COVID/images/dcgan_COVID_00236.png,COVID,0,stage1_synthesis,DCGAN
data/processed/synthetic_dcgan/COVID/images/dcgan_COVID_00237.png,COVID,0,stage1_synthesis,DCGAN
data/processed/synthetic_dcgan/COVID/images/dcgan_COVID_00238.png,COVID,0,stage1_synthesis,DCGAN
data/processed/synthetic_dcgan/COVID/images/dcgan_COVID_00239.png,COVID,0,stage1_synthesis,DCGAN
data/processed/synthetic_dcgan/COVID/images/dcgan_COVID_00240.png,COVID,0,stage1_synthesis,DCGAN
data/processed/synthetic_dcgan/COVID/images/dcgan_COVID_00241.png,COVID,0,stage1_synthesis,DCGAN
data/processed/synthetic_dcgan/COVID/images/dcgan_COVID_00242.png,COVID,0,stage1_synthesis,DCGAN
data/processed/synthetic_dcgan/COVID/images/dcgan_COVID_00243.png,COVID,0,stage1_synthesis,DCGAN
data/processed/synthetic_dcgan/COVID/images/dcgan_COVID_00244.png,COVID,0,stage1_synthesis,DCGAN
data/processed/synthetic_dcgan/COVID/images/dcgan_COVID_00245.png,COVID,0,stage1_synthesis,DCGAN
data/processed/synthetic_dcgan/COVID/images/dcgan_COVID_00246.png,COVID,0,stage1_synthesis,DCGAN
data/processed/synthetic_dcgan/COVID/images/dcgan_COVID_00247.png,COVID,0,stage1_synthesis,DCGAN
data/processed/synthetic_dcgan/COVID/images/dcgan_COVID_00248.png,COVID,0,stage1_synthesis,DCGAN
data/processed/synthetic_dcgan/COVID/images/dcgan_COVID_00249.png,COVID,0,stage1_synthesis,DCGAN
data/processed/synthetic_dcgan/COVID/images/dcgan_COVID_00250.png,COVID,0,stage1_synthesis,DCGAN
data/processed/synthetic_dcgan/COVID/images/dcgan_COVID_00251.png,COVID,0,stage1_synthesis,DCGAN
data/processed/synthetic_dcgan/COVID/images/dcgan_COVID_00252.png,COVID,0,stage1_synthesis,DCGAN
data/processed/synthetic_dcgan/COVID/images/dcgan_COVID_00253.png,COVID,0,stage1_synthesis,DCGAN
data/processed/synthetic_dcgan/COVID/images/dcgan_COVID_00254.png,COVID,0,stage1_synthesis,DCGAN
data/processed/synthetic_dcgan/COVID/images/dcgan_COVID_00255.png,COVID,0,stage1_synthesis,DCGAN
data/processed/synthetic_dcgan/COVID/images/dcgan_COVID_00256.png,COVID,0,stage1_synthesis,DCGAN
data/processed/synthetic_dcgan/COVID/images/dcgan_COVID_00257.png,COVID,0,stage1_synthesis,DCGAN
data/processed/synthetic_dcgan/COVID/images/dcgan_COVID_00258.png,COVID,0,stage1_synthesis,DCGAN
data/processed/synthetic_dcgan/COVID/images/dcgan_COVID_00259.png,COVID,0,stage1_synthesis,DCGAN
data/processed/synthetic_dcgan/COVID/images/dcgan_COVID_00260.png,COVID,0,stage1_synthesis,DCGAN
data/processed/synthetic_dcgan/COVID/images/dcgan_COVID_00261.png,COVID,0,stage1_synthesis,DCGAN
data/processed/synthetic_dcgan/COVID/images/dcgan_COVID_00262.png,COVID,0,stage1_synthesis,DCGAN
data/processed/synthetic_dcgan/COVID/images/dcgan_COVID_00263.png,COVID,0,stage1_synthesis,DCGAN
data/processed/synthetic_dcgan/COVID/images/dcgan_COVID_00264.png,COVID,0,stage1_synthesis,DCGAN
data/processed/synthetic_dcgan/COVID/images/dcgan_COVID_00265.png,COVID,0,stage1_synthesis,DCGAN
data/processed/synthetic_dcgan/COVID/images/dcgan_COVID_00266.png,COVID,0,stage1_synthesis,DCGAN
data/processed/synthetic_dcgan/COVID/images/dcgan_COVID_00267.png,COVID,0,stage1_synthesis,DCGAN
data/processed/synthetic_dcgan/COVID/images/dcgan_COVID_00268.png,COVID,0,stage1_synthesis,DCGAN
data/processed/synthetic_dcgan/COVID/images/dcgan_COVID_00269.png,COVID,0,stage1_synthesis,DCGAN
data/processed/synthetic_dcgan/COVID/images/dcgan_COVID_00270.png,COVID,0,stage1_synthesis,DCGAN
data/processed/synthetic_dcgan/COVID/images/dcgan_COVID_00271.png,COVID,0,stage1_synthesis,DCGAN
data/processed/synthetic_dcgan/COVID/images/dcgan_COVID_00272.png,COVID,0,stage1_synthesis,DCGAN
data/processed/synthetic_dcgan/COVID/images/dcgan_COVID_00273.png,COVID,0,stage1_synthesis,DCGAN
data/processed/synthetic_dcgan/COVID/images/dcgan_COVID_00274.png,COVID,0,stage1_synthesis,DCGAN
data/processed/synthetic_dcgan/COVID/images/dcgan_COVID_00275.png,COVID,0,stage1_synthesis,DCGAN
data/processed/synthetic_dcgan/COVID/images/dcgan_COVID_00276.png,COVID,0,stage1_synthesis,DCGAN
data/processed/synthetic_dcgan/COVID/images/dcgan_COVID_00277.png,COVID,0,stage1_synthesis,DCGAN
data/processed/synthetic_dcgan/COVID/images/dcgan_COVID_00278.png,COVID,0,stage1_synthesis,DCGAN
data/processed/synthetic_dcgan/COVID/images/dcgan_COVID_00279.png,COVID,0,stage1_synthesis,DCGAN
data/processed/synthetic_dcgan/COVID/images/dcgan_COVID_00280.png,COVID,0,stage1_synthesis,DCGAN
data/processed/synthetic_dcgan/COVID/images/dcgan_COVID_00281.png,COVID,0,stage1_synthesis,DCGAN
data/processed/synthetic_dcgan/COVID/images/dcgan_COVID_00282.png,COVID,0,stage1_synthesis,DCGAN
data/processed/synthetic_dcgan/COVID/images/dcgan_COVID_00283.png,COVID,0,stage1_synthesis,DCGAN
data/processed/synthetic_dcgan/COVID/images/dcgan_COVID_00284.png,COVID,0,stage1_synthesis,DCGAN
data/processed/synthetic_dcgan/COVID/images/dcgan_COVID_00285.png,COVID,0,stage1_synthesis,DCGAN
data/processed/synthetic_dcgan/COVID/images/dcgan_COVID_00286.png,COVID,0,stage1_synthesis,DCGAN
data/processed/synthetic_dcgan/COVID/images/dcgan_COVID_00287.png,COVID,0,stage1_synthesis,DCGAN
data/processed/synthetic_dcgan/COVID/images/dcgan_COVID_00288.png,COVID,0,stage1_synthesis,DCGAN
data/processed/synthetic_dcgan/COVID/images/dcgan_COVID_00289.png,COVID,0,stage1_synthesis,DCGAN
data/processed/synthetic_dcgan/COVID/images/dcgan_COVID_00290.png,COVID,0,stage1_synthesis,DCGAN
data/processed/synthetic_dcgan/COVID/images/dcgan_COVID_00291.png,COVID,0,stage1_synthesis,DCGAN
data/processed/synthetic_dcgan/COVID/images/dcgan_COVID_00292.png,COVID,0,stage1_synthesis,DCGAN
data/processed/synthetic_dcgan/COVID/images/dcgan_COVID_00293.png,COVID,0,stage1_synthesis,DCGAN
data/processed/synthetic_dcgan/COVID/images/dcgan_COVID_00294.png,COVID,0,stage1_synthesis,DCGAN
data/processed/synthetic_dcgan/COVID/images/dcgan_COVID_00295.png,COVID,0,stage1_synthesis,DCGAN
data/processed/synthetic_dcgan/COVID/images/dcgan_COVID_00296.png,COVID,0,stage1_synthesis,DCGAN
data/processed/synthetic_dcgan/COVID/images/dcgan_COVID_00297.png,COVID,0,stage1_synthesis,DCGAN
data/processed/synthetic_dcgan/COVID/images/dcgan_COVID_00298.png,COVID,0,stage1_synthesis,DCGAN
data/processed/synthetic_dcgan/COVID/images/dcgan_COVID_00299.png,COVID,0,stage1_synthesis,DCGAN
data/processed/synthetic_dcgan/COVID/images/dcgan_COVID_00300.png,COVID,0,stage1_synthesis,DCGAN
data/processed/synthetic_dcgan/COVID/images/dcgan_COVID_00301.png,COVID,0,stage1_synthesis,DCGAN
data/processed/synthetic_dcgan/COVID/images/dcgan_COVID_00302.png,COVID,0,stage1_synthesis,DCGAN
data/processed/synthetic_dcgan/COVID/images/dcgan_COVID_00303.png,COVID,0,stage1_synthesis,DCGAN
data/processed/synthetic_dcgan/COVID/images/dcgan_COVID_00304.png,COVID,0,stage1_synthesis,DCGAN
data/processed/synthetic_dcgan/COVID/images/dcgan_COVID_00305.png,COVID,0,stage1_synthesis,DCGAN
data/processed/synthetic_dcgan/COVID/images/dcgan_COVID_00306.png,COVID,0,stage1_synthesis,DCGAN
data/processed/synthetic_dcgan/COVID/images/dcgan_COVID_00307.png,COVID,0,stage1_synthesis,DCGAN
data/processed/synthetic_dcgan/COVID/images/dcgan_COVID_00308.png,COVID,0,stage1_synthesis,DCGAN
data/processed/synthetic_dcgan/COVID/images/dcgan_COVID_00309.png,COVID,0,stage1_synthesis,DCGAN
data/processed/synthetic_dcgan/COVID/images/dcgan_COVID_00310.png,COVID,0,stage1_synthesis,DCGAN
data/processed/synthetic_dcgan/COVID/images/dcgan_COVID_00311.png,COVID,0,stage1_synthesis,DCGAN
data/processed/synthetic_dcgan/COVID/images/dcgan_COVID_00312.png,COVID,0,stage1_synthesis,DCGAN
data/processed/synthetic_dcgan/COVID/images/dcgan_COVID_00313.png,COVID,0,stage1_synthesis,DCGAN
data/processed/synthetic_dcgan/COVID/images/dcgan_COVID_00314.png,COVID,0,stage1_synthesis,DCGAN
data/processed/synthetic_dcgan/COVID/images/dcgan_COVID_00315.png,COVID,0,stage1_synthesis,DCGAN
data/processed/synthetic_dcgan/COVID/images/dcgan_COVID_00316.png,COVID,0,stage1_synthesis,DCGAN
data/processed/synthetic_dcgan/COVID/images/dcgan_COVID_00317.png,COVID,0,stage1_synthesis,DCGAN
data/processed/synthetic_dcgan/COVID/images/dcgan_COVID_00318.png,COVID,0,stage1_synthesis,DCGAN
data/processed/synthetic_dcgan/COVID/images/dcgan_COVID_00319.png,COVID,0,stage1_synthesis,DCGAN
data/processed/synthetic_dcgan/COVID/images/dcgan_COVID_00320.png,COVID,0,stage1_synthesis,DCGAN
data/processed/synthetic_dcgan/COVID/images/dcgan_COVID_00321.png,COVID,0,stage1_synthesis,DCGAN
data/processed/synthetic_dcgan/COVID/images/dcgan_COVID_00322.png,COVID,0,stage1_synthesis,DCGAN
data/processed/synthetic_dcgan/COVID/images/dcgan_COVID_00323.png,COVID,0,stage1_synthesis,DCGAN
data/processed/synthetic_dcgan/COVID/images/dcgan_COVID_00324.png,COVID,0,stage1_synthesis,DCGAN
data/processed/synthetic_dcgan/COVID/images/dcgan_COVID_00325.png,COVID,0,stage1_synthesis,DCGAN
data/processed/synthetic_dcgan/COVID/images/dcgan_COVID_00326.png,COVID,0,stage1_synthesis,DCGAN
data/processed/synthetic_dcgan/COVID/images/dcgan_COVID_00327.png,COVID,0,stage1_synthesis,DCGAN
data/processed/synthetic_dcgan/COVID/images/dcgan_COVID_00328.png,COVID,0,stage1_synthesis,DCGAN
data/processed/synthetic_dcgan/COVID/images/dcgan_COVID_00329.png,COVID,0,stage1_synthesis,DCGAN
data/processed/synthetic_dcgan/COVID/images/dcgan_COVID_00330.png,COVID,0,stage1_synthesis,DCGAN
data/processed/synthetic_dcgan/COVID/images/dcgan_COVID_00331.png,COVID,0,stage1_synthesis,DCGAN
data/processed/synthetic_dcgan/COVID/images/dcgan_COVID_00332.png,COVID,0,stage1_synthesis,DCGAN
data/processed/synthetic_dcgan/COVID/images/dcgan_COVID_00333.png,COVID,0,stage1_synthesis,DCGAN
data/processed/synthetic_dcgan/COVID/images/dcgan_COVID_00334.png,COVID,0,stage1_synthesis,DCGAN
data/processed/synthetic_dcgan/COVID/images/dcgan_COVID_00335.png,COVID,0,stage1_synthesis,DCGAN
data/processed/synthetic_dcgan/COVID/images/dcgan_COVID_00336.png,COVID,0,stage1_synthesis,DCGAN
data/processed/synthetic_dcgan/COVID/images/dcgan_COVID_00337.png,COVID,0,stage1_synthesis,DCGAN
data/processed/synthetic_dcgan/COVID/images/dcgan_COVID_00338.png,COVID,0,stage1_synthesis,DCGAN
data/processed/synthetic_dcgan/COVID/images/dcgan_COVID_00339.png,COVID,0,stage1_synthesis,DCGAN
data/processed/synthetic_dcgan/COVID/images/dcgan_COVID_00340.png,COVID,0,stage1_synthesis,DCGAN
data/processed/synthetic_dcgan/COVID/images/dcgan_COVID_00341.png,COVID,0,stage1_synthesis,DCGAN
data/processed/synthetic_dcgan/COVID/images/dcgan_COVID_00342.png,COVID,0,stage1_synthesis,DCGAN
data/processed/synthetic_dcgan/COVID/images/dcgan_COVID_00343.png,COVID,0,stage1_synthesis,DCGAN
data/processed/synthetic_dcgan/COVID/images/dcgan_COVID_00344.png,COVID,0,stage1_synthesis,DCGAN
data/processed/synthetic_dcgan/COVID/images/dcgan_COVID_00345.png,COVID,0,stage1_synthesis,DCGAN
data/processed/synthetic_dcgan/COVID/images/dcgan_COVID_00346.png,COVID,0,stage1_synthesis,DCGAN
data/processed/synthetic_dcgan/COVID/images/dcgan_COVID_00347.png,COVID,0,stage1_synthesis,DCGAN
data/processed/synthetic_dcgan/COVID/images/dcgan_COVID_00348.png,COVID,0,stage1_synthesis,DCGAN
data/processed/synthetic_dcgan/COVID/images/dcgan_COVID_00349.png,COVID,0,stage1_synthesis,DCGAN
data/processed/synthetic_dcgan/COVID/images/dcgan_COVID_00350.png,COVID,0,stage1_synthesis,DCGAN
data/processed/synthetic_dcgan/COVID/images/dcgan_COVID_00351.png,COVID,0,stage1_synthesis,DCGAN
data/processed/synthetic_dcgan/COVID/images/dcgan_COVID_00352.png,COVID,0,stage1_synthesis,DCGAN
data/processed/synthetic_dcgan/COVID/images/dcgan_COVID_00353.png,COVID,0,stage1_synthesis,DCGAN
data/processed/synthetic_dcgan/COVID/images/dcgan_COVID_00354.png,COVID,0,stage1_synthesis,DCGAN
data/processed/synthetic_dcgan/COVID/images/dcgan_COVID_00355.png,COVID,0,stage1_synthesis,DCGAN
data/processed/synthetic_dcgan/COVID/images/dcgan_COVID_00356.png,COVID,0,stage1_synthesis,DCGAN
data/processed/synthetic_dcgan/COVID/images/dcgan_COVID_00357.png,COVID,0,stage1_synthesis,DCGAN
data/processed/synthetic_dcgan/COVID/images/dcgan_COVID_00358.png,COVID,0,stage1_synthesis,DCGAN
data/processed/synthetic_dcgan/COVID/images/dcgan_COVID_00359.png,COVID,0,stage1_synthesis,DCGAN
data/processed/synthetic_dcgan/COVID/images/dcgan_COVID_00360.png,COVID,0,stage1_synthesis,DCGAN
data/processed/synthetic_dcgan/COVID/images/dcgan_COVID_00361.png,COVID,0,stage1_synthesis,DCGAN
data/processed/synthetic_dcgan/COVID/images/dcgan_COVID_00362.png,COVID,0,stage1_synthesis,DCGAN
data/processed/synthetic_dcgan/COVID/images/dcgan_COVID_00363.png,COVID,0,stage1_synthesis,DCGAN
data/processed/synthetic_dcgan/COVID/images/dcgan_COVID_00364.png,COVID,0,stage1_synthesis,DCGAN
data/processed/synthetic_dcgan/COVID/images/dcgan_COVID_00365.png,COVID,0,stage1_synthesis,DCGAN
data/processed/synthetic_dcgan/COVID/images/dcgan_COVID_00366.png,COVID,0,stage1_synthesis,DCGAN
data/processed/synthetic_dcgan/COVID/images/dcgan_COVID_00367.png,COVID,0,stage1_synthesis,DCGAN
data/processed/synthetic_dcgan/COVID/images/dcgan_COVID_00368.png,COVID,0,stage1_synthesis,DCGAN
data/processed/synthetic_dcgan/COVID/images/dcgan_COVID_00369.png,COVID,0,stage1_synthesis,DCGAN
data/processed/synthetic_dcgan/COVID/images/dcgan_COVID_00370.png,COVID,0,stage1_synthesis,DCGAN
data/processed/synthetic_dcgan/COVID/images/dcgan_COVID_00371.png,COVID,0,stage1_synthesis,DCGAN
data/processed/synthetic_dcgan/COVID/images/dcgan_COVID_00372.png,COVID,0,stage1_synthesis,DCGAN
data/processed/synthetic_dcgan/COVID/images/dcgan_COVID_00373.png,COVID,0,stage1_synthesis,DCGAN
data/processed/synthetic_dcgan/COVID/images/dcgan_COVID_00374.png,COVID,0,stage1_synthesis,DCGAN
data/processed/synthetic_dcgan/COVID/images/dcgan_COVID_00375.png,COVID,0,stage1_synthesis,DCGAN
data/processed/synthetic_dcgan/COVID/images/dcgan_COVID_00376.png,COVID,0,stage1_synthesis,DCGAN
data/processed/synthetic_dcgan/COVID/images/dcgan_COVID_00377.png,COVID,0,stage1_synthesis,DCGAN
data/processed/synthetic_dcgan/COVID/images/dcgan_COVID_00378.png,COVID,0,stage1_synthesis,DCGAN
data/processed/synthetic_dcgan/COVID/images/dcgan_COVID_00379.png,COVID,0,stage1_synthesis,DCGAN
data/processed/synthetic_dcgan/COVID/images/dcgan_COVID_00380.png,COVID,0,stage1_synthesis,DCGAN
data/processed/synthetic_dcgan/COVID/images/dcgan_COVID_00381.png,COVID,0,stage1_synthesis,DCGAN
data/processed/synthetic_dcgan/COVID/images/dcgan_COVID_00382.png,COVID,0,stage1_synthesis,DCGAN
data/processed/synthetic_dcgan/COVID/images/dcgan_COVID_00383.png,COVID,0,stage1_synthesis,DCGAN
data/processed/synthetic_dcgan/COVID/images/dcgan_COVID_00384.png,COVID,0,stage1_synthesis,DCGAN
data/processed/synthetic_dcgan/COVID/images/dcgan_COVID_00385.png,COVID,0,stage1_synthesis,DCGAN
data/processed/synthetic_dcgan/COVID/images/dcgan_COVID_00386.png,COVID,0,stage1_synthesis,DCGAN
data/processed/synthetic_dcgan/COVID/images/dcgan_COVID_00387.png,COVID,0,stage1_synthesis,DCGAN
data/processed/synthetic_dcgan/COVID/images/dcgan_COVID_00388.png,COVID,0,stage1_synthesis,DCGAN
data/processed/synthetic_dcgan/COVID/images/dcgan_COVID_00389.png,COVID,0,stage1_synthesis,DCGAN
data/processed/synthetic_dcgan/COVID/images/dcgan_COVID_00390.png,COVID,0,stage1_synthesis,DCGAN
data/processed/synthetic_dcgan/COVID/images/dcgan_COVID_00391.png,COVID,0,stage1_synthesis,DCGAN
data/processed/synthetic_dcgan/COVID/images/dcgan_COVID_00392.png,COVID,0,stage1_synthesis,DCGAN
data/processed/synthetic_dcgan/COVID/images/dcgan_COVID_00393.png,COVID,0,stage1_synthesis,DCGAN
data/processed/synthetic_dcgan/COVID/images/dcgan_COVID_00394.png,COVID,0,stage1_synthesis,DCGAN
data/processed/synthetic_dcgan/COVID/images/dcgan_COVID_00395.png,COVID,0,stage1_synthesis,DCGAN
data/processed/synthetic_dcgan/COVID/images/dcgan_COVID_00396.png,COVID,0,stage1_synthesis,DCGAN
data/processed/synthetic_dcgan/COVID/images/dcgan_COVID_00397.png,COVID,0,stage1_synthesis,DCGAN
data/processed/synthetic_dcgan/COVID/images/dcgan_COVID_00398.png,COVID,0,stage1_synthesis,DCGAN
data/processed/synthetic_dcgan/COVID/images/dcgan_COVID_00399.png,COVID,0,stage1_synthesis,DCGAN
data/processed/synthetic_dcgan/COVID/images/dcgan_COVID_00400.png,COVID,0,stage1_synthesis,DCGAN
data/processed/synthetic_dcgan/COVID/images/dcgan_COVID_00401.png,COVID,0,stage1_synthesis,DCGAN
data/processed/synthetic_dcgan/COVID/images/dcgan_COVID_00402.png,COVID,0,stage1_synthesis,DCGAN
data/processed/synthetic_dcgan/COVID/images/dcgan_COVID_00403.png,COVID,0,stage1_synthesis,DCGAN
data/processed/synthetic_dcgan/COVID/images/dcgan_COVID_00404.png,COVID,0,stage1_synthesis,DCGAN
data/processed/synthetic_dcgan/COVID/images/dcgan_COVID_00405.png,COVID,0,stage1_synthesis,DCGAN
data/processed/synthetic_dcgan/COVID/images/dcgan_COVID_00406.png,COVID,0,stage1_synthesis,DCGAN
data/processed/synthetic_dcgan/COVID/images/dcgan_COVID_00407.png,COVID,0,stage1_synthesis,DCGAN
data/processed/synthetic_dcgan/COVID/images/dcgan_COVID_00408.png,COVID,0,stage1_synthesis,DCGAN
data/processed/synthetic_dcgan/COVID/images/dcgan_COVID_00409.png,COVID,0,stage1_synthesis,DCGAN
data/processed/synthetic_dcgan/COVID/images/dcgan_COVID_00410.png,COVID,0,stage1_synthesis,DCGAN
data/processed/synthetic_dcgan/COVID/images/dcgan_COVID_00411.png,COVID,0,stage1_synthesis,DCGAN
data/processed/synthetic_dcgan/COVID/images/dcgan_COVID_00412.png,COVID,0,stage1_synthesis,DCGAN
data/processed/synthetic_dcgan/COVID/images/dcgan_COVID_00413.png,COVID,0,stage1_synthesis,DCGAN
data/processed/synthetic_dcgan/COVID/images/dcgan_COVID_00414.png,COVID,0,stage1_synthesis,DCGAN
data/processed/synthetic_dcgan/COVID/images/dcgan_COVID_00415.png,COVID,0,stage1_synthesis,DCGAN
data/processed/synthetic_dcgan/COVID/images/dcgan_COVID_00416.png,COVID,0,stage1_synthesis,DCGAN
data/processed/synthetic_dcgan/COVID/images/dcgan_COVID_00417.png,COVID,0,stage1_synthesis,DCGAN
data/processed/synthetic_dcgan/COVID/images/dcgan_COVID_00418.png,COVID,0,stage1_synthesis,DCGAN
data/processed/synthetic_dcgan/COVID/images/dcgan_COVID_00419.png,COVID,0,stage1_synthesis,DCGAN
data/processed/synthetic_dcgan/COVID/images/dcgan_COVID_00420.png,COVID,0,stage1_synthesis,DCGAN
data/processed/synthetic_dcgan/COVID/images/dcgan_COVID_00421.png,COVID,0,stage1_synthesis,DCGAN
data/processed/synthetic_dcgan/COVID/images/dcgan_COVID_00422.png,COVID,0,stage1_synthesis,DCGAN
data/processed/synthetic_dcgan/COVID/images/dcgan_COVID_00423.png,COVID,0,stage1_synthesis,DCGAN
data/processed/synthetic_dcgan/COVID/images/dcgan_COVID_00424.png,COVID,0,stage1_synthesis,DCGAN
data/processed/synthetic_dcgan/COVID/images/dcgan_COVID_00425.png,COVID,0,stage1_synthesis,DCGAN
data/processed/synthetic_dcgan/COVID/images/dcgan_COVID_00426.png,COVID,0,stage1_synthesis,DCGAN
data/processed/synthetic_dcgan/COVID/images/dcgan_COVID_00427.png,COVID,0,stage1_synthesis,DCGAN
data/processed/synthetic_dcgan/COVID/images/dcgan_COVID_00428.png,COVID,0,stage1_synthesis,DCGAN
data/processed/synthetic_dcgan/COVID/images/dcgan_COVID_00429.png,COVID,0,stage1_synthesis,DCGAN
data/processed/synthetic_dcgan/COVID/images/dcgan_COVID_00430.png,COVID,0,stage1_synthesis,DCGAN
data/processed/synthetic_dcgan/COVID/images/dcgan_COVID_00431.png,COVID,0,stage1_synthesis,DCGAN
data/processed/synthetic_dcgan/COVID/images/dcgan_COVID_00432.png,COVID,0,stage1_synthesis,DCGAN
data/processed/synthetic_dcgan/COVID/images/dcgan_COVID_00433.png,COVID,0,stage1_synthesis,DCGAN
data/processed/synthetic_dcgan/COVID/images/dcgan_COVID_00434.png,COVID,0,stage1_synthesis,DCGAN
data/processed/synthetic_dcgan/COVID/images/dcgan_COVID_00435.png,COVID,0,stage1_synthesis,DCGAN
data/processed/synthetic_dcgan/COVID/images/dcgan_COVID_00436.png,COVID,0,stage1_synthesis,DCGAN
data/processed/synthetic_dcgan/COVID/images/dcgan_COVID_00437.png,COVID,0,stage1_synthesis,DCGAN
data/processed/synthetic_dcgan/COVID/images/dcgan_COVID_00438.png,COVID,0,stage1_synthesis,DCGAN
data/processed/synthetic_dcgan/COVID/images/dcgan_COVID_00439.png,COVID,0,stage1_synthesis,DCGAN
data/processed/synthetic_dcgan/COVID/images/dcgan_COVID_00440.png,COVID,0,stage1_synthesis,DCGAN
data/processed/synthetic_dcgan/COVID/images/dcgan_COVID_00441.png,COVID,0,stage1_synthesis,DCGAN
data/processed/synthetic_dcgan/COVID/images/dcgan_COVID_00442.png,COVID,0,stage1_synthesis,DCGAN
data/processed/synthetic_dcgan/COVID/images/dcgan_COVID_00443.png,COVID,0,stage1_synthesis,DCGAN
data/processed/synthetic_dcgan/COVID/images/dcgan_COVID_00444.png,COVID,0,stage1_synthesis,DCGAN
data/processed/synthetic_dcgan/COVID/images/dcgan_COVID_00445.png,COVID,0,stage1_synthesis,DCGAN
data/processed/synthetic_dcgan/COVID/images/dcgan_COVID_00446.png,COVID,0,stage1_synthesis,DCGAN
data/processed/synthetic_dcgan/COVID/images/dcgan_COVID_00447.png,COVID,0,stage1_synthesis,DCGAN
data/processed/synthetic_dcgan/COVID/images/dcgan_COVID_00448.png,COVID,0,stage1_synthesis,DCGAN
data/processed/synthetic_dcgan/COVID/images/dcgan_COVID_00449.png,COVID,0,stage1_synthesis,DCGAN
data/processed/synthetic_dcgan/COVID/images/dcgan_COVID_00450.png,COVID,0,stage1_synthesis,DCGAN
data/processed/synthetic_dcgan/COVID/images/dcgan_COVID_00451.png,COVID,0,stage1_synthesis,DCGAN
data/processed/synthetic_dcgan/COVID/images/dcgan_COVID_00452.png,COVID,0,stage1_synthesis,DCGAN
data/processed/synthetic_dcgan/COVID/images/dcgan_COVID_00453.png,COVID,0,stage1_synthesis,DCGAN
data/processed/synthetic_dcgan/COVID/images/dcgan_COVID_00454.png,COVID,0,stage1_synthesis,DCGAN
data/processed/synthetic_dcgan/COVID/images/dcgan_COVID_00455.png,COVID,0,stage1_synthesis,DCGAN
data/processed/synthetic_dcgan/COVID/images/dcgan_COVID_00456.png,COVID,0,stage1_synthesis,DCGAN
data/processed/synthetic_dcgan/COVID/images/dcgan_COVID_00457.png,COVID,0,stage1_synthesis,DCGAN
data/processed/synthetic_dcgan/COVID/images/dcgan_COVID_00458.png,COVID,0,stage1_synthesis,DCGAN
data/processed/synthetic_dcgan/COVID/images/dcgan_COVID_00459.png,COVID,0,stage1_synthesis,DCGAN
data/processed/synthetic_dcgan/COVID/images/dcgan_COVID_00460.png,COVID,0,stage1_synthesis,DCGAN
data/processed/synthetic_dcgan/COVID/images/dcgan_COVID_00461.png,COVID,0,stage1_synthesis,DCGAN
data/processed/synthetic_dcgan/COVID/images/dcgan_COVID_00462.png,COVID,0,stage1_synthesis,DCGAN
data/processed/synthetic_dcgan/COVID/images/dcgan_COVID_00463.png,COVID,0,stage1_synthesis,DCGAN
data/processed/synthetic_dcgan/COVID/images/dcgan_COVID_00464.png,COVID,0,stage1_synthesis,DCGAN
data/processed/synthetic_dcgan/COVID/images/dcgan_COVID_00465.png,COVID,0,stage1_synthesis,DCGAN
data/processed/synthetic_dcgan/COVID/images/dcgan_COVID_00466.png,COVID,0,stage1_synthesis,DCGAN
data/processed/synthetic_dcgan/COVID/images/dcgan_COVID_00467.png,COVID,0,stage1_synthesis,DCGAN
data/processed/synthetic_dcgan/COVID/images/dcgan_COVID_00468.png,COVID,0,stage1_synthesis,DCGAN
data/processed/synthetic_dcgan/COVID/images/dcgan_COVID_00469.png,COVID,0,stage1_synthesis,DCGAN
data/processed/synthetic_dcgan/COVID/images/dcgan_COVID_00470.png,COVID,0,stage1_synthesis,DCGAN
data/processed/synthetic_dcgan/COVID/images/dcgan_COVID_00471.png,COVID,0,stage1_synthesis,DCGAN
data/processed/synthetic_dcgan/COVID/images/dcgan_COVID_00472.png,COVID,0,stage1_synthesis,DCGAN
data/processed/synthetic_dcgan/COVID/images/dcgan_COVID_00473.png,COVID,0,stage1_synthesis,DCGAN
data/processed/synthetic_dcgan/COVID/images/dcgan_COVID_00474.png,COVID,0,stage1_synthesis,DCGAN
data/processed/synthetic_dcgan/COVID/images/dcgan_COVID_00475.png,COVID,0,stage1_synthesis,DCGAN
data/processed/synthetic_dcgan/COVID/images/dcgan_COVID_00476.png,COVID,0,stage1_synthesis,DCGAN
data/processed/synthetic_dcgan/COVID/images/dcgan_COVID_00477.png,COVID,0,stage1_synthesis,DCGAN
data/processed/synthetic_dcgan/COVID/images/dcgan_COVID_00478.png,COVID,0,stage1_synthesis,DCGAN
data/processed/synthetic_dcgan/COVID/images/dcgan_COVID_00479.png,COVID,0,stage1_synthesis,DCGAN
data/processed/synthetic_dcgan/COVID/images/dcgan_COVID_00480.png,COVID,0,stage1_synthesis,DCGAN
data/processed/synthetic_dcgan/COVID/images/dcgan_COVID_00481.png,COVID,0,stage1_synthesis,DCGAN
data/processed/synthetic_dcgan/COVID/images/dcgan_COVID_00482.png,COVID,0,stage1_synthesis,DCGAN
data/processed/synthetic_dcgan/COVID/images/dcgan_COVID_00483.png,COVID,0,stage1_synthesis,DCGAN
data/processed/synthetic_dcgan/COVID/images/dcgan_COVID_00484.png,COVID,0,stage1_synthesis,DCGAN
data/processed/synthetic_dcgan/COVID/images/dcgan_COVID_00485.png,COVID,0,stage1_synthesis,DCGAN
data/processed/synthetic_dcgan/COVID/images/dcgan_COVID_00486.png,COVID,0,stage1_synthesis,DCGAN
data/processed/synthetic_dcgan/COVID/images/dcgan_COVID_00487.png,COVID,0,stage1_synthesis,DCGAN
data/processed/synthetic_dcgan/COVID/images/dcgan_COVID_00488.png,COVID,0,stage1_synthesis,DCGAN
data/processed/synthetic_dcgan/COVID/images/dcgan_COVID_00489.png,COVID,0,stage1_synthesis,DCGAN
data/processed/synthetic_dcgan/COVID/images/dcgan_COVID_00490.png,COVID,0,stage1_synthesis,DCGAN
data/processed/synthetic_dcgan/COVID/images/dcgan_COVID_00491.png,COVID,0,stage1_synthesis,DCGAN
data/processed/synthetic_dcgan/COVID/images/dcgan_COVID_00492.png,COVID,0,stage1_synthesis,DCGAN
data/processed/synthetic_dcgan/COVID/images/dcgan_COVID_00493.png,COVID,0,stage1_synthesis,DCGAN
data/processed/synthetic_dcgan/COVID/images/dcgan_COVID_00494.png,COVID,0,stage1_synthesis,DCGAN
data/processed/synthetic_dcgan/COVID/images/dcgan_COVID_00495.png,COVID,0,stage1_synthesis,DCGAN
data/processed/synthetic_dcgan/COVID/images/dcgan_COVID_00496.png,COVID,0,stage1_synthesis,DCGAN
data/processed/synthetic_dcgan/COVID/images/dcgan_COVID_00497.png,COVID,0,stage1_synthesis,DCGAN
data/processed/synthetic_dcgan/COVID/images/dcgan_COVID_00498.png,COVID,0,stage1_synthesis,DCGAN
data/processed/synthetic_dcgan/COVID/images/dcgan_COVID_00499.png,COVID,0,stage1_synthesis,DCGAN
data/processed/synthetic_dcgan/COVID/images/dcgan_COVID_00500.png,COVID,0,stage1_synthesis,DCGAN
data/processed/synthetic_dcgan/COVID/images/dcgan_COVID_00501.png,COVID,0,stage1_synthesis,DCGAN
data/processed/synthetic_dcgan/COVID/images/dcgan_COVID_00502.png,COVID,0,stage1_synthesis,DCGAN
data/processed/synthetic_dcgan/COVID/images/dcgan_COVID_00503.png,COVID,0,stage1_synthesis,DCGAN
data/processed/synthetic_dcgan/COVID/images/dcgan_COVID_00504.png,COVID,0,stage1_synthesis,DCGAN
data/processed/synthetic_dcgan/COVID/images/dcgan_COVID_00505.png,COVID,0,stage1_synthesis,DCGAN
data/processed/synthetic_dcgan/COVID/images/dcgan_COVID_00506.png,COVID,0,stage1_synthesis,DCGAN
data/processed/synthetic_dcgan/COVID/images/dcgan_COVID_00507.png,COVID,0,stage1_synthesis,DCGAN
data/processed/synthetic_dcgan/COVID/images/dcgan_COVID_00508.png,COVID,0,stage1_synthesis,DCGAN
data/processed/synthetic_dcgan/COVID/images/dcgan_COVID_00509.png,COVID,0,stage1_synthesis,DCGAN
data/processed/synthetic_dcgan/COVID/images/dcgan_COVID_00510.png,COVID,0,stage1_synthesis,DCGAN
data/processed/synthetic_dcgan/COVID/images/dcgan_COVID_00511.png,COVID,0,stage1_synthesis,DCGAN
data/processed/synthetic_dcgan/COVID/images/dcgan_COVID_00512.png,COVID,0,stage1_synthesis,DCGAN
data/processed/synthetic_dcgan/COVID/images/dcgan_COVID_00513.png,COVID,0,stage1_synthesis,DCGAN
data/processed/synthetic_dcgan/COVID/images/dcgan_COVID_00514.png,COVID,0,stage1_synthesis,DCGAN
data/processed/synthetic_dcgan/COVID/images/dcgan_COVID_00515.png,COVID,0,stage1_synthesis,DCGAN
data/processed/synthetic_dcgan/COVID/images/dcgan_COVID_00516.png,COVID,0,stage1_synthesis,DCGAN
data/processed/synthetic_dcgan/COVID/images/dcgan_COVID_00517.png,COVID,0,stage1_synthesis,DCGAN
data/processed/synthetic_dcgan/COVID/images/dcgan_COVID_00518.png,COVID,0,stage1_synthesis,DCGAN
data/processed/synthetic_dcgan/COVID/images/dcgan_COVID_00519.png,COVID,0,stage1_synthesis,DCGAN
data/processed/synthetic_dcgan/COVID/images/dcgan_COVID_00520.png,COVID,0,stage1_synthesis,DCGAN
data/processed/synthetic_dcgan/COVID/images/dcgan_COVID_00521.png,COVID,0,stage1_synthesis,DCGAN
data/processed/synthetic_dcgan/COVID/images/dcgan_COVID_00522.png,COVID,0,stage1_synthesis,DCGAN
data/processed/synthetic_dcgan/COVID/images/dcgan_COVID_00523.png,COVID,0,stage1_synthesis,DCGAN
data/processed/synthetic_dcgan/COVID/images/dcgan_COVID_00524.png,COVID,0,stage1_synthesis,DCGAN
data/processed/synthetic_dcgan/COVID/images/dcgan_COVID_00525.png,COVID,0,stage1_synthesis,DCGAN
data/processed/synthetic_dcgan/COVID/images/dcgan_COVID_00526.png,COVID,0,stage1_synthesis,DCGAN
data/processed/synthetic_dcgan/COVID/images/dcgan_COVID_00527.png,COVID,0,stage1_synthesis,DCGAN
data/processed/synthetic_dcgan/COVID/images/dcgan_COVID_00528.png,COVID,0,stage1_synthesis,DCGAN
data/processed/synthetic_dcgan/COVID/images/dcgan_COVID_00529.png,COVID,0,stage1_synthesis,DCGAN
data/processed/synthetic_dcgan/COVID/images/dcgan_COVID_00530.png,COVID,0,stage1_synthesis,DCGAN
data/processed/synthetic_dcgan/COVID/images/dcgan_COVID_00531.png,COVID,0,stage1_synthesis,DCGAN
data/processed/synthetic_dcgan/COVID/images/dcgan_COVID_00532.png,COVID,0,stage1_synthesis,DCGAN
data/processed/synthetic_dcgan/COVID/images/dcgan_COVID_00533.png,COVID,0,stage1_synthesis,DCGAN
data/processed/synthetic_dcgan/COVID/images/dcgan_COVID_00534.png,COVID,0,stage1_synthesis,DCGAN
data/processed/synthetic_dcgan/COVID/images/dcgan_COVID_00535.png,COVID,0,stage1_synthesis,DCGAN
data/processed/synthetic_dcgan/COVID/images/dcgan_COVID_00536.png,COVID,0,stage1_synthesis,DCGAN
data/processed/synthetic_dcgan/COVID/images/dcgan_COVID_00537.png,COVID,0,stage1_synthesis,DCGAN
data/processed/synthetic_dcgan/COVID/images/dcgan_COVID_00538.png,COVID,0,stage1_synthesis,DCGAN
data/processed/synthetic_dcgan/COVID/images/dcgan_COVID_00539.png,COVID,0,stage1_synthesis,DCGAN
data/processed/synthetic_dcgan/COVID/images/dcgan_COVID_00540.png,COVID,0,stage1_synthesis,DCGAN
data/processed/synthetic_dcgan/COVID/images/dcgan_COVID_00541.png,COVID,0,stage1_synthesis,DCGAN
data/processed/synthetic_dcgan/COVID/images/dcgan_COVID_00542.png,COVID,0,stage1_synthesis,DCGAN
data/processed/synthetic_dcgan/COVID/images/dcgan_COVID_00543.png,COVID,0,stage1_synthesis,DCGAN
data/processed/synthetic_dcgan/COVID/images/dcgan_COVID_00544.png,COVID,0,stage1_synthesis,DCGAN
data/processed/synthetic_dcgan/COVID/images/dcgan_COVID_00545.png,COVID,0,stage1_synthesis,DCGAN
data/processed/synthetic_dcgan/COVID/images/dcgan_COVID_00546.png,COVID,0,stage1_synthesis,DCGAN
data/processed/synthetic_dcgan/COVID/images/dcgan_COVID_00547.png,COVID,0,stage1_synthesis,DCGAN
data/processed/synthetic_dcgan/COVID/images/dcgan_COVID_00548.png,COVID,0,stage1_synthesis,DCGAN
data/processed/synthetic_dcgan/COVID/images/dcgan_COVID_00549.png,COVID,0,stage1_synthesis,DCGAN
data/processed/synthetic_dcgan/COVID/images/dcgan_COVID_00550.png,COVID,0,stage1_synthesis,DCGAN
data/processed/synthetic_dcgan/COVID/images/dcgan_COVID_00551.png,COVID,0,stage1_synthesis,DCGAN
data/processed/synthetic_dcgan/COVID/images/dcgan_COVID_00552.png,COVID,0,stage1_synthesis,DCGAN
data/processed/synthetic_dcgan/COVID/images/dcgan_COVID_00553.png,COVID,0,stage1_synthesis,DCGAN
data/processed/synthetic_dcgan/COVID/images/dcgan_COVID_00554.png,COVID,0,stage1_synthesis,DCGAN
data/processed/synthetic_dcgan/COVID/images/dcgan_COVID_00555.png,COVID,0,stage1_synthesis,DCGAN
data/processed/synthetic_dcgan/COVID/images/dcgan_COVID_00556.png,COVID,0,stage1_synthesis,DCGAN
data/processed/synthetic_dcgan/COVID/images/dcgan_COVID_00557.png,COVID,0,stage1_synthesis,DCGAN
data/processed/synthetic_dcgan/COVID/images/dcgan_COVID_00558.png,COVID,0,stage1_synthesis,DCGAN
data/processed/synthetic_dcgan/COVID/images/dcgan_COVID_00559.png,COVID,0,stage1_synthesis,DCGAN
data/processed/synthetic_dcgan/COVID/images/dcgan_COVID_00560.png,COVID,0,stage1_synthesis,DCGAN
data/processed/synthetic_dcgan/COVID/images/dcgan_COVID_00561.png,COVID,0,stage1_synthesis,DCGAN
data/processed/synthetic_dcgan/COVID/images/dcgan_COVID_00562.png,COVID,0,stage1_synthesis,DCGAN
data/processed/synthetic_dcgan/COVID/images/dcgan_COVID_00563.png,COVID,0,stage1_synthesis,DCGAN
data/processed/synthetic_dcgan/COVID/images/dcgan_COVID_00564.png,COVID,0,stage1_synthesis,DCGAN
data/processed/synthetic_dcgan/COVID/images/dcgan_COVID_00565.png,COVID,0,stage1_synthesis,DCGAN
data/processed/synthetic_dcgan/COVID/images/dcgan_COVID_00566.png,COVID,0,stage1_synthesis,DCGAN
data/processed/synthetic_dcgan/COVID/images/dcgan_COVID_00567.png,COVID,0,stage1_synthesis,DCGAN
data/processed/synthetic_dcgan/COVID/images/dcgan_COVID_00568.png,COVID,0,stage1_synthesis,DCGAN
data/processed/synthetic_dcgan/COVID/images/dcgan_COVID_00569.png,COVID,0,stage1_synthesis,DCGAN
data/processed/synthetic_dcgan/COVID/images/dcgan_COVID_00570.png,COVID,0,stage1_synthesis,DCGAN
data/processed/synthetic_dcgan/COVID/images/dcgan_COVID_00571.png,COVID,0,stage1_synthesis,DCGAN
data/processed/synthetic_dcgan/COVID/images/dcgan_COVID_00572.png,COVID,0,stage1_synthesis,DCGAN
data/processed/synthetic_dcgan/COVID/images/dcgan_COVID_00573.png,COVID,0,stage1_synthesis,DCGAN
data/processed/synthetic_dcgan/COVID/images/dcgan_COVID_00574.png,COVID,0,stage1_synthesis,DCGAN
data/processed/synthetic_dcgan/COVID/images/dcgan_COVID_00575.png,COVID,0,stage1_synthesis,DCGAN
data/processed/synthetic_dcgan/COVID/images/dcgan_COVID_00576.png,COVID,0,stage1_synthesis,DCGAN
data/processed/synthetic_dcgan/COVID/images/dcgan_COVID_00577.png,COVID,0,stage1_synthesis,DCGAN
data/processed/synthetic_dcgan/COVID/images/dcgan_COVID_00578.png,COVID,0,stage1_synthesis,DCGAN
data/processed/synthetic_dcgan/COVID/images/dcgan_COVID_00579.png,COVID,0,stage1_synthesis,DCGAN
data/processed/synthetic_dcgan/COVID/images/dcgan_COVID_00580.png,COVID,0,stage1_synthesis,DCGAN
data/processed/synthetic_dcgan/COVID/images/dcgan_COVID_00581.png,COVID,0,stage1_synthesis,DCGAN
data/processed/synthetic_dcgan/COVID/images/dcgan_COVID_00582.png,COVID,0,stage1_synthesis,DCGAN
data/processed/synthetic_dcgan/COVID/images/dcgan_COVID_00583.png,COVID,0,stage1_synthesis,DCGAN
data/processed/synthetic_dcgan/COVID/images/dcgan_COVID_00584.png,COVID,0,stage1_synthesis,DCGAN
data/processed/synthetic_dcgan/COVID/images/dcgan_COVID_00585.png,COVID,0,stage1_synthesis,DCGAN
data/processed/synthetic_dcgan/COVID/images/dcgan_COVID_00586.png,COVID,0,stage1_synthesis,DCGAN
data/processed/synthetic_dcgan/COVID/images/dcgan_COVID_00587.png,COVID,0,stage1_synthesis,DCGAN
data/processed/synthetic_dcgan/COVID/images/dcgan_COVID_00588.png,COVID,0,stage1_synthesis,DCGAN
data/processed/synthetic_dcgan/COVID/images/dcgan_COVID_00589.png,COVID,0,stage1_synthesis,DCGAN
data/processed/synthetic_dcgan/COVID/images/dcgan_COVID_00590.png,COVID,0,stage1_synthesis,DCGAN
data/processed/synthetic_dcgan/COVID/images/dcgan_COVID_00591.png,COVID,0,stage1_synthesis,DCGAN
data/processed/synthetic_dcgan/COVID/images/dcgan_COVID_00592.png,COVID,0,stage1_synthesis,DCGAN
data/processed/synthetic_dcgan/COVID/images/dcgan_COVID_00593.png,COVID,0,stage1_synthesis,DCGAN
data/processed/synthetic_dcgan/COVID/images/dcgan_COVID_00594.png,COVID,0,stage1_synthesis,DCGAN
data/processed/synthetic_dcgan/COVID/images/dcgan_COVID_00595.png,COVID,0,stage1_synthesis,DCGAN
data/processed/synthetic_dcgan/COVID/images/dcgan_COVID_00596.png,COVID,0,stage1_synthesis,DCGAN
data/processed/synthetic_dcgan/COVID/images/dcgan_COVID_00597.png,COVID,0,stage1_synthesis,DCGAN
data/processed/synthetic_dcgan/COVID/images/dcgan_COVID_00598.png,COVID,0,stage1_synthesis,DCGAN
data/processed/synthetic_dcgan/COVID/images/dcgan_COVID_00599.png,COVID,0,stage1_synthesis,DCGAN
data/processed/synthetic_dcgan/COVID/images/dcgan_COVID_00600.png,COVID,0,stage1_synthesis,DCGAN
data/processed/synthetic_dcgan/COVID/images/dcgan_COVID_00601.png,COVID,0,stage1_synthesis,DCGAN
data/processed/synthetic_dcgan/COVID/images/dcgan_COVID_00602.png,COVID,0,stage1_synthesis,DCGAN
data/processed/synthetic_dcgan/COVID/images/dcgan_COVID_00603.png,COVID,0,stage1_synthesis,DCGAN
data/processed/synthetic_dcgan/COVID/images/dcgan_COVID_00604.png,COVID,0,stage1_synthesis,DCGAN
data/processed/synthetic_dcgan/COVID/images/dcgan_COVID_00605.png,COVID,0,stage1_synthesis,DCGAN
data/processed/synthetic_dcgan/COVID/images/dcgan_COVID_00606.png,COVID,0,stage1_synthesis,DCGAN
data/processed/synthetic_dcgan/COVID/images/dcgan_COVID_00607.png,COVID,0,stage1_synthesis,DCGAN
data/processed/synthetic_dcgan/COVID/images/dcgan_COVID_00608.png,COVID,0,stage1_synthesis,DCGAN
data/processed/synthetic_dcgan/COVID/images/dcgan_COVID_00609.png,COVID,0,stage1_synthesis,DCGAN
data/processed/synthetic_dcgan/COVID/images/dcgan_COVID_00610.png,COVID,0,stage1_synthesis,DCGAN
data/processed/synthetic_dcgan/COVID/images/dcgan_COVID_00611.png,COVID,0,stage1_synthesis,DCGAN
data/processed/synthetic_dcgan/COVID/images/dcgan_COVID_00612.png,COVID,0,stage1_synthesis,DCGAN
data/processed/synthetic_dcgan/COVID/images/dcgan_COVID_00613.png,COVID,0,stage1_synthesis,DCGAN
data/processed/synthetic_dcgan/COVID/images/dcgan_COVID_00614.png,COVID,0,stage1_synthesis,DCGAN
data/processed/synthetic_dcgan/COVID/images/dcgan_COVID_00615.png,COVID,0,stage1_synthesis,DCGAN
data/processed/synthetic_dcgan/COVID/images/dcgan_COVID_00616.png,COVID,0,stage1_synthesis,DCGAN
data/processed/synthetic_dcgan/COVID/images/dcgan_COVID_00617.png,COVID,0,stage1_synthesis,DCGAN
data/processed/synthetic_dcgan/COVID/images/dcgan_COVID_00618.png,COVID,0,stage1_synthesis,DCGAN
data/processed/synthetic_dcgan/COVID/images/dcgan_COVID_00619.png,COVID,0,stage1_synthesis,DCGAN
data/processed/synthetic_dcgan/COVID/images/dcgan_COVID_00620.png,COVID,0,stage1_synthesis,DCGAN
data/processed/synthetic_dcgan/COVID/images/dcgan_COVID_00621.png,COVID,0,stage1_synthesis,DCGAN
data/processed/synthetic_dcgan/COVID/images/dcgan_COVID_00622.png,COVID,0,stage1_synthesis,DCGAN
data/processed/synthetic_dcgan/COVID/images/dcgan_COVID_00623.png,COVID,0,stage1_synthesis,DCGAN
data/processed/synthetic_dcgan/COVID/images/dcgan_COVID_00624.png,COVID,0,stage1_synthesis,DCGAN
data/processed/synthetic_dcgan/COVID/images/dcgan_COVID_00625.png,COVID,0,stage1_synthesis,DCGAN
data/processed/synthetic_dcgan/COVID/images/dcgan_COVID_00626.png,COVID,0,stage1_synthesis,DCGAN
data/processed/synthetic_dcgan/COVID/images/dcgan_COVID_00627.png,COVID,0,stage1_synthesis,DCGAN
data/processed/synthetic_dcgan/COVID/images/dcgan_COVID_00628.png,COVID,0,stage1_synthesis,DCGAN
data/processed/synthetic_dcgan/COVID/images/dcgan_COVID_00629.png,COVID,0,stage1_synthesis,DCGAN
data/processed/synthetic_dcgan/COVID/images/dcgan_COVID_00630.png,COVID,0,stage1_synthesis,DCGAN
data/processed/synthetic_dcgan/COVID/images/dcgan_COVID_00631.png,COVID,0,stage1_synthesis,DCGAN
data/processed/synthetic_dcgan/COVID/images/dcgan_COVID_00632.png,COVID,0,stage1_synthesis,DCGAN
data/processed/synthetic_dcgan/COVID/images/dcgan_COVID_00633.png,COVID,0,stage1_synthesis,DCGAN
data/processed/synthetic_dcgan/COVID/images/dcgan_COVID_00634.png,COVID,0,stage1_synthesis,DCGAN
data/processed/synthetic_dcgan/COVID/images/dcgan_COVID_00635.png,COVID,0,stage1_synthesis,DCGAN
data/processed/synthetic_dcgan/COVID/images/dcgan_COVID_00636.png,COVID,0,stage1_synthesis,DCGAN
data/processed/synthetic_dcgan/COVID/images/dcgan_COVID_00637.png,COVID,0,stage1_synthesis,DCGAN
data/processed/synthetic_dcgan/COVID/images/dcgan_COVID_00638.png,COVID,0,stage1_synthesis,DCGAN
data/processed/synthetic_dcgan/COVID/images/dcgan_COVID_00639.png,COVID,0,stage1_synthesis,DCGAN
data/processed/synthetic_dcgan/COVID/images/dcgan_COVID_00640.png,COVID,0,stage1_synthesis,DCGAN
data/processed/synthetic_dcgan/COVID/images/dcgan_COVID_00641.png,COVID,0,stage1_synthesis,DCGAN
data/processed/synthetic_dcgan/COVID/images/dcgan_COVID_00642.png,COVID,0,stage1_synthesis,DCGAN
data/processed/synthetic_dcgan/COVID/images/dcgan_COVID_00643.png,COVID,0,stage1_synthesis,DCGAN
data/processed/synthetic_dcgan/COVID/images/dcgan_COVID_00644.png,COVID,0,stage1_synthesis,DCGAN
data/processed/synthetic_dcgan/COVID/images/dcgan_COVID_00645.png,COVID,0,stage1_synthesis,DCGAN
data/processed/synthetic_dcgan/COVID/images/dcgan_COVID_00646.png,COVID,0,stage1_synthesis,DCGAN
data/processed/synthetic_dcgan/COVID/images/dcgan_COVID_00647.png,COVID,0,stage1_synthesis,DCGAN
data/processed/synthetic_dcgan/COVID/images/dcgan_COVID_00648.png,COVID,0,stage1_synthesis,DCGAN
data/processed/synthetic_dcgan/COVID/images/dcgan_COVID_00649.png,COVID,0,stage1_synthesis,DCGAN
data/processed/synthetic_dcgan/COVID/images/dcgan_COVID_00650.png,COVID,0,stage1_synthesis,DCGAN
data/processed/synthetic_dcgan/COVID/images/dcgan_COVID_00651.png,COVID,0,stage1_synthesis,DCGAN
data/processed/synthetic_dcgan/COVID/images/dcgan_COVID_00652.png,COVID,0,stage1_synthesis,DCGAN
data/processed/synthetic_dcgan/COVID/images/dcgan_COVID_00653.png,COVID,0,stage1_synthesis,DCGAN
data/processed/synthetic_dcgan/COVID/images/dcgan_COVID_00654.png,COVID,0,stage1_synthesis,DCGAN
data/processed/synthetic_dcgan/COVID/images/dcgan_COVID_00655.png,COVID,0,stage1_synthesis,DCGAN
data/processed/synthetic_dcgan/COVID/images/dcgan_COVID_00656.png,COVID,0,stage1_synthesis,DCGAN
data/processed/synthetic_dcgan/COVID/images/dcgan_COVID_00657.png,COVID,0,stage1_synthesis,DCGAN
data/processed/synthetic_dcgan/COVID/images/dcgan_COVID_00658.png,COVID,0,stage1_synthesis,DCGAN
data/processed/synthetic_dcgan/COVID/images/dcgan_COVID_00659.png,COVID,0,stage1_synthesis,DCGAN
data/processed/synthetic_dcgan/COVID/images/dcgan_COVID_00660.png,COVID,0,stage1_synthesis,DCGAN
data/processed/synthetic_dcgan/COVID/images/dcgan_COVID_00661.png,COVID,0,stage1_synthesis,DCGAN
data/processed/synthetic_dcgan/COVID/images/dcgan_COVID_00662.png,COVID,0,stage1_synthesis,DCGAN
data/processed/synthetic_dcgan/COVID/images/dcgan_COVID_00663.png,COVID,0,stage1_synthesis,DCGAN
data/processed/synthetic_dcgan/COVID/images/dcgan_COVID_00664.png,COVID,0,stage1_synthesis,DCGAN
data/processed/synthetic_dcgan/COVID/images/dcgan_COVID_00665.png,COVID,0,stage1_synthesis,DCGAN
data/processed/synthetic_dcgan/COVID/images/dcgan_COVID_00666.png,COVID,0,stage1_synthesis,DCGAN
data/processed/synthetic_dcgan/COVID/images/dcgan_COVID_00667.png,COVID,0,stage1_synthesis,DCGAN
data/processed/synthetic_dcgan/COVID/images/dcgan_COVID_00668.png,COVID,0,stage1_synthesis,DCGAN
data/processed/synthetic_dcgan/COVID/images/dcgan_COVID_00669.png,COVID,0,stage1_synthesis,DCGAN
data/processed/synthetic_dcgan/COVID/images/dcgan_COVID_00670.png,COVID,0,stage1_synthesis,DCGAN
data/processed/synthetic_dcgan/COVID/images/dcgan_COVID_00671.png,COVID,0,stage1_synthesis,DCGAN
data/processed/synthetic_dcgan/COVID/images/dcgan_COVID_00672.png,COVID,0,stage1_synthesis,DCGAN
data/processed/synthetic_dcgan/COVID/images/dcgan_COVID_00673.png,COVID,0,stage1_synthesis,DCGAN
data/processed/synthetic_dcgan/COVID/images/dcgan_COVID_00674.png,COVID,0,stage1_synthesis,DCGAN
data/processed/synthetic_dcgan/COVID/images/dcgan_COVID_00675.png,COVID,0,stage1_synthesis,DCGAN
data/processed/synthetic_dcgan/COVID/images/dcgan_COVID_00676.png,COVID,0,stage1_synthesis,DCGAN
data/processed/synthetic_dcgan/COVID/images/dcgan_COVID_00677.png,COVID,0,stage1_synthesis,DCGAN
data/processed/synthetic_dcgan/COVID/images/dcgan_COVID_00678.png,COVID,0,stage1_synthesis,DCGAN
data/processed/synthetic_dcgan/COVID/images/dcgan_COVID_00679.png,COVID,0,stage1_synthesis,DCGAN
data/processed/synthetic_dcgan/COVID/images/dcgan_COVID_00680.png,COVID,0,stage1_synthesis,DCGAN
data/processed/synthetic_dcgan/COVID/images/dcgan_COVID_00681.png,COVID,0,stage1_synthesis,DCGAN
data/processed/synthetic_dcgan/COVID/images/dcgan_COVID_00682.png,COVID,0,stage1_synthesis,DCGAN
data/processed/synthetic_dcgan/COVID/images/dcgan_COVID_00683.png,COVID,0,stage1_synthesis,DCGAN
data/processed/synthetic_dcgan/COVID/images/dcgan_COVID_00684.png,COVID,0,stage1_synthesis,DCGAN
data/processed/synthetic_dcgan/COVID/images/dcgan_COVID_00685.png,COVID,0,stage1_synthesis,DCGAN
data/processed/synthetic_dcgan/COVID/images/dcgan_COVID_00686.png,COVID,0,stage1_synthesis,DCGAN
data/processed/synthetic_dcgan/COVID/images/dcgan_COVID_00687.png,COVID,0,stage1_synthesis,DCGAN
data/processed/synthetic_dcgan/COVID/images/dcgan_COVID_00688.png,COVID,0,stage1_synthesis,DCGAN
data/processed/synthetic_dcgan/COVID/images/dcgan_COVID_00689.png,COVID,0,stage1_synthesis,DCGAN
data/processed/synthetic_dcgan/COVID/images/dcgan_COVID_00690.png,COVID,0,stage1_synthesis,DCGAN
data/processed/synthetic_dcgan/COVID/images/dcgan_COVID_00691.png,COVID,0,stage1_synthesis,DCGAN
data/processed/synthetic_dcgan/COVID/images/dcgan_COVID_00692.png,COVID,0,stage1_synthesis,DCGAN
data/processed/synthetic_dcgan/COVID/images/dcgan_COVID_00693.png,COVID,0,stage1_synthesis,DCGAN
data/processed/synthetic_dcgan/COVID/images/dcgan_COVID_00694.png,COVID,0,stage1_synthesis,DCGAN
data/processed/synthetic_dcgan/COVID/images/dcgan_COVID_00695.png,COVID,0,stage1_synthesis,DCGAN
data/processed/synthetic_dcgan/COVID/images/dcgan_COVID_00696.png,COVID,0,stage1_synthesis,DCGAN
data/processed/synthetic_dcgan/COVID/images/dcgan_COVID_00697.png,COVID,0,stage1_synthesis,DCGAN
data/processed/synthetic_dcgan/COVID/images/dcgan_COVID_00698.png,COVID,0,stage1_synthesis,DCGAN
data/processed/synthetic_dcgan/COVID/images/dcgan_COVID_00699.png,COVID,0,stage1_synthesis,DCGAN
data/processed/synthetic_dcgan/COVID/images/dcgan_COVID_00700.png,COVID,0,stage1_synthesis,DCGAN
data/processed/synthetic_dcgan/COVID/images/dcgan_COVID_00701.png,COVID,0,stage1_synthesis,DCGAN
data/processed/synthetic_dcgan/COVID/images/dcgan_COVID_00702.png,COVID,0,stage1_synthesis,DCGAN
data/processed/synthetic_dcgan/COVID/images/dcgan_COVID_00703.png,COVID,0,stage1_synthesis,DCGAN
data/processed/synthetic_dcgan/COVID/images/dcgan_COVID_00704.png,COVID,0,stage1_synthesis,DCGAN
data/processed/synthetic_dcgan/COVID/images/dcgan_COVID_00705.png,COVID,0,stage1_synthesis,DCGAN
data/processed/synthetic_dcgan/COVID/images/dcgan_COVID_00706.png,COVID,0,stage1_synthesis,DCGAN
data/processed/synthetic_dcgan/COVID/images/dcgan_COVID_00707.png,COVID,0,stage1_synthesis,DCGAN
data/processed/synthetic_dcgan/COVID/images/dcgan_COVID_00708.png,COVID,0,stage1_synthesis,DCGAN
data/processed/synthetic_dcgan/COVID/images/dcgan_COVID_00709.png,COVID,0,stage1_synthesis,DCGAN
data/processed/synthetic_dcgan/COVID/images/dcgan_COVID_00710.png,COVID,0,stage1_synthesis,DCGAN
data/processed/synthetic_dcgan/COVID/images/dcgan_COVID_00711.png,COVID,0,stage1_synthesis,DCGAN
data/processed/synthetic_dcgan/COVID/images/dcgan_COVID_00712.png,COVID,0,stage1_synthesis,DCGAN
data/processed/synthetic_dcgan/COVID/images/dcgan_COVID_00713.png,COVID,0,stage1_synthesis,DCGAN
data/processed/synthetic_dcgan/COVID/images/dcgan_COVID_00714.png,COVID,0,stage1_synthesis,DCGAN
data/processed/synthetic_dcgan/COVID/images/dcgan_COVID_00715.png,COVID,0,stage1_synthesis,DCGAN
data/processed/synthetic_dcgan/COVID/images/dcgan_COVID_00716.png,COVID,0,stage1_synthesis,DCGAN
data/processed/synthetic_dcgan/COVID/images/dcgan_COVID_00717.png,COVID,0,stage1_synthesis,DCGAN
data/processed/synthetic_dcgan/COVID/images/dcgan_COVID_00718.png,COVID,0,stage1_synthesis,DCGAN
data/processed/synthetic_dcgan/COVID/images/dcgan_COVID_00719.png,COVID,0,stage1_synthesis,DCGAN
data/processed/synthetic_dcgan/COVID/images/dcgan_COVID_00720.png,COVID,0,stage1_synthesis,DCGAN
data/processed/synthetic_dcgan/COVID/images/dcgan_COVID_00721.png,COVID,0,stage1_synthesis,DCGAN
data/processed/synthetic_dcgan/COVID/images/dcgan_COVID_00722.png,COVID,0,stage1_synthesis,DCGAN
data/processed/synthetic_dcgan/COVID/images/dcgan_COVID_00723.png,COVID,0,stage1_synthesis,DCGAN
data/processed/synthetic_dcgan/COVID/images/dcgan_COVID_00724.png,COVID,0,stage1_synthesis,DCGAN
data/processed/synthetic_dcgan/COVID/images/dcgan_COVID_00725.png,COVID,0,stage1_synthesis,DCGAN
data/processed/synthetic_dcgan/COVID/images/dcgan_COVID_00726.png,COVID,0,stage1_synthesis,DCGAN
data/processed/synthetic_dcgan/COVID/images/dcgan_COVID_00727.png,COVID,0,stage1_synthesis,DCGAN
data/processed/synthetic_dcgan/COVID/images/dcgan_COVID_00728.png,COVID,0,stage1_synthesis,DCGAN
data/processed/synthetic_dcgan/COVID/images/dcgan_COVID_00729.png,COVID,0,stage1_synthesis,DCGAN
data/processed/synthetic_dcgan/COVID/images/dcgan_COVID_00730.png,COVID,0,stage1_synthesis,DCGAN
data/processed/synthetic_dcgan/COVID/images/dcgan_COVID_00731.png,COVID,0,stage1_synthesis,DCGAN
data/processed/synthetic_dcgan/COVID/images/dcgan_COVID_00732.png,COVID,0,stage1_synthesis,DCGAN
data/processed/synthetic_dcgan/COVID/images/dcgan_COVID_00733.png,COVID,0,stage1_synthesis,DCGAN
data/processed/synthetic_dcgan/COVID/images/dcgan_COVID_00734.png,COVID,0,stage1_synthesis,DCGAN
data/processed/synthetic_dcgan/COVID/images/dcgan_COVID_00735.png,COVID,0,stage1_synthesis,DCGAN
data/processed/synthetic_dcgan/COVID/images/dcgan_COVID_00736.png,COVID,0,stage1_synthesis,DCGAN
data/processed/synthetic_dcgan/COVID/images/dcgan_COVID_00737.png,COVID,0,stage1_synthesis,DCGAN
data/processed/synthetic_dcgan/COVID/images/dcgan_COVID_00738.png,COVID,0,stage1_synthesis,DCGAN
data/processed/synthetic_dcgan/COVID/images/dcgan_COVID_00739.png,COVID,0,stage1_synthesis,DCGAN
data/processed/synthetic_dcgan/COVID/images/dcgan_COVID_00740.png,COVID,0,stage1_synthesis,DCGAN
data/processed/synthetic_dcgan/COVID/images/dcgan_COVID_00741.png,COVID,0,stage1_synthesis,DCGAN
data/processed/synthetic_dcgan/COVID/images/dcgan_COVID_00742.png,COVID,0,stage1_synthesis,DCGAN
data/processed/synthetic_dcgan/COVID/images/dcgan_COVID_00743.png,COVID,0,stage1_synthesis,DCGAN
data/processed/synthetic_dcgan/COVID/images/dcgan_COVID_00744.png,COVID,0,stage1_synthesis,DCGAN
data/processed/synthetic_dcgan/COVID/images/dcgan_COVID_00745.png,COVID,0,stage1_synthesis,DCGAN
data/processed/synthetic_dcgan/COVID/images/dcgan_COVID_00746.png,COVID,0,stage1_synthesis,DCGAN
data/processed/synthetic_dcgan/COVID/images/dcgan_COVID_00747.png,COVID,0,stage1_synthesis,DCGAN
data/processed/synthetic_dcgan/COVID/images/dcgan_COVID_00748.png,COVID,0,stage1_synthesis,DCGAN
data/processed/synthetic_dcgan/COVID/images/dcgan_COVID_00749.png,COVID,0,stage1_synthesis,DCGAN
data/processed/synthetic_dcgan/COVID/images/dcgan_COVID_00750.png,COVID,0,stage1_synthesis,DCGAN
data/processed/synthetic_dcgan/COVID/images/dcgan_COVID_00751.png,COVID,0,stage1_synthesis,DCGAN
data/processed/synthetic_dcgan/COVID/images/dcgan_COVID_00752.png,COVID,0,stage1_synthesis,DCGAN
data/processed/synthetic_dcgan/COVID/images/dcgan_COVID_00753.png,COVID,0,stage1_synthesis,DCGAN
data/processed/synthetic_dcgan/COVID/images/dcgan_COVID_00754.png,COVID,0,stage1_synthesis,DCGAN
data/processed/synthetic_dcgan/COVID/images/dcgan_COVID_00755.png,COVID,0,stage1_synthesis,DCGAN
data/processed/synthetic_dcgan/COVID/images/dcgan_COVID_00756.png,COVID,0,stage1_synthesis,DCGAN
data/processed/synthetic_dcgan/COVID/images/dcgan_COVID_00757.png,COVID,0,stage1_synthesis,DCGAN
data/processed/synthetic_dcgan/COVID/images/dcgan_COVID_00758.png,COVID,0,stage1_synthesis,DCGAN
data/processed/synthetic_dcgan/COVID/images/dcgan_COVID_00759.png,COVID,0,stage1_synthesis,DCGAN
data/processed/synthetic_dcgan/COVID/images/dcgan_COVID_00760.png,COVID,0,stage1_synthesis,DCGAN
data/processed/synthetic_dcgan/COVID/images/dcgan_COVID_00761.png,COVID,0,stage1_synthesis,DCGAN
data/processed/synthetic_dcgan/COVID/images/dcgan_COVID_00762.png,COVID,0,stage1_synthesis,DCGAN
data/processed/synthetic_dcgan/COVID/images/dcgan_COVID_00763.png,COVID,0,stage1_synthesis,DCGAN
data/processed/synthetic_dcgan/COVID/images/dcgan_COVID_00764.png,COVID,0,stage1_synthesis,DCGAN
data/processed/synthetic_dcgan/COVID/images/dcgan_COVID_00765.png,COVID,0,stage1_synthesis,DCGAN
data/processed/synthetic_dcgan/COVID/images/dcgan_COVID_00766.png,COVID,0,stage1_synthesis,DCGAN
data/processed/synthetic_dcgan/COVID/images/dcgan_COVID_00767.png,COVID,0,stage1_synthesis,DCGAN
data/processed/synthetic_dcgan/COVID/images/dcgan_COVID_00768.png,COVID,0,stage1_synthesis,DCGAN
data/processed/synthetic_dcgan/COVID/images/dcgan_COVID_00769.png,COVID,0,stage1_synthesis,DCGAN
data/processed/synthetic_dcgan/COVID/images/dcgan_COVID_00770.png,COVID,0,stage1_synthesis,DCGAN
data/processed/synthetic_dcgan/COVID/images/dcgan_COVID_00771.png,COVID,0,stage1_synthesis,DCGAN
data/processed/synthetic_dcgan/COVID/images/dcgan_COVID_00772.png,COVID,0,stage1_synthesis,DCGAN
data/processed/synthetic_dcgan/COVID/images/dcgan_COVID_00773.png,COVID,0,stage1_synthesis,DCGAN
data/processed/synthetic_dcgan/COVID/images/dcgan_COVID_00774.png,COVID,0,stage1_synthesis,DCGAN
data/processed/synthetic_dcgan/COVID/images/dcgan_COVID_00775.png,COVID,0,stage1_synthesis,DCGAN
data/processed/synthetic_dcgan/COVID/images/dcgan_COVID_00776.png,COVID,0,stage1_synthesis,DCGAN
data/processed/synthetic_dcgan/COVID/images/dcgan_COVID_00777.png,COVID,0,stage1_synthesis,DCGAN
data/processed/synthetic_dcgan/COVID/images/dcgan_COVID_00778.png,COVID,0,stage1_synthesis,DCGAN
data/processed/synthetic_dcgan/COVID/images/dcgan_COVID_00779.png,COVID,0,stage1_synthesis,DCGAN
data/processed/synthetic_dcgan/COVID/images/dcgan_COVID_00780.png,COVID,0,stage1_synthesis,DCGAN
data/processed/synthetic_dcgan/COVID/images/dcgan_COVID_00781.png,COVID,0,stage1_synthesis,DCGAN
data/processed/synthetic_dcgan/COVID/images/dcgan_COVID_00782.png,COVID,0,stage1_synthesis,DCGAN
data/processed/synthetic_dcgan/COVID/images/dcgan_COVID_00783.png,COVID,0,stage1_synthesis,DCGAN
data/processed/synthetic_dcgan/COVID/images/dcgan_COVID_00784.png,COVID,0,stage1_synthesis,DCGAN
data/processed/synthetic_dcgan/COVID/images/dcgan_COVID_00785.png,COVID,0,stage1_synthesis,DCGAN
data/processed/synthetic_dcgan/COVID/images/dcgan_COVID_00786.png,COVID,0,stage1_synthesis,DCGAN
data/processed/synthetic_dcgan/COVID/images/dcgan_COVID_00787.png,COVID,0,stage1_synthesis,DCGAN
data/processed/synthetic_dcgan/COVID/images/dcgan_COVID_00788.png,COVID,0,stage1_synthesis,DCGAN
data/processed/synthetic_dcgan/COVID/images/dcgan_COVID_00789.png,COVID,0,stage1_synthesis,DCGAN
data/processed/synthetic_dcgan/COVID/images/dcgan_COVID_00790.png,COVID,0,stage1_synthesis,DCGAN
data/processed/synthetic_dcgan/COVID/images/dcgan_COVID_00791.png,COVID,0,stage1_synthesis,DCGAN
data/processed/synthetic_dcgan/COVID/images/dcgan_COVID_00792.png,COVID,0,stage1_synthesis,DCGAN
data/processed/synthetic_dcgan/COVID/images/dcgan_COVID_00793.png,COVID,0,stage1_synthesis,DCGAN
data/processed/synthetic_dcgan/COVID/images/dcgan_COVID_00794.png,COVID,0,stage1_synthesis,DCGAN
data/processed/synthetic_dcgan/COVID/images/dcgan_COVID_00795.png,COVID,0,stage1_synthesis,DCGAN
data/processed/synthetic_dcgan/COVID/images/dcgan_COVID_00796.png,COVID,0,stage1_synthesis,DCGAN
data/processed/synthetic_dcgan/COVID/images/dcgan_COVID_00797.png,COVID,0,stage1_synthesis,DCGAN
data/processed/synthetic_dcgan/COVID/images/dcgan_COVID_00798.png,COVID,0,stage1_synthesis,DCGAN
data/processed/synthetic_dcgan/COVID/images/dcgan_COVID_00799.png,COVID,0,stage1_synthesis,DCGAN
data/processed/synthetic_dcgan/COVID/images/dcgan_COVID_00800.png,COVID,0,stage1_synthesis,DCGAN
data/processed/synthetic_dcgan/COVID/images/dcgan_COVID_00801.png,COVID,0,stage1_synthesis,DCGAN
data/processed/synthetic_dcgan/COVID/images/dcgan_COVID_00802.png,COVID,0,stage1_synthesis,DCGAN
data/processed/synthetic_dcgan/COVID/images/dcgan_COVID_00803.png,COVID,0,stage1_synthesis,DCGAN
data/processed/synthetic_dcgan/COVID/images/dcgan_COVID_00804.png,COVID,0,stage1_synthesis,DCGAN
data/processed/synthetic_dcgan/COVID/images/dcgan_COVID_00805.png,COVID,0,stage1_synthesis,DCGAN
data/processed/synthetic_dcgan/COVID/images/dcgan_COVID_00806.png,COVID,0,stage1_synthesis,DCGAN
data/processed/synthetic_dcgan/COVID/images/dcgan_COVID_00807.png,COVID,0,stage1_synthesis,DCGAN
data/processed/synthetic_dcgan/COVID/images/dcgan_COVID_00808.png,COVID,0,stage1_synthesis,DCGAN
data/processed/synthetic_dcgan/COVID/images/dcgan_COVID_00809.png,COVID,0,stage1_synthesis,DCGAN
data/processed/synthetic_dcgan/COVID/images/dcgan_COVID_00810.png,COVID,0,stage1_synthesis,DCGAN
data/processed/synthetic_dcgan/COVID/images/dcgan_COVID_00811.png,COVID,0,stage1_synthesis,DCGAN
data/processed/synthetic_dcgan/COVID/images/dcgan_COVID_00812.png,COVID,0,stage1_synthesis,DCGAN
data/processed/synthetic_dcgan/COVID/images/dcgan_COVID_00813.png,COVID,0,stage1_synthesis,DCGAN
data/processed/synthetic_dcgan/COVID/images/dcgan_COVID_00814.png,COVID,0,stage1_synthesis,DCGAN
data/processed/synthetic_dcgan/COVID/images/dcgan_COVID_00815.png,COVID,0,stage1_synthesis,DCGAN
data/processed/synthetic_dcgan/COVID/images/dcgan_COVID_00816.png,COVID,0,stage1_synthesis,DCGAN
data/processed/synthetic_dcgan/COVID/images/dcgan_COVID_00817.png,COVID,0,stage1_synthesis,DCGAN
data/processed/synthetic_dcgan/COVID/images/dcgan_COVID_00818.png,COVID,0,stage1_synthesis,DCGAN
data/processed/synthetic_dcgan/COVID/images/dcgan_COVID_00819.png,COVID,0,stage1_synthesis,DCGAN
data/processed/synthetic_dcgan/COVID/images/dcgan_COVID_00820.png,COVID,0,stage1_synthesis,DCGAN
data/processed/synthetic_dcgan/COVID/images/dcgan_COVID_00821.png,COVID,0,stage1_synthesis,DCGAN
data/processed/synthetic_dcgan/COVID/images/dcgan_COVID_00822.png,COVID,0,stage1_synthesis,DCGAN
data/processed/synthetic_dcgan/COVID/images/dcgan_COVID_00823.png,COVID,0,stage1_synthesis,DCGAN
data/processed/synthetic_dcgan/COVID/images/dcgan_COVID_00824.png,COVID,0,stage1_synthesis,DCGAN
data/processed/synthetic_dcgan/COVID/images/dcgan_COVID_00825.png,COVID,0,stage1_synthesis,DCGAN
data/processed/synthetic_dcgan/COVID/images/dcgan_COVID_00826.png,COVID,0,stage1_synthesis,DCGAN
data/processed/synthetic_dcgan/COVID/images/dcgan_COVID_00827.png,COVID,0,stage1_synthesis,DCGAN
data/processed/synthetic_dcgan/COVID/images/dcgan_COVID_00828.png,COVID,0,stage1_synthesis,DCGAN
data/processed/synthetic_dcgan/COVID/images/dcgan_COVID_00829.png,COVID,0,stage1_synthesis,DCGAN
data/processed/synthetic_dcgan/COVID/images/dcgan_COVID_00830.png,COVID,0,stage1_synthesis,DCGAN
data/processed/synthetic_dcgan/COVID/images/dcgan_COVID_00831.png,COVID,0,stage1_synthesis,DCGAN
data/processed/synthetic_dcgan/COVID/images/dcgan_COVID_00832.png,COVID,0,stage1_synthesis,DCGAN
data/processed/synthetic_dcgan/COVID/images/dcgan_COVID_00833.png,COVID,0,stage1_synthesis,DCGAN
data/processed/synthetic_dcgan/COVID/images/dcgan_COVID_00834.png,COVID,0,stage1_synthesis,DCGAN
data/processed/synthetic_dcgan/COVID/images/dcgan_COVID_00835.png,COVID,0,stage1_synthesis,DCGAN
data/processed/synthetic_dcgan/COVID/images/dcgan_COVID_00836.png,COVID,0,stage1_synthesis,DCGAN
data/processed/synthetic_dcgan/COVID/images/dcgan_COVID_00837.png,COVID,0,stage1_synthesis,DCGAN
data/processed/synthetic_dcgan/COVID/images/dcgan_COVID_00838.png,COVID,0,stage1_synthesis,DCGAN
data/processed/synthetic_dcgan/COVID/images/dcgan_COVID_00839.png,COVID,0,stage1_synthesis,DCGAN
data/processed/synthetic_dcgan/COVID/images/dcgan_COVID_00840.png,COVID,0,stage1_synthesis,DCGAN
data/processed/synthetic_dcgan/COVID/images/dcgan_COVID_00841.png,COVID,0,stage1_synthesis,DCGAN
data/processed/synthetic_dcgan/COVID/images/dcgan_COVID_00842.png,COVID,0,stage1_synthesis,DCGAN
data/processed/synthetic_dcgan/COVID/images/dcgan_COVID_00843.png,COVID,0,stage1_synthesis,DCGAN
data/processed/synthetic_dcgan/COVID/images/dcgan_COVID_00844.png,COVID,0,stage1_synthesis,DCGAN
data/processed/synthetic_dcgan/COVID/images/dcgan_COVID_00845.png,COVID,0,stage1_synthesis,DCGAN
data/processed/synthetic_dcgan/COVID/images/dcgan_COVID_00846.png,COVID,0,stage1_synthesis,DCGAN
data/processed/synthetic_dcgan/COVID/images/dcgan_COVID_00847.png,COVID,0,stage1_synthesis,DCGAN
data/processed/synthetic_dcgan/COVID/images/dcgan_COVID_00848.png,COVID,0,stage1_synthesis,DCGAN
data/processed/synthetic_dcgan/COVID/images/dcgan_COVID_00849.png,COVID,0,stage1_synthesis,DCGAN
data/processed/synthetic_dcgan/COVID/images/dcgan_COVID_00850.png,COVID,0,stage1_synthesis,DCGAN
data/processed/synthetic_dcgan/COVID/images/dcgan_COVID_00851.png,COVID,0,stage1_synthesis,DCGAN
data/processed/synthetic_dcgan/COVID/images/dcgan_COVID_00852.png,COVID,0,stage1_synthesis,DCGAN
data/processed/synthetic_dcgan/COVID/images/dcgan_COVID_00853.png,COVID,0,stage1_synthesis,DCGAN
data/processed/synthetic_dcgan/COVID/images/dcgan_COVID_00854.png,COVID,0,stage1_synthesis,DCGAN
data/processed/synthetic_dcgan/COVID/images/dcgan_COVID_00855.png,COVID,0,stage1_synthesis,DCGAN
data/processed/synthetic_dcgan/COVID/images/dcgan_COVID_00856.png,COVID,0,stage1_synthesis,DCGAN
data/processed/synthetic_dcgan/COVID/images/dcgan_COVID_00857.png,COVID,0,stage1_synthesis,DCGAN
data/processed/synthetic_dcgan/COVID/images/dcgan_COVID_00858.png,COVID,0,stage1_synthesis,DCGAN
data/processed/synthetic_dcgan/COVID/images/dcgan_COVID_00859.png,COVID,0,stage1_synthesis,DCGAN
data/processed/synthetic_dcgan/COVID/images/dcgan_COVID_00860.png,COVID,0,stage1_synthesis,DCGAN
data/processed/synthetic_dcgan/COVID/images/dcgan_COVID_00861.png,COVID,0,stage1_synthesis,DCGAN
data/processed/synthetic_dcgan/COVID/images/dcgan_COVID_00862.png,COVID,0,stage1_synthesis,DCGAN
data/processed/synthetic_dcgan/COVID/images/dcgan_COVID_00863.png,COVID,0,stage1_synthesis,DCGAN
data/processed/synthetic_dcgan/COVID/images/dcgan_COVID_00864.png,COVID,0,stage1_synthesis,DCGAN
data/processed/synthetic_dcgan/COVID/images/dcgan_COVID_00865.png,COVID,0,stage1_synthesis,DCGAN
data/processed/synthetic_dcgan/COVID/images/dcgan_COVID_00866.png,COVID,0,stage1_synthesis,DCGAN
data/processed/synthetic_dcgan/COVID/images/dcgan_COVID_00867.png,COVID,0,stage1_synthesis,DCGAN
data/processed/synthetic_dcgan/COVID/images/dcgan_COVID_00868.png,COVID,0,stage1_synthesis,DCGAN
data/processed/synthetic_dcgan/COVID/images/dcgan_COVID_00869.png,COVID,0,stage1_synthesis,DCGAN
data/processed/synthetic_dcgan/COVID/images/dcgan_COVID_00870.png,COVID,0,stage1_synthesis,DCGAN
data/processed/synthetic_dcgan/COVID/images/dcgan_COVID_00871.png,COVID,0,stage1_synthesis,DCGAN
data/processed/synthetic_dcgan/COVID/images/dcgan_COVID_00872.png,COVID,0,stage1_synthesis,DCGAN
data/processed/synthetic_dcgan/COVID/images/dcgan_COVID_00873.png,COVID,0,stage1_synthesis,DCGAN
data/processed/synthetic_dcgan/COVID/images/dcgan_COVID_00874.png,COVID,0,stage1_synthesis,DCGAN
data/processed/synthetic_dcgan/COVID/images/dcgan_COVID_00875.png,COVID,0,stage1_synthesis,DCGAN
data/processed/synthetic_dcgan/COVID/images/dcgan_COVID_00876.png,COVID,0,stage1_synthesis,DCGAN
data/processed/synthetic_dcgan/COVID/images/dcgan_COVID_00877.png,COVID,0,stage1_synthesis,DCGAN
data/processed/synthetic_dcgan/COVID/images/dcgan_COVID_00878.png,COVID,0,stage1_synthesis,DCGAN
data/processed/synthetic_dcgan/COVID/images/dcgan_COVID_00879.png,COVID,0,stage1_synthesis,DCGAN
data/processed/synthetic_dcgan/COVID/images/dcgan_COVID_00880.png,COVID,0,stage1_synthesis,DCGAN
data/processed/synthetic_dcgan/COVID/images/dcgan_COVID_00881.png,COVID,0,stage1_synthesis,DCGAN
data/processed/synthetic_dcgan/COVID/images/dcgan_COVID_00882.png,COVID,0,stage1_synthesis,DCGAN
data/processed/synthetic_dcgan/COVID/images/dcgan_COVID_00883.png,COVID,0,stage1_synthesis,DCGAN
data/processed/synthetic_dcgan/COVID/images/dcgan_COVID_00884.png,COVID,0,stage1_synthesis,DCGAN
data/processed/synthetic_dcgan/COVID/images/dcgan_COVID_00885.png,COVID,0,stage1_synthesis,DCGAN
data/processed/synthetic_dcgan/COVID/images/dcgan_COVID_00886.png,COVID,0,stage1_synthesis,DCGAN
data/processed/synthetic_dcgan/COVID/images/dcgan_COVID_00887.png,COVID,0,stage1_synthesis,DCGAN
data/processed/synthetic_dcgan/COVID/images/dcgan_COVID_00888.png,COVID,0,stage1_synthesis,DCGAN
data/processed/synthetic_dcgan/COVID/images/dcgan_COVID_00889.png,COVID,0,stage1_synthesis,DCGAN
data/processed/synthetic_dcgan/COVID/images/dcgan_COVID_00890.png,COVID,0,stage1_synthesis,DCGAN
data/processed/synthetic_dcgan/COVID/images/dcgan_COVID_00891.png,COVID,0,stage1_synthesis,DCGAN
data/processed/synthetic_dcgan/COVID/images/dcgan_COVID_00892.png,COVID,0,stage1_synthesis,DCGAN
data/processed/synthetic_dcgan/COVID/images/dcgan_COVID_00893.png,COVID,0,stage1_synthesis,DCGAN
data/processed/synthetic_dcgan/COVID/images/dcgan_COVID_00894.png,COVID,0,stage1_synthesis,DCGAN
data/processed/synthetic_dcgan/COVID/images/dcgan_COVID_00895.png,COVID,0,stage1_synthesis,DCGAN
data/processed/synthetic_dcgan/COVID/images/dcgan_COVID_00896.png,COVID,0,stage1_synthesis,DCGAN
data/processed/synthetic_dcgan/COVID/images/dcgan_COVID_00897.png,COVID,0,stage1_synthesis,DCGAN
data/processed/synthetic_dcgan/COVID/images/dcgan_COVID_00898.png,COVID,0,stage1_synthesis,DCGAN
data/processed/synthetic_dcgan/COVID/images/dcgan_COVID_00899.png,COVID,0,stage1_synthesis,DCGAN
data/processed/synthetic_dcgan/COVID/images/dcgan_COVID_00900.png,COVID,0,stage1_synthesis,DCGAN
data/processed/synthetic_dcgan/COVID/images/dcgan_COVID_00901.png,COVID,0,stage1_synthesis,DCGAN
data/processed/synthetic_dcgan/COVID/images/dcgan_COVID_00902.png,COVID,0,stage1_synthesis,DCGAN
data/processed/synthetic_dcgan/COVID/images/dcgan_COVID_00903.png,COVID,0,stage1_synthesis,DCGAN
data/processed/synthetic_dcgan/COVID/images/dcgan_COVID_00904.png,COVID,0,stage1_synthesis,DCGAN
data/processed/synthetic_dcgan/COVID/images/dcgan_COVID_00905.png,COVID,0,stage1_synthesis,DCGAN
data/processed/synthetic_dcgan/COVID/images/dcgan_COVID_00906.png,COVID,0,stage1_synthesis,DCGAN
data/processed/synthetic_dcgan/COVID/images/dcgan_COVID_00907.png,COVID,0,stage1_synthesis,DCGAN
data/processed/synthetic_dcgan/COVID/images/dcgan_COVID_00908.png,COVID,0,stage1_synthesis,DCGAN
data/processed/synthetic_dcgan/COVID/images/dcgan_COVID_00909.png,COVID,0,stage1_synthesis,DCGAN
data/processed/synthetic_dcgan/COVID/images/dcgan_COVID_00910.png,COVID,0,stage1_synthesis,DCGAN
data/processed/synthetic_dcgan/COVID/images/dcgan_COVID_00911.png,COVID,0,stage1_synthesis,DCGAN
data/processed/synthetic_dcgan/COVID/images/dcgan_COVID_00912.png,COVID,0,stage1_synthesis,DCGAN
data/processed/synthetic_dcgan/COVID/images/dcgan_COVID_00913.png,COVID,0,stage1_synthesis,DCGAN
data/processed/synthetic_dcgan/COVID/images/dcgan_COVID_00914.png,COVID,0,stage1_synthesis,DCGAN
data/processed/synthetic_dcgan/COVID/images/dcgan_COVID_00915.png,COVID,0,stage1_synthesis,DCGAN
data/processed/synthetic_dcgan/COVID/images/dcgan_COVID_00916.png,COVID,0,stage1_synthesis,DCGAN
data/processed/synthetic_dcgan/COVID/images/dcgan_COVID_00917.png,COVID,0,stage1_synthesis,DCGAN
data/processed/synthetic_dcgan/COVID/images/dcgan_COVID_00918.png,COVID,0,stage1_synthesis,DCGAN
data/processed/synthetic_dcgan/COVID/images/dcgan_COVID_00919.png,COVID,0,stage1_synthesis,DCGAN
data/processed/synthetic_dcgan/COVID/images/dcgan_COVID_00920.png,COVID,0,stage1_synthesis,DCGAN
data/processed/synthetic_dcgan/COVID/images/dcgan_COVID_00921.png,COVID,0,stage1_synthesis,DCGAN
data/processed/synthetic_dcgan/COVID/images/dcgan_COVID_00922.png,COVID,0,stage1_synthesis,DCGAN
data/processed/synthetic_dcgan/COVID/images/dcgan_COVID_00923.png,COVID,0,stage1_synthesis,DCGAN
data/processed/synthetic_dcgan/COVID/images/dcgan_COVID_00924.png,COVID,0,stage1_synthesis,DCGAN
data/processed/synthetic_dcgan/COVID/images/dcgan_COVID_00925.png,COVID,0,stage1_synthesis,DCGAN
data/processed/synthetic_dcgan/COVID/images/dcgan_COVID_00926.png,COVID,0,stage1_synthesis,DCGAN
data/processed/synthetic_dcgan/COVID/images/dcgan_COVID_00927.png,COVID,0,stage1_synthesis,DCGAN
data/processed/synthetic_dcgan/COVID/images/dcgan_COVID_00928.png,COVID,0,stage1_synthesis,DCGAN
data/processed/synthetic_dcgan/COVID/images/dcgan_COVID_00929.png,COVID,0,stage1_synthesis,DCGAN
data/processed/synthetic_dcgan/COVID/images/dcgan_COVID_00930.png,COVID,0,stage1_synthesis,DCGAN
data/processed/synthetic_dcgan/COVID/images/dcgan_COVID_00931.png,COVID,0,stage1_synthesis,DCGAN
data/processed/synthetic_dcgan/COVID/images/dcgan_COVID_00932.png,COVID,0,stage1_synthesis,DCGAN
data/processed/synthetic_dcgan/COVID/images/dcgan_COVID_00933.png,COVID,0,stage1_synthesis,DCGAN
data/processed/synthetic_dcgan/COVID/images/dcgan_COVID_00934.png,COVID,0,stage1_synthesis,DCGAN
data/processed/synthetic_dcgan/COVID/images/dcgan_COVID_00935.png,COVID,0,stage1_synthesis,DCGAN
data/processed/synthetic_dcgan/COVID/images/dcgan_COVID_00936.png,COVID,0,stage1_synthesis,DCGAN
data/processed/synthetic_dcgan/COVID/images/dcgan_COVID_00937.png,COVID,0,stage1_synthesis,DCGAN
data/processed/synthetic_dcgan/COVID/images/dcgan_COVID_00938.png,COVID,0,stage1_synthesis,DCGAN
data/processed/synthetic_dcgan/COVID/images/dcgan_COVID_00939.png,COVID,0,stage1_synthesis,DCGAN
data/processed/synthetic_dcgan/COVID/images/dcgan_COVID_00940.png,COVID,0,stage1_synthesis,DCGAN
data/processed/synthetic_dcgan/COVID/images/dcgan_COVID_00941.png,COVID,0,stage1_synthesis,DCGAN
data/processed/synthetic_dcgan/COVID/images/dcgan_COVID_00942.png,COVID,0,stage1_synthesis,DCGAN
data/processed/synthetic_dcgan/COVID/images/dcgan_COVID_00943.png,COVID,0,stage1_synthesis,DCGAN
data/processed/synthetic_dcgan/COVID/images/dcgan_COVID_00944.png,COVID,0,stage1_synthesis,DCGAN
data/processed/synthetic_dcgan/COVID/images/dcgan_COVID_00945.png,COVID,0,stage1_synthesis,DCGAN
data/processed/synthetic_dcgan/COVID/images/dcgan_COVID_00946.png,COVID,0,stage1_synthesis,DCGAN
data/processed/synthetic_dcgan/COVID/images/dcgan_COVID_00947.png,COVID,0,stage1_synthesis,DCGAN
data/processed/synthetic_dcgan/COVID/images/dcgan_COVID_00948.png,COVID,0,stage1_synthesis,DCGAN
data/processed/synthetic_dcgan/COVID/images/dcgan_COVID_00949.png,COVID,0,stage1_synthesis,DCGAN
data/processed/synthetic_dcgan/COVID/images/dcgan_COVID_00950.png,COVID,0,stage1_synthesis,DCGAN
data/processed/synthetic_dcgan/COVID/images/dcgan_COVID_00951.png,COVID,0,stage1_synthesis,DCGAN
data/processed/synthetic_dcgan/COVID/images/dcgan_COVID_00952.png,COVID,0,stage1_synthesis,DCGAN
data/processed/synthetic_dcgan/COVID/images/dcgan_COVID_00953.png,COVID,0,stage1_synthesis,DCGAN
data/processed/synthetic_dcgan/COVID/images/dcgan_COVID_00954.png,COVID,0,stage1_synthesis,DCGAN
data/processed/synthetic_dcgan/COVID/images/dcgan_COVID_00955.png,COVID,0,stage1_synthesis,DCGAN
data/processed/synthetic_dcgan/COVID/images/dcgan_COVID_00956.png,COVID,0,stage1_synthesis,DCGAN
data/processed/synthetic_dcgan/COVID/images/dcgan_COVID_00957.png,COVID,0,stage1_synthesis,DCGAN
data/processed/synthetic_dcgan/COVID/images/dcgan_COVID_00958.png,COVID,0,stage1_synthesis,DCGAN
data/processed/synthetic_dcgan/COVID/images/dcgan_COVID_00959.png,COVID,0,stage1_synthesis,DCGAN
data/processed/synthetic_dcgan/COVID/images/dcgan_COVID_00960.png,COVID,0,stage1_synthesis,DCGAN
data/processed/synthetic_dcgan/COVID/images/dcgan_COVID_00961.png,COVID,0,stage1_synthesis,DCGAN
data/processed/synthetic_dcgan/COVID/images/dcgan_COVID_00962.png,COVID,0,stage1_synthesis,DCGAN
data/processed/synthetic_dcgan/COVID/images/dcgan_COVID_00963.png,COVID,0,stage1_synthesis,DCGAN
data/processed/synthetic_dcgan/COVID/images/dcgan_COVID_00964.png,COVID,0,stage1_synthesis,DCGAN
data/processed/synthetic_dcgan/COVID/images/dcgan_COVID_00965.png,COVID,0,stage1_synthesis,DCGAN
data/processed/synthetic_dcgan/COVID/images/dcgan_COVID_00966.png,COVID,0,stage1_synthesis,DCGAN
data/processed/synthetic_dcgan/COVID/images/dcgan_COVID_00967.png,COVID,0,stage1_synthesis,DCGAN
data/processed/synthetic_dcgan/COVID/images/dcgan_COVID_00968.png,COVID,0,stage1_synthesis,DCGAN
data/processed/synthetic_dcgan/COVID/images/dcgan_COVID_00969.png,COVID,0,stage1_synthesis,DCGAN
data/processed/synthetic_dcgan/COVID/images/dcgan_COVID_00970.png,COVID,0,stage1_synthesis,DCGAN
data/processed/synthetic_dcgan/COVID/images/dcgan_COVID_00971.png,COVID,0,stage1_synthesis,DCGAN
data/processed/synthetic_dcgan/COVID/images/dcgan_COVID_00972.png,COVID,0,stage1_synthesis,DCGAN
data/processed/synthetic_dcgan/COVID/images/dcgan_COVID_00973.png,COVID,0,stage1_synthesis,DCGAN
data/processed/synthetic_dcgan/COVID/images/dcgan_COVID_00974.png,COVID,0,stage1_synthesis,DCGAN
data/processed/synthetic_dcgan/COVID/images/dcgan_COVID_00975.png,COVID,0,stage1_synthesis,DCGAN
data/processed/synthetic_dcgan/COVID/images/dcgan_COVID_00976.png,COVID,0,stage1_synthesis,DCGAN
data/processed/synthetic_dcgan/COVID/images/dcgan_COVID_00977.png,COVID,0,stage1_synthesis,DCGAN
data/processed/synthetic_dcgan/COVID/images/dcgan_COVID_00978.png,COVID,0,stage1_synthesis,DCGAN
data/processed/synthetic_dcgan/COVID/images/dcgan_COVID_00979.png,COVID,0,stage1_synthesis,DCGAN
data/processed/synthetic_dcgan/COVID/images/dcgan_COVID_00980.png,COVID,0,stage1_synthesis,DCGAN
data/processed/synthetic_dcgan/COVID/images/dcgan_COVID_00981.png,COVID,0,stage1_synthesis,DCGAN
data/processed/synthetic_dcgan/COVID/images/dcgan_COVID_00982.png,COVID,0,stage1_synthesis,DCGAN
data/processed/synthetic_dcgan/COVID/images/dcgan_COVID_00983.png,COVID,0,stage1_synthesis,DCGAN
data/processed/synthetic_dcgan/COVID/images/dcgan_COVID_00984.png,COVID,0,stage1_synthesis,DCGAN
data/processed/synthetic_dcgan/COVID/images/dcgan_COVID_00985.png,COVID,0,stage1_synthesis,DCGAN
data/processed/synthetic_dcgan/COVID/images/dcgan_COVID_00986.png,COVID,0,stage1_synthesis,DCGAN
data/processed/synthetic_dcgan/COVID/images/dcgan_COVID_00987.png,COVID,0,stage1_synthesis,DCGAN
data/processed/synthetic_dcgan/COVID/images/dcgan_COVID_00988.png,COVID,0,stage1_synthesis,DCGAN
data/processed/synthetic_dcgan/COVID/images/dcgan_COVID_00989.png,COVID,0,stage1_synthesis,DCGAN
data/processed/synthetic_dcgan/COVID/images/dcgan_COVID_00990.png,COVID,0,stage1_synthesis,DCGAN
data/processed/synthetic_dcgan/COVID/images/dcgan_COVID_00991.png,COVID,0,stage1_synthesis,DCGAN
data/processed/synthetic_dcgan/COVID/images/dcgan_COVID_00992.png,COVID,0,stage1_synthesis,DCGAN
data/processed/synthetic_dcgan/COVID/images/dcgan_COVID_00993.png,COVID,0,stage1_synthesis,DCGAN
data/processed/synthetic_dcgan/COVID/images/dcgan_COVID_00994.png,COVID,0,stage1_synthesis,DCGAN
data/processed/synthetic_dcgan/COVID/images/dcgan_COVID_00995.png,COVID,0,stage1_synthesis,DCGAN
data/processed/synthetic_dcgan/COVID/images/dcgan_COVID_00996.png,COVID,0,stage1_synthesis,DCGAN
data/processed/synthetic_dcgan/COVID/images/dcgan_COVID_00997.png,COVID,0,stage1_synthesis,DCGAN
data/processed/synthetic_dcgan/COVID/images/dcgan_COVID_00998.png,COVID,0,stage1_synthesis,DCGAN
data/processed/synthetic_dcgan/COVID/images/dcgan_COVID_00999.png,COVID,0,stage1_synthesis,DCGAN
data/processed/synthetic_dcgan/Lung_Opacity/images/dcgan_Lung_Opacity_00000.png,Lung_Opacity,1,stage1_synthesis,DCGAN
data/processed/synthetic_dcgan/Lung_Opacity/images/dcgan_Lung_Opacity_00001.png,Lung_Opacity,1,stage1_synthesis,DCGAN
data/processed/synthetic_dcgan/Lung_Opacity/images/dcgan_Lung_Opacity_00002.png,Lung_Opacity,1,stage1_synthesis,DCGAN
data/processed/synthetic_dcgan/Lung_Opacity/images/dcgan_Lung_Opacity_00003.png,Lung_Opacity,1,stage1_synthesis,DCGAN
data/processed/synthetic_dcgan/Lung_Opacity/images/dcgan_Lung_Opacity_00004.png,Lung_Opacity,1,stage1_synthesis,DCGAN
data/processed/synthetic_dcgan/Lung_Opacity/images/dcgan_Lung_Opacity_00005.png,Lung_Opacity,1,stage1_synthesis,DCGAN
data/processed/synthetic_dcgan/Lung_Opacity/images/dcgan_Lung_Opacity_00006.png,Lung_Opacity,1,stage1_synthesis,DCGAN
data/processed/synthetic_dcgan/Lung_Opacity/images/dcgan_Lung_Opacity_00007.png,Lung_Opacity,1,stage1_synthesis,DCGAN
data/processed/synthetic_dcgan/Lung_Opacity/images/dcgan_Lung_Opacity_00008.png,Lung_Opacity,1,stage1_synthesis,DCGAN
data/processed/synthetic_dcgan/Lung_Opacity/images/dcgan_Lung_Opacity_00009.png,Lung_Opacity,1,stage1_synthesis,DCGAN
data/processed/synthetic_dcgan/Lung_Opacity/images/dcgan_Lung_Opacity_00010.png,Lung_Opacity,1,stage1_synthesis,DCGAN
data/processed/synthetic_dcgan/Lung_Opacity/images/dcgan_Lung_Opacity_00011.png,Lung_Opacity,1,stage1_synthesis,DCGAN
data/processed/synthetic_dcgan/Lung_Opacity/images/dcgan_Lung_Opacity_00012.png,Lung_Opacity,1,stage1_synthesis,DCGAN
data/processed/synthetic_dcgan/Lung_Opacity/images/dcgan_Lung_Opacity_00013.png,Lung_Opacity,1,stage1_synthesis,DCGAN
data/processed/synthetic_dcgan/Lung_Opacity/images/dcgan_Lung_Opacity_00014.png,Lung_Opacity,1,stage1_synthesis,DCGAN
data/processed/synthetic_dcgan/Lung_Opacity/images/dcgan_Lung_Opacity_00015.png,Lung_Opacity,1,stage1_synthesis,DCGAN
data/processed/synthetic_dcgan/Lung_Opacity/images/dcgan_Lung_Opacity_00016.png,Lung_Opacity,1,stage1_synthesis,DCGAN
data/processed/synthetic_dcgan/Lung_Opacity/images/dcgan_Lung_Opacity_00017.png,Lung_Opacity,1,stage1_synthesis,DCGAN
data/processed/synthetic_dcgan/Lung_Opacity/images/dcgan_Lung_Opacity_00018.png,Lung_Opacity,1,stage1_synthesis,DCGAN
data/processed/synthetic_dcgan/Lung_Opacity/images/dcgan_Lung_Opacity_00019.png,Lung_Opacity,1,stage1_synthesis,DCGAN
data/processed/synthetic_dcgan/Lung_Opacity/images/dcgan_Lung_Opacity_00020.png,Lung_Opacity,1,stage1_synthesis,DCGAN
data/processed/synthetic_dcgan/Lung_Opacity/images/dcgan_Lung_Opacity_00021.png,Lung_Opacity,1,stage1_synthesis,DCGAN
data/processed/synthetic_dcgan/Lung_Opacity/images/dcgan_Lung_Opacity_00022.png,Lung_Opacity,1,stage1_synthesis,DCGAN
data/processed/synthetic_dcgan/Lung_Opacity/images/dcgan_Lung_Opacity_00023.png,Lung_Opacity,1,stage1_synthesis,DCGAN
data/processed/synthetic_dcgan/Lung_Opacity/images/dcgan_Lung_Opacity_00024.png,Lung_Opacity,1,stage1_synthesis,DCGAN
data/processed/synthetic_dcgan/Lung_Opacity/images/dcgan_Lung_Opacity_00025.png,Lung_Opacity,1,stage1_synthesis,DCGAN
data/processed/synthetic_dcgan/Lung_Opacity/images/dcgan_Lung_Opacity_00026.png,Lung_Opacity,1,stage1_synthesis,DCGAN
data/processed/synthetic_dcgan/Lung_Opacity/images/dcgan_Lung_Opacity_00027.png,Lung_Opacity,1,stage1_synthesis,DCGAN
data/processed/synthetic_dcgan/Lung_Opacity/images/dcgan_Lung_Opacity_00028.png,Lung_Opacity,1,stage1_synthesis,DCGAN
data/processed/synthetic_dcgan/Lung_Opacity/images/dcgan_Lung_Opacity_00029.png,Lung_Opacity,1,stage1_synthesis,DCGAN
data/processed/synthetic_dcgan/Lung_Opacity/images/dcgan_Lung_Opacity_00030.png,Lung_Opacity,1,stage1_synthesis,DCGAN
data/processed/synthetic_dcgan/Lung_Opacity/images/dcgan_Lung_Opacity_00031.png,Lung_Opacity,1,stage1_synthesis,DCGAN
data/processed/synthetic_dcgan/Lung_Opacity/images/dcgan_Lung_Opacity_00032.png,Lung_Opacity,1,stage1_synthesis,DCGAN
data/processed/synthetic_dcgan/Lung_Opacity/images/dcgan_Lung_Opacity_00033.png,Lung_Opacity,1,stage1_synthesis,DCGAN
data/processed/synthetic_dcgan/Lung_Opacity/images/dcgan_Lung_Opacity_00034.png,Lung_Opacity,1,stage1_synthesis,DCGAN
data/processed/synthetic_dcgan/Lung_Opacity/images/dcgan_Lung_Opacity_00035.png,Lung_Opacity,1,stage1_synthesis,DCGAN
data/processed/synthetic_dcgan/Lung_Opacity/images/dcgan_Lung_Opacity_00036.png,Lung_Opacity,1,stage1_synthesis,DCGAN
data/processed/synthetic_dcgan/Lung_Opacity/images/dcgan_Lung_Opacity_00037.png,Lung_Opacity,1,stage1_synthesis,DCGAN
data/processed/synthetic_dcgan/Lung_Opacity/images/dcgan_Lung_Opacity_00038.png,Lung_Opacity,1,stage1_synthesis,DCGAN
data/processed/synthetic_dcgan/Lung_Opacity/images/dcgan_Lung_Opacity_00039.png,Lung_Opacity,1,stage1_synthesis,DCGAN
data/processed/synthetic_dcgan/Lung_Opacity/images/dcgan_Lung_Opacity_00040.png,Lung_Opacity,1,stage1_synthesis,DCGAN
data/processed/synthetic_dcgan/Lung_Opacity/images/dcgan_Lung_Opacity_00041.png,Lung_Opacity,1,stage1_synthesis,DCGAN
data/processed/synthetic_dcgan/Lung_Opacity/images/dcgan_Lung_Opacity_00042.png,Lung_Opacity,1,stage1_synthesis,DCGAN
data/processed/synthetic_dcgan/Lung_Opacity/images/dcgan_Lung_Opacity_00043.png,Lung_Opacity,1,stage1_synthesis,DCGAN
data/processed/synthetic_dcgan/Lung_Opacity/images/dcgan_Lung_Opacity_00044.png,Lung_Opacity,1,stage1_synthesis,DCGAN
data/processed/synthetic_dcgan/Lung_Opacity/images/dcgan_Lung_Opacity_00045.png,Lung_Opacity,1,stage1_synthesis,DCGAN
data/processed/synthetic_dcgan/Lung_Opacity/images/dcgan_Lung_Opacity_00046.png,Lung_Opacity,1,stage1_synthesis,DCGAN
data/processed/synthetic_dcgan/Lung_Opacity/images/dcgan_Lung_Opacity_00047.png,Lung_Opacity,1,stage1_synthesis,DCGAN
data/processed/synthetic_dcgan/Lung_Opacity/images/dcgan_Lung_Opacity_00048.png,Lung_Opacity,1,stage1_synthesis,DCGAN
data/processed/synthetic_dcgan/Lung_Opacity/images/dcgan_Lung_Opacity_00049.png,Lung_Opacity,1,stage1_synthesis,DCGAN
data/processed/synthetic_dcgan/Lung_Opacity/images/dcgan_Lung_Opacity_00050.png,Lung_Opacity,1,stage1_synthesis,DCGAN
data/processed/synthetic_dcgan/Lung_Opacity/images/dcgan_Lung_Opacity_00051.png,Lung_Opacity,1,stage1_synthesis,DCGAN
data/processed/synthetic_dcgan/Lung_Opacity/images/dcgan_Lung_Opacity_00052.png,Lung_Opacity,1,stage1_synthesis,DCGAN
data/processed/synthetic_dcgan/Lung_Opacity/images/dcgan_Lung_Opacity_00053.png,Lung_Opacity,1,stage1_synthesis,DCGAN
data/processed/synthetic_dcgan/Lung_Opacity/images/dcgan_Lung_Opacity_00054.png,Lung_Opacity,1,stage1_synthesis,DCGAN
data/processed/synthetic_dcgan/Lung_Opacity/images/dcgan_Lung_Opacity_00055.png,Lung_Opacity,1,stage1_synthesis,DCGAN
data/processed/synthetic_dcgan/Lung_Opacity/images/dcgan_Lung_Opacity_00056.png,Lung_Opacity,1,stage1_synthesis,DCGAN
data/processed/synthetic_dcgan/Lung_Opacity/images/dcgan_Lung_Opacity_00057.png,Lung_Opacity,1,stage1_synthesis,DCGAN
data/processed/synthetic_dcgan/Lung_Opacity/images/dcgan_Lung_Opacity_00058.png,Lung_Opacity,1,stage1_synthesis,DCGAN
data/processed/synthetic_dcgan/Lung_Opacity/images/dcgan_Lung_Opacity_00059.png,Lung_Opacity,1,stage1_synthesis,DCGAN
data/processed/synthetic_dcgan/Lung_Opacity/images/dcgan_Lung_Opacity_00060.png,Lung_Opacity,1,stage1_synthesis,DCGAN
data/processed/synthetic_dcgan/Lung_Opacity/images/dcgan_Lung_Opacity_00061.png,Lung_Opacity,1,stage1_synthesis,DCGAN
data/processed/synthetic_dcgan/Lung_Opacity/images/dcgan_Lung_Opacity_00062.png,Lung_Opacity,1,stage1_synthesis,DCGAN
data/processed/synthetic_dcgan/Lung_Opacity/images/dcgan_Lung_Opacity_00063.png,Lung_Opacity,1,stage1_synthesis,DCGAN
data/processed/synthetic_dcgan/Lung_Opacity/images/dcgan_Lung_Opacity_00064.png,Lung_Opacity,1,stage1_synthesis,DCGAN
data/processed/synthetic_dcgan/Lung_Opacity/images/dcgan_Lung_Opacity_00065.png,Lung_Opacity,1,stage1_synthesis,DCGAN
data/processed/synthetic_dcgan/Lung_Opacity/images/dcgan_Lung_Opacity_00066.png,Lung_Opacity,1,stage1_synthesis,DCGAN
data/processed/synthetic_dcgan/Lung_Opacity/images/dcgan_Lung_Opacity_00067.png,Lung_Opacity,1,stage1_synthesis,DCGAN
data/processed/synthetic_dcgan/Lung_Opacity/images/dcgan_Lung_Opacity_00068.png,Lung_Opacity,1,stage1_synthesis,DCGAN
data/processed/synthetic_dcgan/Lung_Opacity/images/dcgan_Lung_Opacity_00069.png,Lung_Opacity,1,stage1_synthesis,DCGAN
data/processed/synthetic_dcgan/Lung_Opacity/images/dcgan_Lung_Opacity_00070.png,Lung_Opacity,1,stage1_synthesis,DCGAN
data/processed/synthetic_dcgan/Lung_Opacity/images/dcgan_Lung_Opacity_00071.png,Lung_Opacity,1,stage1_synthesis,DCGAN
data/processed/synthetic_dcgan/Lung_Opacity/images/dcgan_Lung_Opacity_00072.png,Lung_Opacity,1,stage1_synthesis,DCGAN
data/processed/synthetic_dcgan/Lung_Opacity/images/dcgan_Lung_Opacity_00073.png,Lung_Opacity,1,stage1_synthesis,DCGAN
data/processed/synthetic_dcgan/Lung_Opacity/images/dcgan_Lung_Opacity_00074.png,Lung_Opacity,1,stage1_synthesis,DCGAN
data/processed/synthetic_dcgan/Lung_Opacity/images/dcgan_Lung_Opacity_00075.png,Lung_Opacity,1,stage1_synthesis,DCGAN
data/processed/synthetic_dcgan/Lung_Opacity/images/dcgan_Lung_Opacity_00076.png,Lung_Opacity,1,stage1_synthesis,DCGAN
data/processed/synthetic_dcgan/Lung_Opacity/images/dcgan_Lung_Opacity_00077.png,Lung_Opacity,1,stage1_synthesis,DCGAN
data/processed/synthetic_dcgan/Lung_Opacity/images/dcgan_Lung_Opacity_00078.png,Lung_Opacity,1,stage1_synthesis,DCGAN
data/processed/synthetic_dcgan/Lung_Opacity/images/dcgan_Lung_Opacity_00079.png,Lung_Opacity,1,stage1_synthesis,DCGAN
data/processed/synthetic_dcgan/Lung_Opacity/images/dcgan_Lung_Opacity_00080.png,Lung_Opacity,1,stage1_synthesis,DCGAN
data/processed/synthetic_dcgan/Lung_Opacity/images/dcgan_Lung_Opacity_00081.png,Lung_Opacity,1,stage1_synthesis,DCGAN
data/processed/synthetic_dcgan/Lung_Opacity/images/dcgan_Lung_Opacity_00082.png,Lung_Opacity,1,stage1_synthesis,DCGAN
data/processed/synthetic_dcgan/Lung_Opacity/images/dcgan_Lung_Opacity_00083.png,Lung_Opacity,1,stage1_synthesis,DCGAN
data/processed/synthetic_dcgan/Lung_Opacity/images/dcgan_Lung_Opacity_00084.png,Lung_Opacity,1,stage1_synthesis,DCGAN
data/processed/synthetic_dcgan/Lung_Opacity/images/dcgan_Lung_Opacity_00085.png,Lung_Opacity,1,stage1_synthesis,DCGAN
data/processed/synthetic_dcgan/Lung_Opacity/images/dcgan_Lung_Opacity_00086.png,Lung_Opacity,1,stage1_synthesis,DCGAN
data/processed/synthetic_dcgan/Lung_Opacity/images/dcgan_Lung_Opacity_00087.png,Lung_Opacity,1,stage1_synthesis,DCGAN
data/processed/synthetic_dcgan/Lung_Opacity/images/dcgan_Lung_Opacity_00088.png,Lung_Opacity,1,stage1_synthesis,DCGAN
data/processed/synthetic_dcgan/Lung_Opacity/images/dcgan_Lung_Opacity_00089.png,Lung_Opacity,1,stage1_synthesis,DCGAN
data/processed/synthetic_dcgan/Lung_Opacity/images/dcgan_Lung_Opacity_00090.png,Lung_Opacity,1,stage1_synthesis,DCGAN
data/processed/synthetic_dcgan/Lung_Opacity/images/dcgan_Lung_Opacity_00091.png,Lung_Opacity,1,stage1_synthesis,DCGAN
data/processed/synthetic_dcgan/Lung_Opacity/images/dcgan_Lung_Opacity_00092.png,Lung_Opacity,1,stage1_synthesis,DCGAN
data/processed/synthetic_dcgan/Lung_Opacity/images/dcgan_Lung_Opacity_00093.png,Lung_Opacity,1,stage1_synthesis,DCGAN
data/processed/synthetic_dcgan/Lung_Opacity/images/dcgan_Lung_Opacity_00094.png,Lung_Opacity,1,stage1_synthesis,DCGAN
data/processed/synthetic_dcgan/Lung_Opacity/images/dcgan_Lung_Opacity_00095.png,Lung_Opacity,1,stage1_synthesis,DCGAN
data/processed/synthetic_dcgan/Lung_Opacity/images/dcgan_Lung_Opacity_00096.png,Lung_Opacity,1,stage1_synthesis,DCGAN
data/processed/synthetic_dcgan/Lung_Opacity/images/dcgan_Lung_Opacity_00097.png,Lung_Opacity,1,stage1_synthesis,DCGAN
data/processed/synthetic_dcgan/Lung_Opacity/images/dcgan_Lung_Opacity_00098.png,Lung_Opacity,1,stage1_synthesis,DCGAN
data/processed/synthetic_dcgan/Lung_Opacity/images/dcgan_Lung_Opacity_00099.png,Lung_Opacity,1,stage1_synthesis,DCGAN
data/processed/synthetic_dcgan/Lung_Opacity/images/dcgan_Lung_Opacity_00100.png,Lung_Opacity,1,stage1_synthesis,DCGAN
data/processed/synthetic_dcgan/Lung_Opacity/images/dcgan_Lung_Opacity_00101.png,Lung_Opacity,1,stage1_synthesis,DCGAN
data/processed/synthetic_dcgan/Lung_Opacity/images/dcgan_Lung_Opacity_00102.png,Lung_Opacity,1,stage1_synthesis,DCGAN
data/processed/synthetic_dcgan/Lung_Opacity/images/dcgan_Lung_Opacity_00103.png,Lung_Opacity,1,stage1_synthesis,DCGAN
data/processed/synthetic_dcgan/Lung_Opacity/images/dcgan_Lung_Opacity_00104.png,Lung_Opacity,1,stage1_synthesis,DCGAN
data/processed/synthetic_dcgan/Lung_Opacity/images/dcgan_Lung_Opacity_00105.png,Lung_Opacity,1,stage1_synthesis,DCGAN
data/processed/synthetic_dcgan/Lung_Opacity/images/dcgan_Lung_Opacity_00106.png,Lung_Opacity,1,stage1_synthesis,DCGAN
data/processed/synthetic_dcgan/Lung_Opacity/images/dcgan_Lung_Opacity_00107.png,Lung_Opacity,1,stage1_synthesis,DCGAN
data/processed/synthetic_dcgan/Lung_Opacity/images/dcgan_Lung_Opacity_00108.png,Lung_Opacity,1,stage1_synthesis,DCGAN
data/processed/synthetic_dcgan/Lung_Opacity/images/dcgan_Lung_Opacity_00109.png,Lung_Opacity,1,stage1_synthesis,DCGAN
data/processed/synthetic_dcgan/Lung_Opacity/images/dcgan_Lung_Opacity_00110.png,Lung_Opacity,1,stage1_synthesis,DCGAN
data/processed/synthetic_dcgan/Lung_Opacity/images/dcgan_Lung_Opacity_00111.png,Lung_Opacity,1,stage1_synthesis,DCGAN
data/processed/synthetic_dcgan/Lung_Opacity/images/dcgan_Lung_Opacity_00112.png,Lung_Opacity,1,stage1_synthesis,DCGAN
data/processed/synthetic_dcgan/Lung_Opacity/images/dcgan_Lung_Opacity_00113.png,Lung_Opacity,1,stage1_synthesis,DCGAN
data/processed/synthetic_dcgan/Lung_Opacity/images/dcgan_Lung_Opacity_00114.png,Lung_Opacity,1,stage1_synthesis,DCGAN
data/processed/synthetic_dcgan/Lung_Opacity/images/dcgan_Lung_Opacity_00115.png,Lung_Opacity,1,stage1_synthesis,DCGAN
data/processed/synthetic_dcgan/Lung_Opacity/images/dcgan_Lung_Opacity_00116.png,Lung_Opacity,1,stage1_synthesis,DCGAN
data/processed/synthetic_dcgan/Lung_Opacity/images/dcgan_Lung_Opacity_00117.png,Lung_Opacity,1,stage1_synthesis,DCGAN
data/processed/synthetic_dcgan/Lung_Opacity/images/dcgan_Lung_Opacity_00118.png,Lung_Opacity,1,stage1_synthesis,DCGAN
data/processed/synthetic_dcgan/Lung_Opacity/images/dcgan_Lung_Opacity_00119.png,Lung_Opacity,1,stage1_synthesis,DCGAN
data/processed/synthetic_dcgan/Lung_Opacity/images/dcgan_Lung_Opacity_00120.png,Lung_Opacity,1,stage1_synthesis,DCGAN
data/processed/synthetic_dcgan/Lung_Opacity/images/dcgan_Lung_Opacity_00121.png,Lung_Opacity,1,stage1_synthesis,DCGAN
data/processed/synthetic_dcgan/Lung_Opacity/images/dcgan_Lung_Opacity_00122.png,Lung_Opacity,1,stage1_synthesis,DCGAN
data/processed/synthetic_dcgan/Lung_Opacity/images/dcgan_Lung_Opacity_00123.png,Lung_Opacity,1,stage1_synthesis,DCGAN
data/processed/synthetic_dcgan/Lung_Opacity/images/dcgan_Lung_Opacity_00124.png,Lung_Opacity,1,stage1_synthesis,DCGAN
data/processed/synthetic_dcgan/Lung_Opacity/images/dcgan_Lung_Opacity_00125.png,Lung_Opacity,1,stage1_synthesis,DCGAN
data/processed/synthetic_dcgan/Lung_Opacity/images/dcgan_Lung_Opacity_00126.png,Lung_Opacity,1,stage1_synthesis,DCGAN
data/processed/synthetic_dcgan/Lung_Opacity/images/dcgan_Lung_Opacity_00127.png,Lung_Opacity,1,stage1_synthesis,DCGAN
data/processed/synthetic_dcgan/Lung_Opacity/images/dcgan_Lung_Opacity_00128.png,Lung_Opacity,1,stage1_synthesis,DCGAN
data/processed/synthetic_dcgan/Lung_Opacity/images/dcgan_Lung_Opacity_00129.png,Lung_Opacity,1,stage1_synthesis,DCGAN
data/processed/synthetic_dcgan/Lung_Opacity/images/dcgan_Lung_Opacity_00130.png,Lung_Opacity,1,stage1_synthesis,DCGAN
data/processed/synthetic_dcgan/Lung_Opacity/images/dcgan_Lung_Opacity_00131.png,Lung_Opacity,1,stage1_synthesis,DCGAN
data/processed/synthetic_dcgan/Lung_Opacity/images/dcgan_Lung_Opacity_00132.png,Lung_Opacity,1,stage1_synthesis,DCGAN
data/processed/synthetic_dcgan/Lung_Opacity/images/dcgan_Lung_Opacity_00133.png,Lung_Opacity,1,stage1_synthesis,DCGAN
data/processed/synthetic_dcgan/Lung_Opacity/images/dcgan_Lung_Opacity_00134.png,Lung_Opacity,1,stage1_synthesis,DCGAN
data/processed/synthetic_dcgan/Lung_Opacity/images/dcgan_Lung_Opacity_00135.png,Lung_Opacity,1,stage1_synthesis,DCGAN
data/processed/synthetic_dcgan/Lung_Opacity/images/dcgan_Lung_Opacity_00136.png,Lung_Opacity,1,stage1_synthesis,DCGAN
data/processed/synthetic_dcgan/Lung_Opacity/images/dcgan_Lung_Opacity_00137.png,Lung_Opacity,1,stage1_synthesis,DCGAN
data/processed/synthetic_dcgan/Lung_Opacity/images/dcgan_Lung_Opacity_00138.png,Lung_Opacity,1,stage1_synthesis,DCGAN
data/processed/synthetic_dcgan/Lung_Opacity/images/dcgan_Lung_Opacity_00139.png,Lung_Opacity,1,stage1_synthesis,DCGAN
data/processed/synthetic_dcgan/Lung_Opacity/images/dcgan_Lung_Opacity_00140.png,Lung_Opacity,1,stage1_synthesis,DCGAN
data/processed/synthetic_dcgan/Lung_Opacity/images/dcgan_Lung_Opacity_00141.png,Lung_Opacity,1,stage1_synthesis,DCGAN
data/processed/synthetic_dcgan/Lung_Opacity/images/dcgan_Lung_Opacity_00142.png,Lung_Opacity,1,stage1_synthesis,DCGAN
data/processed/synthetic_dcgan/Lung_Opacity/images/dcgan_Lung_Opacity_00143.png,Lung_Opacity,1,stage1_synthesis,DCGAN
data/processed/synthetic_dcgan/Lung_Opacity/images/dcgan_Lung_Opacity_00144.png,Lung_Opacity,1,stage1_synthesis,DCGAN
data/processed/synthetic_dcgan/Lung_Opacity/images/dcgan_Lung_Opacity_00145.png,Lung_Opacity,1,stage1_synthesis,DCGAN
data/processed/synthetic_dcgan/Lung_Opacity/images/dcgan_Lung_Opacity_00146.png,Lung_Opacity,1,stage1_synthesis,DCGAN
data/processed/synthetic_dcgan/Lung_Opacity/images/dcgan_Lung_Opacity_00147.png,Lung_Opacity,1,stage1_synthesis,DCGAN
data/processed/synthetic_dcgan/Lung_Opacity/images/dcgan_Lung_Opacity_00148.png,Lung_Opacity,1,stage1_synthesis,DCGAN
data/processed/synthetic_dcgan/Lung_Opacity/images/dcgan_Lung_Opacity_00149.png,Lung_Opacity,1,stage1_synthesis,DCGAN
data/processed/synthetic_dcgan/Lung_Opacity/images/dcgan_Lung_Opacity_00150.png,Lung_Opacity,1,stage1_synthesis,DCGAN
data/processed/synthetic_dcgan/Lung_Opacity/images/dcgan_Lung_Opacity_00151.png,Lung_Opacity,1,stage1_synthesis,DCGAN
data/processed/synthetic_dcgan/Lung_Opacity/images/dcgan_Lung_Opacity_00152.png,Lung_Opacity,1,stage1_synthesis,DCGAN
data/processed/synthetic_dcgan/Lung_Opacity/images/dcgan_Lung_Opacity_00153.png,Lung_Opacity,1,stage1_synthesis,DCGAN
data/processed/synthetic_dcgan/Lung_Opacity/images/dcgan_Lung_Opacity_00154.png,Lung_Opacity,1,stage1_synthesis,DCGAN
data/processed/synthetic_dcgan/Lung_Opacity/images/dcgan_Lung_Opacity_00155.png,Lung_Opacity,1,stage1_synthesis,DCGAN
data/processed/synthetic_dcgan/Lung_Opacity/images/dcgan_Lung_Opacity_00156.png,Lung_Opacity,1,stage1_synthesis,DCGAN
data/processed/synthetic_dcgan/Lung_Opacity/images/dcgan_Lung_Opacity_00157.png,Lung_Opacity,1,stage1_synthesis,DCGAN
data/processed/synthetic_dcgan/Lung_Opacity/images/dcgan_Lung_Opacity_00158.png,Lung_Opacity,1,stage1_synthesis,DCGAN
data/processed/synthetic_dcgan/Lung_Opacity/images/dcgan_Lung_Opacity_00159.png,Lung_Opacity,1,stage1_synthesis,DCGAN
data/processed/synthetic_dcgan/Lung_Opacity/images/dcgan_Lung_Opacity_00160.png,Lung_Opacity,1,stage1_synthesis,DCGAN
data/processed/synthetic_dcgan/Lung_Opacity/images/dcgan_Lung_Opacity_00161.png,Lung_Opacity,1,stage1_synthesis,DCGAN
data/processed/synthetic_dcgan/Lung_Opacity/images/dcgan_Lung_Opacity_00162.png,Lung_Opacity,1,stage1_synthesis,DCGAN
data/processed/synthetic_dcgan/Lung_Opacity/images/dcgan_Lung_Opacity_00163.png,Lung_Opacity,1,stage1_synthesis,DCGAN
data/processed/synthetic_dcgan/Lung_Opacity/images/dcgan_Lung_Opacity_00164.png,Lung_Opacity,1,stage1_synthesis,DCGAN
data/processed/synthetic_dcgan/Lung_Opacity/images/dcgan_Lung_Opacity_00165.png,Lung_Opacity,1,stage1_synthesis,DCGAN
data/processed/synthetic_dcgan/Lung_Opacity/images/dcgan_Lung_Opacity_00166.png,Lung_Opacity,1,stage1_synthesis,DCGAN
data/processed/synthetic_dcgan/Lung_Opacity/images/dcgan_Lung_Opacity_00167.png,Lung_Opacity,1,stage1_synthesis,DCGAN
data/processed/synthetic_dcgan/Lung_Opacity/images/dcgan_Lung_Opacity_00168.png,Lung_Opacity,1,stage1_synthesis,DCGAN
data/processed/synthetic_dcgan/Lung_Opacity/images/dcgan_Lung_Opacity_00169.png,Lung_Opacity,1,stage1_synthesis,DCGAN
data/processed/synthetic_dcgan/Lung_Opacity/images/dcgan_Lung_Opacity_00170.png,Lung_Opacity,1,stage1_synthesis,DCGAN
data/processed/synthetic_dcgan/Lung_Opacity/images/dcgan_Lung_Opacity_00171.png,Lung_Opacity,1,stage1_synthesis,DCGAN
data/processed/synthetic_dcgan/Lung_Opacity/images/dcgan_Lung_Opacity_00172.png,Lung_Opacity,1,stage1_synthesis,DCGAN
data/processed/synthetic_dcgan/Lung_Opacity/images/dcgan_Lung_Opacity_00173.png,Lung_Opacity,1,stage1_synthesis,DCGAN
data/processed/synthetic_dcgan/Lung_Opacity/images/dcgan_Lung_Opacity_00174.png,Lung_Opacity,1,stage1_synthesis,DCGAN
data/processed/synthetic_dcgan/Lung_Opacity/images/dcgan_Lung_Opacity_00175.png,Lung_Opacity,1,stage1_synthesis,DCGAN
data/processed/synthetic_dcgan/Lung_Opacity/images/dcgan_Lung_Opacity_00176.png,Lung_Opacity,1,stage1_synthesis,DCGAN
data/processed/synthetic_dcgan/Lung_Opacity/images/dcgan_Lung_Opacity_00177.png,Lung_Opacity,1,stage1_synthesis,DCGAN
data/processed/synthetic_dcgan/Lung_Opacity/images/dcgan_Lung_Opacity_00178.png,Lung_Opacity,1,stage1_synthesis,DCGAN
data/processed/synthetic_dcgan/Lung_Opacity/images/dcgan_Lung_Opacity_00179.png,Lung_Opacity,1,stage1_synthesis,DCGAN
data/processed/synthetic_dcgan/Lung_Opacity/images/dcgan_Lung_Opacity_00180.png,Lung_Opacity,1,stage1_synthesis,DCGAN
data/processed/synthetic_dcgan/Lung_Opacity/images/dcgan_Lung_Opacity_00181.png,Lung_Opacity,1,stage1_synthesis,DCGAN
data/processed/synthetic_dcgan/Lung_Opacity/images/dcgan_Lung_Opacity_00182.png,Lung_Opacity,1,stage1_synthesis,DCGAN
data/processed/synthetic_dcgan/Lung_Opacity/images/dcgan_Lung_Opacity_00183.png,Lung_Opacity,1,stage1_synthesis,DCGAN
data/processed/synthetic_dcgan/Lung_Opacity/images/dcgan_Lung_Opacity_00184.png,Lung_Opacity,1,stage1_synthesis,DCGAN
data/processed/synthetic_dcgan/Lung_Opacity/images/dcgan_Lung_Opacity_00185.png,Lung_Opacity,1,stage1_synthesis,DCGAN
data/processed/synthetic_dcgan/Lung_Opacity/images/dcgan_Lung_Opacity_00186.png,Lung_Opacity,1,stage1_synthesis,DCGAN
data/processed/synthetic_dcgan/Lung_Opacity/images/dcgan_Lung_Opacity_00187.png,Lung_Opacity,1,stage1_synthesis,DCGAN
data/processed/synthetic_dcgan/Lung_Opacity/images/dcgan_Lung_Opacity_00188.png,Lung_Opacity,1,stage1_synthesis,DCGAN
data/processed/synthetic_dcgan/Lung_Opacity/images/dcgan_Lung_Opacity_00189.png,Lung_Opacity,1,stage1_synthesis,DCGAN
data/processed/synthetic_dcgan/Lung_Opacity/images/dcgan_Lung_Opacity_00190.png,Lung_Opacity,1,stage1_synthesis,DCGAN
data/processed/synthetic_dcgan/Lung_Opacity/images/dcgan_Lung_Opacity_00191.png,Lung_Opacity,1,stage1_synthesis,DCGAN
data/processed/synthetic_dcgan/Lung_Opacity/images/dcgan_Lung_Opacity_00192.png,Lung_Opacity,1,stage1_synthesis,DCGAN
data/processed/synthetic_dcgan/Lung_Opacity/images/dcgan_Lung_Opacity_00193.png,Lung_Opacity,1,stage1_synthesis,DCGAN
data/processed/synthetic_dcgan/Lung_Opacity/images/dcgan_Lung_Opacity_00194.png,Lung_Opacity,1,stage1_synthesis,DCGAN
data/processed/synthetic_dcgan/Lung_Opacity/images/dcgan_Lung_Opacity_00195.png,Lung_Opacity,1,stage1_synthesis,DCGAN
data/processed/synthetic_dcgan/Lung_Opacity/images/dcgan_Lung_Opacity_00196.png,Lung_Opacity,1,stage1_synthesis,DCGAN
data/processed/synthetic_dcgan/Lung_Opacity/images/dcgan_Lung_Opacity_00197.png,Lung_Opacity,1,stage1_synthesis,DCGAN
data/processed/synthetic_dcgan/Lung_Opacity/images/dcgan_Lung_Opacity_00198.png,Lung_Opacity,1,stage1_synthesis,DCGAN
data/processed/synthetic_dcgan/Lung_Opacity/images/dcgan_Lung_Opacity_00199.png,Lung_Opacity,1,stage1_synthesis,DCGAN
data/processed/synthetic_dcgan/Lung_Opacity/images/dcgan_Lung_Opacity_00200.png,Lung_Opacity,1,stage1_synthesis,DCGAN
data/processed/synthetic_dcgan/Lung_Opacity/images/dcgan_Lung_Opacity_00201.png,Lung_Opacity,1,stage1_synthesis,DCGAN
data/processed/synthetic_dcgan/Lung_Opacity/images/dcgan_Lung_Opacity_00202.png,Lung_Opacity,1,stage1_synthesis,DCGAN
data/processed/synthetic_dcgan/Lung_Opacity/images/dcgan_Lung_Opacity_00203.png,Lung_Opacity,1,stage1_synthesis,DCGAN
data/processed/synthetic_dcgan/Lung_Opacity/images/dcgan_Lung_Opacity_00204.png,Lung_Opacity,1,stage1_synthesis,DCGAN
data/processed/synthetic_dcgan/Lung_Opacity/images/dcgan_Lung_Opacity_00205.png,Lung_Opacity,1,stage1_synthesis,DCGAN
data/processed/synthetic_dcgan/Lung_Opacity/images/dcgan_Lung_Opacity_00206.png,Lung_Opacity,1,stage1_synthesis,DCGAN
data/processed/synthetic_dcgan/Lung_Opacity/images/dcgan_Lung_Opacity_00207.png,Lung_Opacity,1,stage1_synthesis,DCGAN
data/processed/synthetic_dcgan/Lung_Opacity/images/dcgan_Lung_Opacity_00208.png,Lung_Opacity,1,stage1_synthesis,DCGAN
data/processed/synthetic_dcgan/Lung_Opacity/images/dcgan_Lung_Opacity_00209.png,Lung_Opacity,1,stage1_synthesis,DCGAN
data/processed/synthetic_dcgan/Lung_Opacity/images/dcgan_Lung_Opacity_00210.png,Lung_Opacity,1,stage1_synthesis,DCGAN
data/processed/synthetic_dcgan/Lung_Opacity/images/dcgan_Lung_Opacity_00211.png,Lung_Opacity,1,stage1_synthesis,DCGAN
data/processed/synthetic_dcgan/Lung_Opacity/images/dcgan_Lung_Opacity_00212.png,Lung_Opacity,1,stage1_synthesis,DCGAN
data/processed/synthetic_dcgan/Lung_Opacity/images/dcgan_Lung_Opacity_00213.png,Lung_Opacity,1,stage1_synthesis,DCGAN
data/processed/synthetic_dcgan/Lung_Opacity/images/dcgan_Lung_Opacity_00214.png,Lung_Opacity,1,stage1_synthesis,DCGAN
data/processed/synthetic_dcgan/Lung_Opacity/images/dcgan_Lung_Opacity_00215.png,Lung_Opacity,1,stage1_synthesis,DCGAN
data/processed/synthetic_dcgan/Lung_Opacity/images/dcgan_Lung_Opacity_00216.png,Lung_Opacity,1,stage1_synthesis,DCGAN
data/processed/synthetic_dcgan/Lung_Opacity/images/dcgan_Lung_Opacity_00217.png,Lung_Opacity,1,stage1_synthesis,DCGAN
data/processed/synthetic_dcgan/Lung_Opacity/images/dcgan_Lung_Opacity_00218.png,Lung_Opacity,1,stage1_synthesis,DCGAN
data/processed/synthetic_dcgan/Lung_Opacity/images/dcgan_Lung_Opacity_00219.png,Lung_Opacity,1,stage1_synthesis,DCGAN
data/processed/synthetic_dcgan/Lung_Opacity/images/dcgan_Lung_Opacity_00220.png,Lung_Opacity,1,stage1_synthesis,DCGAN
data/processed/synthetic_dcgan/Lung_Opacity/images/dcgan_Lung_Opacity_00221.png,Lung_Opacity,1,stage1_synthesis,DCGAN
data/processed/synthetic_dcgan/Lung_Opacity/images/dcgan_Lung_Opacity_00222.png,Lung_Opacity,1,stage1_synthesis,DCGAN
data/processed/synthetic_dcgan/Lung_Opacity/images/dcgan_Lung_Opacity_00223.png,Lung_Opacity,1,stage1_synthesis,DCGAN
data/processed/synthetic_dcgan/Lung_Opacity/images/dcgan_Lung_Opacity_00224.png,Lung_Opacity,1,stage1_synthesis,DCGAN
data/processed/synthetic_dcgan/Lung_Opacity/images/dcgan_Lung_Opacity_00225.png,Lung_Opacity,1,stage1_synthesis,DCGAN
data/processed/synthetic_dcgan/Lung_Opacity/images/dcgan_Lung_Opacity_00226.png,Lung_Opacity,1,stage1_synthesis,DCGAN
data/processed/synthetic_dcgan/Lung_Opacity/images/dcgan_Lung_Opacity_00227.png,Lung_Opacity,1,stage1_synthesis,DCGAN
data/processed/synthetic_dcgan/Lung_Opacity/images/dcgan_Lung_Opacity_00228.png,Lung_Opacity,1,stage1_synthesis,DCGAN
data/processed/synthetic_dcgan/Lung_Opacity/images/dcgan_Lung_Opacity_00229.png,Lung_Opacity,1,stage1_synthesis,DCGAN
data/processed/synthetic_dcgan/Lung_Opacity/images/dcgan_Lung_Opacity_00230.png,Lung_Opacity,1,stage1_synthesis,DCGAN
data/processed/synthetic_dcgan/Lung_Opacity/images/dcgan_Lung_Opacity_00231.png,Lung_Opacity,1,stage1_synthesis,DCGAN
data/processed/synthetic_dcgan/Lung_Opacity/images/dcgan_Lung_Opacity_00232.png,Lung_Opacity,1,stage1_synthesis,DCGAN
data/processed/synthetic_dcgan/Lung_Opacity/images/dcgan_Lung_Opacity_00233.png,Lung_Opacity,1,stage1_synthesis,DCGAN
data/processed/synthetic_dcgan/Lung_Opacity/images/dcgan_Lung_Opacity_00234.png,Lung_Opacity,1,stage1_synthesis,DCGAN
data/processed/synthetic_dcgan/Lung_Opacity/images/dcgan_Lung_Opacity_00235.png,Lung_Opacity,1,stage1_synthesis,DCGAN
data/processed/synthetic_dcgan/Lung_Opacity/images/dcgan_Lung_Opacity_00236.png,Lung_Opacity,1,stage1_synthesis,DCGAN
data/processed/synthetic_dcgan/Lung_Opacity/images/dcgan_Lung_Opacity_00237.png,Lung_Opacity,1,stage1_synthesis,DCGAN
data/processed/synthetic_dcgan/Lung_Opacity/images/dcgan_Lung_Opacity_00238.png,Lung_Opacity,1,stage1_synthesis,DCGAN
data/processed/synthetic_dcgan/Lung_Opacity/images/dcgan_Lung_Opacity_00239.png,Lung_Opacity,1,stage1_synthesis,DCGAN
data/processed/synthetic_dcgan/Lung_Opacity/images/dcgan_Lung_Opacity_00240.png,Lung_Opacity,1,stage1_synthesis,DCGAN
data/processed/synthetic_dcgan/Lung_Opacity/images/dcgan_Lung_Opacity_00241.png,Lung_Opacity,1,stage1_synthesis,DCGAN
data/processed/synthetic_dcgan/Lung_Opacity/images/dcgan_Lung_Opacity_00242.png,Lung_Opacity,1,stage1_synthesis,DCGAN
data/processed/synthetic_dcgan/Lung_Opacity/images/dcgan_Lung_Opacity_00243.png,Lung_Opacity,1,stage1_synthesis,DCGAN
data/processed/synthetic_dcgan/Lung_Opacity/images/dcgan_Lung_Opacity_00244.png,Lung_Opacity,1,stage1_synthesis,DCGAN
data/processed/synthetic_dcgan/Lung_Opacity/images/dcgan_Lung_Opacity_00245.png,Lung_Opacity,1,stage1_synthesis,DCGAN
data/processed/synthetic_dcgan/Lung_Opacity/images/dcgan_Lung_Opacity_00246.png,Lung_Opacity,1,stage1_synthesis,DCGAN
data/processed/synthetic_dcgan/Lung_Opacity/images/dcgan_Lung_Opacity_00247.png,Lung_Opacity,1,stage1_synthesis,DCGAN
data/processed/synthetic_dcgan/Lung_Opacity/images/dcgan_Lung_Opacity_00248.png,Lung_Opacity,1,stage1_synthesis,DCGAN
data/processed/synthetic_dcgan/Lung_Opacity/images/dcgan_Lung_Opacity_00249.png,Lung_Opacity,1,stage1_synthesis,DCGAN
data/processed/synthetic_dcgan/Lung_Opacity/images/dcgan_Lung_Opacity_00250.png,Lung_Opacity,1,stage1_synthesis,DCGAN
data/processed/synthetic_dcgan/Lung_Opacity/images/dcgan_Lung_Opacity_00251.png,Lung_Opacity,1,stage1_synthesis,DCGAN
data/processed/synthetic_dcgan/Lung_Opacity/images/dcgan_Lung_Opacity_00252.png,Lung_Opacity,1,stage1_synthesis,DCGAN
data/processed/synthetic_dcgan/Lung_Opacity/images/dcgan_Lung_Opacity_00253.png,Lung_Opacity,1,stage1_synthesis,DCGAN
data/processed/synthetic_dcgan/Lung_Opacity/images/dcgan_Lung_Opacity_00254.png,Lung_Opacity,1,stage1_synthesis,DCGAN
data/processed/synthetic_dcgan/Lung_Opacity/images/dcgan_Lung_Opacity_00255.png,Lung_Opacity,1,stage1_synthesis,DCGAN
data/processed/synthetic_dcgan/Lung_Opacity/images/dcgan_Lung_Opacity_00256.png,Lung_Opacity,1,stage1_synthesis,DCGAN
data/processed/synthetic_dcgan/Lung_Opacity/images/dcgan_Lung_Opacity_00257.png,Lung_Opacity,1,stage1_synthesis,DCGAN
data/processed/synthetic_dcgan/Lung_Opacity/images/dcgan_Lung_Opacity_00258.png,Lung_Opacity,1,stage1_synthesis,DCGAN
data/processed/synthetic_dcgan/Lung_Opacity/images/dcgan_Lung_Opacity_00259.png,Lung_Opacity,1,stage1_synthesis,DCGAN
data/processed/synthetic_dcgan/Lung_Opacity/images/dcgan_Lung_Opacity_00260.png,Lung_Opacity,1,stage1_synthesis,DCGAN
data/processed/synthetic_dcgan/Lung_Opacity/images/dcgan_Lung_Opacity_00261.png,Lung_Opacity,1,stage1_synthesis,DCGAN
data/processed/synthetic_dcgan/Lung_Opacity/images/dcgan_Lung_Opacity_00262.png,Lung_Opacity,1,stage1_synthesis,DCGAN
data/processed/synthetic_dcgan/Lung_Opacity/images/dcgan_Lung_Opacity_00263.png,Lung_Opacity,1,stage1_synthesis,DCGAN
data/processed/synthetic_dcgan/Lung_Opacity/images/dcgan_Lung_Opacity_00264.png,Lung_Opacity,1,stage1_synthesis,DCGAN
data/processed/synthetic_dcgan/Lung_Opacity/images/dcgan_Lung_Opacity_00265.png,Lung_Opacity,1,stage1_synthesis,DCGAN
data/processed/synthetic_dcgan/Lung_Opacity/images/dcgan_Lung_Opacity_00266.png,Lung_Opacity,1,stage1_synthesis,DCGAN
data/processed/synthetic_dcgan/Lung_Opacity/images/dcgan_Lung_Opacity_00267.png,Lung_Opacity,1,stage1_synthesis,DCGAN
data/processed/synthetic_dcgan/Lung_Opacity/images/dcgan_Lung_Opacity_00268.png,Lung_Opacity,1,stage1_synthesis,DCGAN
data/processed/synthetic_dcgan/Lung_Opacity/images/dcgan_Lung_Opacity_00269.png,Lung_Opacity,1,stage1_synthesis,DCGAN
data/processed/synthetic_dcgan/Lung_Opacity/images/dcgan_Lung_Opacity_00270.png,Lung_Opacity,1,stage1_synthesis,DCGAN
data/processed/synthetic_dcgan/Lung_Opacity/images/dcgan_Lung_Opacity_00271.png,Lung_Opacity,1,stage1_synthesis,DCGAN
data/processed/synthetic_dcgan/Lung_Opacity/images/dcgan_Lung_Opacity_00272.png,Lung_Opacity,1,stage1_synthesis,DCGAN
data/processed/synthetic_dcgan/Lung_Opacity/images/dcgan_Lung_Opacity_00273.png,Lung_Opacity,1,stage1_synthesis,DCGAN
data/processed/synthetic_dcgan/Lung_Opacity/images/dcgan_Lung_Opacity_00274.png,Lung_Opacity,1,stage1_synthesis,DCGAN
data/processed/synthetic_dcgan/Lung_Opacity/images/dcgan_Lung_Opacity_00275.png,Lung_Opacity,1,stage1_synthesis,DCGAN
data/processed/synthetic_dcgan/Lung_Opacity/images/dcgan_Lung_Opacity_00276.png,Lung_Opacity,1,stage1_synthesis,DCGAN
data/processed/synthetic_dcgan/Lung_Opacity/images/dcgan_Lung_Opacity_00277.png,Lung_Opacity,1,stage1_synthesis,DCGAN
data/processed/synthetic_dcgan/Lung_Opacity/images/dcgan_Lung_Opacity_00278.png,Lung_Opacity,1,stage1_synthesis,DCGAN
data/processed/synthetic_dcgan/Lung_Opacity/images/dcgan_Lung_Opacity_00279.png,Lung_Opacity,1,stage1_synthesis,DCGAN
data/processed/synthetic_dcgan/Lung_Opacity/images/dcgan_Lung_Opacity_00280.png,Lung_Opacity,1,stage1_synthesis,DCGAN
data/processed/synthetic_dcgan/Lung_Opacity/images/dcgan_Lung_Opacity_00281.png,Lung_Opacity,1,stage1_synthesis,DCGAN
data/processed/synthetic_dcgan/Lung_Opacity/images/dcgan_Lung_Opacity_00282.png,Lung_Opacity,1,stage1_synthesis,DCGAN
data/processed/synthetic_dcgan/Lung_Opacity/images/dcgan_Lung_Opacity_00283.png,Lung_Opacity,1,stage1_synthesis,DCGAN
data/processed/synthetic_dcgan/Lung_Opacity/images/dcgan_Lung_Opacity_00284.png,Lung_Opacity,1,stage1_synthesis,DCGAN
data/processed/synthetic_dcgan/Lung_Opacity/images/dcgan_Lung_Opacity_00285.png,Lung_Opacity,1,stage1_synthesis,DCGAN
data/processed/synthetic_dcgan/Lung_Opacity/images/dcgan_Lung_Opacity_00286.png,Lung_Opacity,1,stage1_synthesis,DCGAN
data/processed/synthetic_dcgan/Lung_Opacity/images/dcgan_Lung_Opacity_00287.png,Lung_Opacity,1,stage1_synthesis,DCGAN
data/processed/synthetic_dcgan/Lung_Opacity/images/dcgan_Lung_Opacity_00288.png,Lung_Opacity,1,stage1_synthesis,DCGAN
data/processed/synthetic_dcgan/Lung_Opacity/images/dcgan_Lung_Opacity_00289.png,Lung_Opacity,1,stage1_synthesis,DCGAN
data/processed/synthetic_dcgan/Lung_Opacity/images/dcgan_Lung_Opacity_00290.png,Lung_Opacity,1,stage1_synthesis,DCGAN
data/processed/synthetic_dcgan/Lung_Opacity/images/dcgan_Lung_Opacity_00291.png,Lung_Opacity,1,stage1_synthesis,DCGAN
data/processed/synthetic_dcgan/Lung_Opacity/images/dcgan_Lung_Opacity_00292.png,Lung_Opacity,1,stage1_synthesis,DCGAN
data/processed/synthetic_dcgan/Lung_Opacity/images/dcgan_Lung_Opacity_00293.png,Lung_Opacity,1,stage1_synthesis,DCGAN
data/processed/synthetic_dcgan/Lung_Opacity/images/dcgan_Lung_Opacity_00294.png,Lung_Opacity,1,stage1_synthesis,DCGAN
data/processed/synthetic_dcgan/Lung_Opacity/images/dcgan_Lung_Opacity_00295.png,Lung_Opacity,1,stage1_synthesis,DCGAN
data/processed/synthetic_dcgan/Lung_Opacity/images/dcgan_Lung_Opacity_00296.png,Lung_Opacity,1,stage1_synthesis,DCGAN
data/processed/synthetic_dcgan/Lung_Opacity/images/dcgan_Lung_Opacity_00297.png,Lung_Opacity,1,stage1_synthesis,DCGAN
data/processed/synthetic_dcgan/Lung_Opacity/images/dcgan_Lung_Opacity_00298.png,Lung_Opacity,1,stage1_synthesis,DCGAN
data/processed/synthetic_dcgan/Lung_Opacity/images/dcgan_Lung_Opacity_00299.png,Lung_Opacity,1,stage1_synthesis,DCGAN
data/processed/synthetic_dcgan/Lung_Opacity/images/dcgan_Lung_Opacity_00300.png,Lung_Opacity,1,stage1_synthesis,DCGAN
data/processed/synthetic_dcgan/Lung_Opacity/images/dcgan_Lung_Opacity_00301.png,Lung_Opacity,1,stage1_synthesis,DCGAN
data/processed/synthetic_dcgan/Lung_Opacity/images/dcgan_Lung_Opacity_00302.png,Lung_Opacity,1,stage1_synthesis,DCGAN
data/processed/synthetic_dcgan/Lung_Opacity/images/dcgan_Lung_Opacity_00303.png,Lung_Opacity,1,stage1_synthesis,DCGAN
data/processed/synthetic_dcgan/Lung_Opacity/images/dcgan_Lung_Opacity_00304.png,Lung_Opacity,1,stage1_synthesis,DCGAN
data/processed/synthetic_dcgan/Lung_Opacity/images/dcgan_Lung_Opacity_00305.png,Lung_Opacity,1,stage1_synthesis,DCGAN
data/processed/synthetic_dcgan/Lung_Opacity/images/dcgan_Lung_Opacity_00306.png,Lung_Opacity,1,stage1_synthesis,DCGAN
data/processed/synthetic_dcgan/Lung_Opacity/images/dcgan_Lung_Opacity_00307.png,Lung_Opacity,1,stage1_synthesis,DCGAN
data/processed/synthetic_dcgan/Lung_Opacity/images/dcgan_Lung_Opacity_00308.png,Lung_Opacity,1,stage1_synthesis,DCGAN
data/processed/synthetic_dcgan/Lung_Opacity/images/dcgan_Lung_Opacity_00309.png,Lung_Opacity,1,stage1_synthesis,DCGAN
data/processed/synthetic_dcgan/Lung_Opacity/images/dcgan_Lung_Opacity_00310.png,Lung_Opacity,1,stage1_synthesis,DCGAN
data/processed/synthetic_dcgan/Lung_Opacity/images/dcgan_Lung_Opacity_00311.png,Lung_Opacity,1,stage1_synthesis,DCGAN
data/processed/synthetic_dcgan/Lung_Opacity/images/dcgan_Lung_Opacity_00312.png,Lung_Opacity,1,stage1_synthesis,DCGAN
data/processed/synthetic_dcgan/Lung_Opacity/images/dcgan_Lung_Opacity_00313.png,Lung_Opacity,1,stage1_synthesis,DCGAN
data/processed/synthetic_dcgan/Lung_Opacity/images/dcgan_Lung_Opacity_00314.png,Lung_Opacity,1,stage1_synthesis,DCGAN
data/processed/synthetic_dcgan/Lung_Opacity/images/dcgan_Lung_Opacity_00315.png,Lung_Opacity,1,stage1_synthesis,DCGAN
data/processed/synthetic_dcgan/Lung_Opacity/images/dcgan_Lung_Opacity_00316.png,Lung_Opacity,1,stage1_synthesis,DCGAN
data/processed/synthetic_dcgan/Lung_Opacity/images/dcgan_Lung_Opacity_00317.png,Lung_Opacity,1,stage1_synthesis,DCGAN
data/processed/synthetic_dcgan/Lung_Opacity/images/dcgan_Lung_Opacity_00318.png,Lung_Opacity,1,stage1_synthesis,DCGAN
data/processed/synthetic_dcgan/Lung_Opacity/images/dcgan_Lung_Opacity_00319.png,Lung_Opacity,1,stage1_synthesis,DCGAN
data/processed/synthetic_dcgan/Lung_Opacity/images/dcgan_Lung_Opacity_00320.png,Lung_Opacity,1,stage1_synthesis,DCGAN
data/processed/synthetic_dcgan/Lung_Opacity/images/dcgan_Lung_Opacity_00321.png,Lung_Opacity,1,stage1_synthesis,DCGAN
data/processed/synthetic_dcgan/Lung_Opacity/images/dcgan_Lung_Opacity_00322.png,Lung_Opacity,1,stage1_synthesis,DCGAN
data/processed/synthetic_dcgan/Lung_Opacity/images/dcgan_Lung_Opacity_00323.png,Lung_Opacity,1,stage1_synthesis,DCGAN
data/processed/synthetic_dcgan/Lung_Opacity/images/dcgan_Lung_Opacity_00324.png,Lung_Opacity,1,stage1_synthesis,DCGAN
data/processed/synthetic_dcgan/Lung_Opacity/images/dcgan_Lung_Opacity_00325.png,Lung_Opacity,1,stage1_synthesis,DCGAN
data/processed/synthetic_dcgan/Lung_Opacity/images/dcgan_Lung_Opacity_00326.png,Lung_Opacity,1,stage1_synthesis,DCGAN
data/processed/synthetic_dcgan/Lung_Opacity/images/dcgan_Lung_Opacity_00327.png,Lung_Opacity,1,stage1_synthesis,DCGAN
data/processed/synthetic_dcgan/Lung_Opacity/images/dcgan_Lung_Opacity_00328.png,Lung_Opacity,1,stage1_synthesis,DCGAN
data/processed/synthetic_dcgan/Lung_Opacity/images/dcgan_Lung_Opacity_00329.png,Lung_Opacity,1,stage1_synthesis,DCGAN
data/processed/synthetic_dcgan/Lung_Opacity/images/dcgan_Lung_Opacity_00330.png,Lung_Opacity,1,stage1_synthesis,DCGAN
data/processed/synthetic_dcgan/Lung_Opacity/images/dcgan_Lung_Opacity_00331.png,Lung_Opacity,1,stage1_synthesis,DCGAN
data/processed/synthetic_dcgan/Lung_Opacity/images/dcgan_Lung_Opacity_00332.png,Lung_Opacity,1,stage1_synthesis,DCGAN
data/processed/synthetic_dcgan/Lung_Opacity/images/dcgan_Lung_Opacity_00333.png,Lung_Opacity,1,stage1_synthesis,DCGAN
data/processed/synthetic_dcgan/Lung_Opacity/images/dcgan_Lung_Opacity_00334.png,Lung_Opacity,1,stage1_synthesis,DCGAN
data/processed/synthetic_dcgan/Lung_Opacity/images/dcgan_Lung_Opacity_00335.png,Lung_Opacity,1,stage1_synthesis,DCGAN
data/processed/synthetic_dcgan/Lung_Opacity/images/dcgan_Lung_Opacity_00336.png,Lung_Opacity,1,stage1_synthesis,DCGAN
data/processed/synthetic_dcgan/Lung_Opacity/images/dcgan_Lung_Opacity_00337.png,Lung_Opacity,1,stage1_synthesis,DCGAN
data/processed/synthetic_dcgan/Lung_Opacity/images/dcgan_Lung_Opacity_00338.png,Lung_Opacity,1,stage1_synthesis,DCGAN
data/processed/synthetic_dcgan/Lung_Opacity/images/dcgan_Lung_Opacity_00339.png,Lung_Opacity,1,stage1_synthesis,DCGAN
data/processed/synthetic_dcgan/Lung_Opacity/images/dcgan_Lung_Opacity_00340.png,Lung_Opacity,1,stage1_synthesis,DCGAN
data/processed/synthetic_dcgan/Lung_Opacity/images/dcgan_Lung_Opacity_00341.png,Lung_Opacity,1,stage1_synthesis,DCGAN
data/processed/synthetic_dcgan/Lung_Opacity/images/dcgan_Lung_Opacity_00342.png,Lung_Opacity,1,stage1_synthesis,DCGAN
data/processed/synthetic_dcgan/Lung_Opacity/images/dcgan_Lung_Opacity_00343.png,Lung_Opacity,1,stage1_synthesis,DCGAN
data/processed/synthetic_dcgan/Lung_Opacity/images/dcgan_Lung_Opacity_00344.png,Lung_Opacity,1,stage1_synthesis,DCGAN
data/processed/synthetic_dcgan/Lung_Opacity/images/dcgan_Lung_Opacity_00345.png,Lung_Opacity,1,stage1_synthesis,DCGAN
data/processed/synthetic_dcgan/Lung_Opacity/images/dcgan_Lung_Opacity_00346.png,Lung_Opacity,1,stage1_synthesis,DCGAN
data/processed/synthetic_dcgan/Lung_Opacity/images/dcgan_Lung_Opacity_00347.png,Lung_Opacity,1,stage1_synthesis,DCGAN
data/processed/synthetic_dcgan/Lung_Opacity/images/dcgan_Lung_Opacity_00348.png,Lung_Opacity,1,stage1_synthesis,DCGAN
data/processed/synthetic_dcgan/Lung_Opacity/images/dcgan_Lung_Opacity_00349.png,Lung_Opacity,1,stage1_synthesis,DCGAN
data/processed/synthetic_dcgan/Lung_Opacity/images/dcgan_Lung_Opacity_00350.png,Lung_Opacity,1,stage1_synthesis,DCGAN
data/processed/synthetic_dcgan/Lung_Opacity/images/dcgan_Lung_Opacity_00351.png,Lung_Opacity,1,stage1_synthesis,DCGAN
data/processed/synthetic_dcgan/Lung_Opacity/images/dcgan_Lung_Opacity_00352.png,Lung_Opacity,1,stage1_synthesis,DCGAN
data/processed/synthetic_dcgan/Lung_Opacity/images/dcgan_Lung_Opacity_00353.png,Lung_Opacity,1,stage1_synthesis,DCGAN
data/processed/synthetic_dcgan/Lung_Opacity/images/dcgan_Lung_Opacity_00354.png,Lung_Opacity,1,stage1_synthesis,DCGAN
data/processed/synthetic_dcgan/Lung_Opacity/images/dcgan_Lung_Opacity_00355.png,Lung_Opacity,1,stage1_synthesis,DCGAN
data/processed/synthetic_dcgan/Lung_Opacity/images/dcgan_Lung_Opacity_00356.png,Lung_Opacity,1,stage1_synthesis,DCGAN
data/processed/synthetic_dcgan/Lung_Opacity/images/dcgan_Lung_Opacity_00357.png,Lung_Opacity,1,stage1_synthesis,DCGAN
data/processed/synthetic_dcgan/Lung_Opacity/images/dcgan_Lung_Opacity_00358.png,Lung_Opacity,1,stage1_synthesis,DCGAN
data/processed/synthetic_dcgan/Lung_Opacity/images/dcgan_Lung_Opacity_00359.png,Lung_Opacity,1,stage1_synthesis,DCGAN
data/processed/synthetic_dcgan/Lung_Opacity/images/dcgan_Lung_Opacity_00360.png,Lung_Opacity,1,stage1_synthesis,DCGAN
data/processed/synthetic_dcgan/Lung_Opacity/images/dcgan_Lung_Opacity_00361.png,Lung_Opacity,1,stage1_synthesis,DCGAN
data/processed/synthetic_dcgan/Lung_Opacity/images/dcgan_Lung_Opacity_00362.png,Lung_Opacity,1,stage1_synthesis,DCGAN
data/processed/synthetic_dcgan/Lung_Opacity/images/dcgan_Lung_Opacity_00363.png,Lung_Opacity,1,stage1_synthesis,DCGAN
data/processed/synthetic_dcgan/Lung_Opacity/images/dcgan_Lung_Opacity_00364.png,Lung_Opacity,1,stage1_synthesis,DCGAN
data/processed/synthetic_dcgan/Lung_Opacity/images/dcgan_Lung_Opacity_00365.png,Lung_Opacity,1,stage1_synthesis,DCGAN
data/processed/synthetic_dcgan/Lung_Opacity/images/dcgan_Lung_Opacity_00366.png,Lung_Opacity,1,stage1_synthesis,DCGAN
data/processed/synthetic_dcgan/Lung_Opacity/images/dcgan_Lung_Opacity_00367.png,Lung_Opacity,1,stage1_synthesis,DCGAN
data/processed/synthetic_dcgan/Lung_Opacity/images/dcgan_Lung_Opacity_00368.png,Lung_Opacity,1,stage1_synthesis,DCGAN
data/processed/synthetic_dcgan/Lung_Opacity/images/dcgan_Lung_Opacity_00369.png,Lung_Opacity,1,stage1_synthesis,DCGAN
data/processed/synthetic_dcgan/Lung_Opacity/images/dcgan_Lung_Opacity_00370.png,Lung_Opacity,1,stage1_synthesis,DCGAN
data/processed/synthetic_dcgan/Lung_Opacity/images/dcgan_Lung_Opacity_00371.png,Lung_Opacity,1,stage1_synthesis,DCGAN
data/processed/synthetic_dcgan/Lung_Opacity/images/dcgan_Lung_Opacity_00372.png,Lung_Opacity,1,stage1_synthesis,DCGAN
data/processed/synthetic_dcgan/Lung_Opacity/images/dcgan_Lung_Opacity_00373.png,Lung_Opacity,1,stage1_synthesis,DCGAN
data/processed/synthetic_dcgan/Lung_Opacity/images/dcgan_Lung_Opacity_00374.png,Lung_Opacity,1,stage1_synthesis,DCGAN
data/processed/synthetic_dcgan/Lung_Opacity/images/dcgan_Lung_Opacity_00375.png,Lung_Opacity,1,stage1_synthesis,DCGAN
data/processed/synthetic_dcgan/Lung_Opacity/images/dcgan_Lung_Opacity_00376.png,Lung_Opacity,1,stage1_synthesis,DCGAN
data/processed/synthetic_dcgan/Lung_Opacity/images/dcgan_Lung_Opacity_00377.png,Lung_Opacity,1,stage1_synthesis,DCGAN
data/processed/synthetic_dcgan/Lung_Opacity/images/dcgan_Lung_Opacity_00378.png,Lung_Opacity,1,stage1_synthesis,DCGAN
data/processed/synthetic_dcgan/Lung_Opacity/images/dcgan_Lung_Opacity_00379.png,Lung_Opacity,1,stage1_synthesis,DCGAN
data/processed/synthetic_dcgan/Lung_Opacity/images/dcgan_Lung_Opacity_00380.png,Lung_Opacity,1,stage1_synthesis,DCGAN
data/processed/synthetic_dcgan/Lung_Opacity/images/dcgan_Lung_Opacity_00381.png,Lung_Opacity,1,stage1_synthesis,DCGAN
data/processed/synthetic_dcgan/Lung_Opacity/images/dcgan_Lung_Opacity_00382.png,Lung_Opacity,1,stage1_synthesis,DCGAN
data/processed/synthetic_dcgan/Lung_Opacity/images/dcgan_Lung_Opacity_00383.png,Lung_Opacity,1,stage1_synthesis,DCGAN
data/processed/synthetic_dcgan/Lung_Opacity/images/dcgan_Lung_Opacity_00384.png,Lung_Opacity,1,stage1_synthesis,DCGAN
data/processed/synthetic_dcgan/Lung_Opacity/images/dcgan_Lung_Opacity_00385.png,Lung_Opacity,1,stage1_synthesis,DCGAN
data/processed/synthetic_dcgan/Lung_Opacity/images/dcgan_Lung_Opacity_00386.png,Lung_Opacity,1,stage1_synthesis,DCGAN
data/processed/synthetic_dcgan/Lung_Opacity/images/dcgan_Lung_Opacity_00387.png,Lung_Opacity,1,stage1_synthesis,DCGAN
data/processed/synthetic_dcgan/Lung_Opacity/images/dcgan_Lung_Opacity_00388.png,Lung_Opacity,1,stage1_synthesis,DCGAN
data/processed/synthetic_dcgan/Lung_Opacity/images/dcgan_Lung_Opacity_00389.png,Lung_Opacity,1,stage1_synthesis,DCGAN
data/processed/synthetic_dcgan/Lung_Opacity/images/dcgan_Lung_Opacity_00390.png,Lung_Opacity,1,stage1_synthesis,DCGAN
data/processed/synthetic_dcgan/Lung_Opacity/images/dcgan_Lung_Opacity_00391.png,Lung_Opacity,1,stage1_synthesis,DCGAN
data/processed/synthetic_dcgan/Lung_Opacity/images/dcgan_Lung_Opacity_00392.png,Lung_Opacity,1,stage1_synthesis,DCGAN
data/processed/synthetic_dcgan/Lung_Opacity/images/dcgan_Lung_Opacity_00393.png,Lung_Opacity,1,stage1_synthesis,DCGAN
data/processed/synthetic_dcgan/Lung_Opacity/images/dcgan_Lung_Opacity_00394.png,Lung_Opacity,1,stage1_synthesis,DCGAN
data/processed/synthetic_dcgan/Lung_Opacity/images/dcgan_Lung_Opacity_00395.png,Lung_Opacity,1,stage1_synthesis,DCGAN
data/processed/synthetic_dcgan/Lung_Opacity/images/dcgan_Lung_Opacity_00396.png,Lung_Opacity,1,stage1_synthesis,DCGAN
data/processed/synthetic_dcgan/Lung_Opacity/images/dcgan_Lung_Opacity_00397.png,Lung_Opacity,1,stage1_synthesis,DCGAN
data/processed/synthetic_dcgan/Lung_Opacity/images/dcgan_Lung_Opacity_00398.png,Lung_Opacity,1,stage1_synthesis,DCGAN
data/processed/synthetic_dcgan/Lung_Opacity/images/dcgan_Lung_Opacity_00399.png,Lung_Opacity,1,stage1_synthesis,DCGAN
data/processed/synthetic_dcgan/Lung_Opacity/images/dcgan_Lung_Opacity_00400.png,Lung_Opacity,1,stage1_synthesis,DCGAN
data/processed/synthetic_dcgan/Lung_Opacity/images/dcgan_Lung_Opacity_00401.png,Lung_Opacity,1,stage1_synthesis,DCGAN
data/processed/synthetic_dcgan/Lung_Opacity/images/dcgan_Lung_Opacity_00402.png,Lung_Opacity,1,stage1_synthesis,DCGAN
data/processed/synthetic_dcgan/Lung_Opacity/images/dcgan_Lung_Opacity_00403.png,Lung_Opacity,1,stage1_synthesis,DCGAN
data/processed/synthetic_dcgan/Lung_Opacity/images/dcgan_Lung_Opacity_00404.png,Lung_Opacity,1,stage1_synthesis,DCGAN
data/processed/synthetic_dcgan/Lung_Opacity/images/dcgan_Lung_Opacity_00405.png,Lung_Opacity,1,stage1_synthesis,DCGAN
data/processed/synthetic_dcgan/Lung_Opacity/images/dcgan_Lung_Opacity_00406.png,Lung_Opacity,1,stage1_synthesis,DCGAN
data/processed/synthetic_dcgan/Lung_Opacity/images/dcgan_Lung_Opacity_00407.png,Lung_Opacity,1,stage1_synthesis,DCGAN
data/processed/synthetic_dcgan/Lung_Opacity/images/dcgan_Lung_Opacity_00408.png,Lung_Opacity,1,stage1_synthesis,DCGAN
data/processed/synthetic_dcgan/Lung_Opacity/images/dcgan_Lung_Opacity_00409.png,Lung_Opacity,1,stage1_synthesis,DCGAN
data/processed/synthetic_dcgan/Lung_Opacity/images/dcgan_Lung_Opacity_00410.png,Lung_Opacity,1,stage1_synthesis,DCGAN
data/processed/synthetic_dcgan/Lung_Opacity/images/dcgan_Lung_Opacity_00411.png,Lung_Opacity,1,stage1_synthesis,DCGAN
data/processed/synthetic_dcgan/Lung_Opacity/images/dcgan_Lung_Opacity_00412.png,Lung_Opacity,1,stage1_synthesis,DCGAN
data/processed/synthetic_dcgan/Lung_Opacity/images/dcgan_Lung_Opacity_00413.png,Lung_Opacity,1,stage1_synthesis,DCGAN
data/processed/synthetic_dcgan/Lung_Opacity/images/dcgan_Lung_Opacity_00414.png,Lung_Opacity,1,stage1_synthesis,DCGAN
data/processed/synthetic_dcgan/Lung_Opacity/images/dcgan_Lung_Opacity_00415.png,Lung_Opacity,1,stage1_synthesis,DCGAN
data/processed/synthetic_dcgan/Lung_Opacity/images/dcgan_Lung_Opacity_00416.png,Lung_Opacity,1,stage1_synthesis,DCGAN
data/processed/synthetic_dcgan/Lung_Opacity/images/dcgan_Lung_Opacity_00417.png,Lung_Opacity,1,stage1_synthesis,DCGAN
data/processed/synthetic_dcgan/Lung_Opacity/images/dcgan_Lung_Opacity_00418.png,Lung_Opacity,1,stage1_synthesis,DCGAN
data/processed/synthetic_dcgan/Lung_Opacity/images/dcgan_Lung_Opacity_00419.png,Lung_Opacity,1,stage1_synthesis,DCGAN
data/processed/synthetic_dcgan/Lung_Opacity/images/dcgan_Lung_Opacity_00420.png,Lung_Opacity,1,stage1_synthesis,DCGAN
data/processed/synthetic_dcgan/Lung_Opacity/images/dcgan_Lung_Opacity_00421.png,Lung_Opacity,1,stage1_synthesis,DCGAN
data/processed/synthetic_dcgan/Lung_Opacity/images/dcgan_Lung_Opacity_00422.png,Lung_Opacity,1,stage1_synthesis,DCGAN
data/processed/synthetic_dcgan/Lung_Opacity/images/dcgan_Lung_Opacity_00423.png,Lung_Opacity,1,stage1_synthesis,DCGAN
data/processed/synthetic_dcgan/Lung_Opacity/images/dcgan_Lung_Opacity_00424.png,Lung_Opacity,1,stage1_synthesis,DCGAN
data/processed/synthetic_dcgan/Lung_Opacity/images/dcgan_Lung_Opacity_00425.png,Lung_Opacity,1,stage1_synthesis,DCGAN
data/processed/synthetic_dcgan/Lung_Opacity/images/dcgan_Lung_Opacity_00426.png,Lung_Opacity,1,stage1_synthesis,DCGAN
data/processed/synthetic_dcgan/Lung_Opacity/images/dcgan_Lung_Opacity_00427.png,Lung_Opacity,1,stage1_synthesis,DCGAN
data/processed/synthetic_dcgan/Lung_Opacity/images/dcgan_Lung_Opacity_00428.png,Lung_Opacity,1,stage1_synthesis,DCGAN
data/processed/synthetic_dcgan/Lung_Opacity/images/dcgan_Lung_Opacity_00429.png,Lung_Opacity,1,stage1_synthesis,DCGAN
data/processed/synthetic_dcgan/Lung_Opacity/images/dcgan_Lung_Opacity_00430.png,Lung_Opacity,1,stage1_synthesis,DCGAN
data/processed/synthetic_dcgan/Lung_Opacity/images/dcgan_Lung_Opacity_00431.png,Lung_Opacity,1,stage1_synthesis,DCGAN
data/processed/synthetic_dcgan/Lung_Opacity/images/dcgan_Lung_Opacity_00432.png,Lung_Opacity,1,stage1_synthesis,DCGAN
data/processed/synthetic_dcgan/Lung_Opacity/images/dcgan_Lung_Opacity_00433.png,Lung_Opacity,1,stage1_synthesis,DCGAN
data/processed/synthetic_dcgan/Lung_Opacity/images/dcgan_Lung_Opacity_00434.png,Lung_Opacity,1,stage1_synthesis,DCGAN
data/processed/synthetic_dcgan/Lung_Opacity/images/dcgan_Lung_Opacity_00435.png,Lung_Opacity,1,stage1_synthesis,DCGAN
data/processed/synthetic_dcgan/Lung_Opacity/images/dcgan_Lung_Opacity_00436.png,Lung_Opacity,1,stage1_synthesis,DCGAN
data/processed/synthetic_dcgan/Lung_Opacity/images/dcgan_Lung_Opacity_00437.png,Lung_Opacity,1,stage1_synthesis,DCGAN
data/processed/synthetic_dcgan/Lung_Opacity/images/dcgan_Lung_Opacity_00438.png,Lung_Opacity,1,stage1_synthesis,DCGAN
data/processed/synthetic_dcgan/Lung_Opacity/images/dcgan_Lung_Opacity_00439.png,Lung_Opacity,1,stage1_synthesis,DCGAN
data/processed/synthetic_dcgan/Lung_Opacity/images/dcgan_Lung_Opacity_00440.png,Lung_Opacity,1,stage1_synthesis,DCGAN
data/processed/synthetic_dcgan/Lung_Opacity/images/dcgan_Lung_Opacity_00441.png,Lung_Opacity,1,stage1_synthesis,DCGAN
data/processed/synthetic_dcgan/Lung_Opacity/images/dcgan_Lung_Opacity_00442.png,Lung_Opacity,1,stage1_synthesis,DCGAN
data/processed/synthetic_dcgan/Lung_Opacity/images/dcgan_Lung_Opacity_00443.png,Lung_Opacity,1,stage1_synthesis,DCGAN
data/processed/synthetic_dcgan/Lung_Opacity/images/dcgan_Lung_Opacity_00444.png,Lung_Opacity,1,stage1_synthesis,DCGAN
data/processed/synthetic_dcgan/Lung_Opacity/images/dcgan_Lung_Opacity_00445.png,Lung_Opacity,1,stage1_synthesis,DCGAN
data/processed/synthetic_dcgan/Lung_Opacity/images/dcgan_Lung_Opacity_00446.png,Lung_Opacity,1,stage1_synthesis,DCGAN
data/processed/synthetic_dcgan/Lung_Opacity/images/dcgan_Lung_Opacity_00447.png,Lung_Opacity,1,stage1_synthesis,DCGAN
data/processed/synthetic_dcgan/Lung_Opacity/images/dcgan_Lung_Opacity_00448.png,Lung_Opacity,1,stage1_synthesis,DCGAN
data/processed/synthetic_dcgan/Lung_Opacity/images/dcgan_Lung_Opacity_00449.png,Lung_Opacity,1,stage1_synthesis,DCGAN
data/processed/synthetic_dcgan/Lung_Opacity/images/dcgan_Lung_Opacity_00450.png,Lung_Opacity,1,stage1_synthesis,DCGAN
data/processed/synthetic_dcgan/Lung_Opacity/images/dcgan_Lung_Opacity_00451.png,Lung_Opacity,1,stage1_synthesis,DCGAN
data/processed/synthetic_dcgan/Lung_Opacity/images/dcgan_Lung_Opacity_00452.png,Lung_Opacity,1,stage1_synthesis,DCGAN
data/processed/synthetic_dcgan/Lung_Opacity/images/dcgan_Lung_Opacity_00453.png,Lung_Opacity,1,stage1_synthesis,DCGAN
data/processed/synthetic_dcgan/Lung_Opacity/images/dcgan_Lung_Opacity_00454.png,Lung_Opacity,1,stage1_synthesis,DCGAN
data/processed/synthetic_dcgan/Lung_Opacity/images/dcgan_Lung_Opacity_00455.png,Lung_Opacity,1,stage1_synthesis,DCGAN
data/processed/synthetic_dcgan/Lung_Opacity/images/dcgan_Lung_Opacity_00456.png,Lung_Opacity,1,stage1_synthesis,DCGAN
data/processed/synthetic_dcgan/Lung_Opacity/images/dcgan_Lung_Opacity_00457.png,Lung_Opacity,1,stage1_synthesis,DCGAN
data/processed/synthetic_dcgan/Lung_Opacity/images/dcgan_Lung_Opacity_00458.png,Lung_Opacity,1,stage1_synthesis,DCGAN
data/processed/synthetic_dcgan/Lung_Opacity/images/dcgan_Lung_Opacity_00459.png,Lung_Opacity,1,stage1_synthesis,DCGAN
data/processed/synthetic_dcgan/Lung_Opacity/images/dcgan_Lung_Opacity_00460.png,Lung_Opacity,1,stage1_synthesis,DCGAN
data/processed/synthetic_dcgan/Lung_Opacity/images/dcgan_Lung_Opacity_00461.png,Lung_Opacity,1,stage1_synthesis,DCGAN
data/processed/synthetic_dcgan/Lung_Opacity/images/dcgan_Lung_Opacity_00462.png,Lung_Opacity,1,stage1_synthesis,DCGAN
data/processed/synthetic_dcgan/Lung_Opacity/images/dcgan_Lung_Opacity_00463.png,Lung_Opacity,1,stage1_synthesis,DCGAN
data/processed/synthetic_dcgan/Lung_Opacity/images/dcgan_Lung_Opacity_00464.png,Lung_Opacity,1,stage1_synthesis,DCGAN
data/processed/synthetic_dcgan/Lung_Opacity/images/dcgan_Lung_Opacity_00465.png,Lung_Opacity,1,stage1_synthesis,DCGAN
data/processed/synthetic_dcgan/Lung_Opacity/images/dcgan_Lung_Opacity_00466.png,Lung_Opacity,1,stage1_synthesis,DCGAN
data/processed/synthetic_dcgan/Lung_Opacity/images/dcgan_Lung_Opacity_00467.png,Lung_Opacity,1,stage1_synthesis,DCGAN
data/processed/synthetic_dcgan/Lung_Opacity/images/dcgan_Lung_Opacity_00468.png,Lung_Opacity,1,stage1_synthesis,DCGAN
data/processed/synthetic_dcgan/Lung_Opacity/images/dcgan_Lung_Opacity_00469.png,Lung_Opacity,1,stage1_synthesis,DCGAN
data/processed/synthetic_dcgan/Lung_Opacity/images/dcgan_Lung_Opacity_00470.png,Lung_Opacity,1,stage1_synthesis,DCGAN
data/processed/synthetic_dcgan/Lung_Opacity/images/dcgan_Lung_Opacity_00471.png,Lung_Opacity,1,stage1_synthesis,DCGAN
data/processed/synthetic_dcgan/Lung_Opacity/images/dcgan_Lung_Opacity_00472.png,Lung_Opacity,1,stage1_synthesis,DCGAN
data/processed/synthetic_dcgan/Lung_Opacity/images/dcgan_Lung_Opacity_00473.png,Lung_Opacity,1,stage1_synthesis,DCGAN
data/processed/synthetic_dcgan/Lung_Opacity/images/dcgan_Lung_Opacity_00474.png,Lung_Opacity,1,stage1_synthesis,DCGAN
data/processed/synthetic_dcgan/Lung_Opacity/images/dcgan_Lung_Opacity_00475.png,Lung_Opacity,1,stage1_synthesis,DCGAN
data/processed/synthetic_dcgan/Lung_Opacity/images/dcgan_Lung_Opacity_00476.png,Lung_Opacity,1,stage1_synthesis,DCGAN
data/processed/synthetic_dcgan/Lung_Opacity/images/dcgan_Lung_Opacity_00477.png,Lung_Opacity,1,stage1_synthesis,DCGAN
data/processed/synthetic_dcgan/Lung_Opacity/images/dcgan_Lung_Opacity_00478.png,Lung_Opacity,1,stage1_synthesis,DCGAN
data/processed/synthetic_dcgan/Lung_Opacity/images/dcgan_Lung_Opacity_00479.png,Lung_Opacity,1,stage1_synthesis,DCGAN
data/processed/synthetic_dcgan/Lung_Opacity/images/dcgan_Lung_Opacity_00480.png,Lung_Opacity,1,stage1_synthesis,DCGAN
data/processed/synthetic_dcgan/Lung_Opacity/images/dcgan_Lung_Opacity_00481.png,Lung_Opacity,1,stage1_synthesis,DCGAN
data/processed/synthetic_dcgan/Lung_Opacity/images/dcgan_Lung_Opacity_00482.png,Lung_Opacity,1,stage1_synthesis,DCGAN
data/processed/synthetic_dcgan/Lung_Opacity/images/dcgan_Lung_Opacity_00483.png,Lung_Opacity,1,stage1_synthesis,DCGAN
data/processed/synthetic_dcgan/Lung_Opacity/images/dcgan_Lung_Opacity_00484.png,Lung_Opacity,1,stage1_synthesis,DCGAN
data/processed/synthetic_dcgan/Lung_Opacity/images/dcgan_Lung_Opacity_00485.png,Lung_Opacity,1,stage1_synthesis,DCGAN
data/processed/synthetic_dcgan/Lung_Opacity/images/dcgan_Lung_Opacity_00486.png,Lung_Opacity,1,stage1_synthesis,DCGAN
data/processed/synthetic_dcgan/Lung_Opacity/images/dcgan_Lung_Opacity_00487.png,Lung_Opacity,1,stage1_synthesis,DCGAN
data/processed/synthetic_dcgan/Lung_Opacity/images/dcgan_Lung_Opacity_00488.png,Lung_Opacity,1,stage1_synthesis,DCGAN
data/processed/synthetic_dcgan/Lung_Opacity/images/dcgan_Lung_Opacity_00489.png,Lung_Opacity,1,stage1_synthesis,DCGAN
data/processed/synthetic_dcgan/Lung_Opacity/images/dcgan_Lung_Opacity_00490.png,Lung_Opacity,1,stage1_synthesis,DCGAN
data/processed/synthetic_dcgan/Lung_Opacity/images/dcgan_Lung_Opacity_00491.png,Lung_Opacity,1,stage1_synthesis,DCGAN
data/processed/synthetic_dcgan/Lung_Opacity/images/dcgan_Lung_Opacity_00492.png,Lung_Opacity,1,stage1_synthesis,DCGAN
data/processed/synthetic_dcgan/Lung_Opacity/images/dcgan_Lung_Opacity_00493.png,Lung_Opacity,1,stage1_synthesis,DCGAN
data/processed/synthetic_dcgan/Lung_Opacity/images/dcgan_Lung_Opacity_00494.png,Lung_Opacity,1,stage1_synthesis,DCGAN
data/processed/synthetic_dcgan/Lung_Opacity/images/dcgan_Lung_Opacity_00495.png,Lung_Opacity,1,stage1_synthesis,DCGAN
data/processed/synthetic_dcgan/Lung_Opacity/images/dcgan_Lung_Opacity_00496.png,Lung_Opacity,1,stage1_synthesis,DCGAN
data/processed/synthetic_dcgan/Lung_Opacity/images/dcgan_Lung_Opacity_00497.png,Lung_Opacity,1,stage1_synthesis,DCGAN
data/processed/synthetic_dcgan/Lung_Opacity/images/dcgan_Lung_Opacity_00498.png,Lung_Opacity,1,stage1_synthesis,DCGAN
data/processed/synthetic_dcgan/Lung_Opacity/images/dcgan_Lung_Opacity_00499.png,Lung_Opacity,1,stage1_synthesis,DCGAN
data/processed/synthetic_dcgan/Lung_Opacity/images/dcgan_Lung_Opacity_00500.png,Lung_Opacity,1,stage1_synthesis,DCGAN
data/processed/synthetic_dcgan/Lung_Opacity/images/dcgan_Lung_Opacity_00501.png,Lung_Opacity,1,stage1_synthesis,DCGAN
data/processed/synthetic_dcgan/Lung_Opacity/images/dcgan_Lung_Opacity_00502.png,Lung_Opacity,1,stage1_synthesis,DCGAN
data/processed/synthetic_dcgan/Lung_Opacity/images/dcgan_Lung_Opacity_00503.png,Lung_Opacity,1,stage1_synthesis,DCGAN
data/processed/synthetic_dcgan/Lung_Opacity/images/dcgan_Lung_Opacity_00504.png,Lung_Opacity,1,stage1_synthesis,DCGAN
data/processed/synthetic_dcgan/Lung_Opacity/images/dcgan_Lung_Opacity_00505.png,Lung_Opacity,1,stage1_synthesis,DCGAN
data/processed/synthetic_dcgan/Lung_Opacity/images/dcgan_Lung_Opacity_00506.png,Lung_Opacity,1,stage1_synthesis,DCGAN
data/processed/synthetic_dcgan/Lung_Opacity/images/dcgan_Lung_Opacity_00507.png,Lung_Opacity,1,stage1_synthesis,DCGAN
data/processed/synthetic_dcgan/Lung_Opacity/images/dcgan_Lung_Opacity_00508.png,Lung_Opacity,1,stage1_synthesis,DCGAN
data/processed/synthetic_dcgan/Lung_Opacity/images/dcgan_Lung_Opacity_00509.png,Lung_Opacity,1,stage1_synthesis,DCGAN
data/processed/synthetic_dcgan/Lung_Opacity/images/dcgan_Lung_Opacity_00510.png,Lung_Opacity,1,stage1_synthesis,DCGAN
data/processed/synthetic_dcgan/Lung_Opacity/images/dcgan_Lung_Opacity_00511.png,Lung_Opacity,1,stage1_synthesis,DCGAN
data/processed/synthetic_dcgan/Lung_Opacity/images/dcgan_Lung_Opacity_00512.png,Lung_Opacity,1,stage1_synthesis,DCGAN
data/processed/synthetic_dcgan/Lung_Opacity/images/dcgan_Lung_Opacity_00513.png,Lung_Opacity,1,stage1_synthesis,DCGAN
data/processed/synthetic_dcgan/Lung_Opacity/images/dcgan_Lung_Opacity_00514.png,Lung_Opacity,1,stage1_synthesis,DCGAN
data/processed/synthetic_dcgan/Lung_Opacity/images/dcgan_Lung_Opacity_00515.png,Lung_Opacity,1,stage1_synthesis,DCGAN
data/processed/synthetic_dcgan/Lung_Opacity/images/dcgan_Lung_Opacity_00516.png,Lung_Opacity,1,stage1_synthesis,DCGAN
data/processed/synthetic_dcgan/Lung_Opacity/images/dcgan_Lung_Opacity_00517.png,Lung_Opacity,1,stage1_synthesis,DCGAN
data/processed/synthetic_dcgan/Lung_Opacity/images/dcgan_Lung_Opacity_00518.png,Lung_Opacity,1,stage1_synthesis,DCGAN
data/processed/synthetic_dcgan/Lung_Opacity/images/dcgan_Lung_Opacity_00519.png,Lung_Opacity,1,stage1_synthesis,DCGAN
data/processed/synthetic_dcgan/Lung_Opacity/images/dcgan_Lung_Opacity_00520.png,Lung_Opacity,1,stage1_synthesis,DCGAN
data/processed/synthetic_dcgan/Lung_Opacity/images/dcgan_Lung_Opacity_00521.png,Lung_Opacity,1,stage1_synthesis,DCGAN
data/processed/synthetic_dcgan/Lung_Opacity/images/dcgan_Lung_Opacity_00522.png,Lung_Opacity,1,stage1_synthesis,DCGAN
data/processed/synthetic_dcgan/Lung_Opacity/images/dcgan_Lung_Opacity_00523.png,Lung_Opacity,1,stage1_synthesis,DCGAN
data/processed/synthetic_dcgan/Lung_Opacity/images/dcgan_Lung_Opacity_00524.png,Lung_Opacity,1,stage1_synthesis,DCGAN
data/processed/synthetic_dcgan/Lung_Opacity/images/dcgan_Lung_Opacity_00525.png,Lung_Opacity,1,stage1_synthesis,DCGAN
data/processed/synthetic_dcgan/Lung_Opacity/images/dcgan_Lung_Opacity_00526.png,Lung_Opacity,1,stage1_synthesis,DCGAN
data/processed/synthetic_dcgan/Lung_Opacity/images/dcgan_Lung_Opacity_00527.png,Lung_Opacity,1,stage1_synthesis,DCGAN
data/processed/synthetic_dcgan/Lung_Opacity/images/dcgan_Lung_Opacity_00528.png,Lung_Opacity,1,stage1_synthesis,DCGAN
data/processed/synthetic_dcgan/Lung_Opacity/images/dcgan_Lung_Opacity_00529.png,Lung_Opacity,1,stage1_synthesis,DCGAN
data/processed/synthetic_dcgan/Lung_Opacity/images/dcgan_Lung_Opacity_00530.png,Lung_Opacity,1,stage1_synthesis,DCGAN
data/processed/synthetic_dcgan/Lung_Opacity/images/dcgan_Lung_Opacity_00531.png,Lung_Opacity,1,stage1_synthesis,DCGAN
data/processed/synthetic_dcgan/Lung_Opacity/images/dcgan_Lung_Opacity_00532.png,Lung_Opacity,1,stage1_synthesis,DCGAN
data/processed/synthetic_dcgan/Lung_Opacity/images/dcgan_Lung_Opacity_00533.png,Lung_Opacity,1,stage1_synthesis,DCGAN
data/processed/synthetic_dcgan/Lung_Opacity/images/dcgan_Lung_Opacity_00534.png,Lung_Opacity,1,stage1_synthesis,DCGAN
data/processed/synthetic_dcgan/Lung_Opacity/images/dcgan_Lung_Opacity_00535.png,Lung_Opacity,1,stage1_synthesis,DCGAN
data/processed/synthetic_dcgan/Lung_Opacity/images/dcgan_Lung_Opacity_00536.png,Lung_Opacity,1,stage1_synthesis,DCGAN
data/processed/synthetic_dcgan/Lung_Opacity/images/dcgan_Lung_Opacity_00537.png,Lung_Opacity,1,stage1_synthesis,DCGAN
data/processed/synthetic_dcgan/Lung_Opacity/images/dcgan_Lung_Opacity_00538.png,Lung_Opacity,1,stage1_synthesis,DCGAN
data/processed/synthetic_dcgan/Lung_Opacity/images/dcgan_Lung_Opacity_00539.png,Lung_Opacity,1,stage1_synthesis,DCGAN
data/processed/synthetic_dcgan/Lung_Opacity/images/dcgan_Lung_Opacity_00540.png,Lung_Opacity,1,stage1_synthesis,DCGAN
data/processed/synthetic_dcgan/Lung_Opacity/images/dcgan_Lung_Opacity_00541.png,Lung_Opacity,1,stage1_synthesis,DCGAN
data/processed/synthetic_dcgan/Lung_Opacity/images/dcgan_Lung_Opacity_00542.png,Lung_Opacity,1,stage1_synthesis,DCGAN
data/processed/synthetic_dcgan/Lung_Opacity/images/dcgan_Lung_Opacity_00543.png,Lung_Opacity,1,stage1_synthesis,DCGAN
data/processed/synthetic_dcgan/Lung_Opacity/images/dcgan_Lung_Opacity_00544.png,Lung_Opacity,1,stage1_synthesis,DCGAN
data/processed/synthetic_dcgan/Lung_Opacity/images/dcgan_Lung_Opacity_00545.png,Lung_Opacity,1,stage1_synthesis,DCGAN
data/processed/synthetic_dcgan/Lung_Opacity/images/dcgan_Lung_Opacity_00546.png,Lung_Opacity,1,stage1_synthesis,DCGAN
data/processed/synthetic_dcgan/Lung_Opacity/images/dcgan_Lung_Opacity_00547.png,Lung_Opacity,1,stage1_synthesis,DCGAN
data/processed/synthetic_dcgan/Lung_Opacity/images/dcgan_Lung_Opacity_00548.png,Lung_Opacity,1,stage1_synthesis,DCGAN
data/processed/synthetic_dcgan/Lung_Opacity/images/dcgan_Lung_Opacity_00549.png,Lung_Opacity,1,stage1_synthesis,DCGAN
data/processed/synthetic_dcgan/Lung_Opacity/images/dcgan_Lung_Opacity_00550.png,Lung_Opacity,1,stage1_synthesis,DCGAN
data/processed/synthetic_dcgan/Lung_Opacity/images/dcgan_Lung_Opacity_00551.png,Lung_Opacity,1,stage1_synthesis,DCGAN
data/processed/synthetic_dcgan/Lung_Opacity/images/dcgan_Lung_Opacity_00552.png,Lung_Opacity,1,stage1_synthesis,DCGAN
data/processed/synthetic_dcgan/Lung_Opacity/images/dcgan_Lung_Opacity_00553.png,Lung_Opacity,1,stage1_synthesis,DCGAN
data/processed/synthetic_dcgan/Lung_Opacity/images/dcgan_Lung_Opacity_00554.png,Lung_Opacity,1,stage1_synthesis,DCGAN
data/processed/synthetic_dcgan/Lung_Opacity/images/dcgan_Lung_Opacity_00555.png,Lung_Opacity,1,stage1_synthesis,DCGAN
data/processed/synthetic_dcgan/Lung_Opacity/images/dcgan_Lung_Opacity_00556.png,Lung_Opacity,1,stage1_synthesis,DCGAN
data/processed/synthetic_dcgan/Lung_Opacity/images/dcgan_Lung_Opacity_00557.png,Lung_Opacity,1,stage1_synthesis,DCGAN
data/processed/synthetic_dcgan/Lung_Opacity/images/dcgan_Lung_Opacity_00558.png,Lung_Opacity,1,stage1_synthesis,DCGAN
data/processed/synthetic_dcgan/Lung_Opacity/images/dcgan_Lung_Opacity_00559.png,Lung_Opacity,1,stage1_synthesis,DCGAN
data/processed/synthetic_dcgan/Lung_Opacity/images/dcgan_Lung_Opacity_00560.png,Lung_Opacity,1,stage1_synthesis,DCGAN
data/processed/synthetic_dcgan/Lung_Opacity/images/dcgan_Lung_Opacity_00561.png,Lung_Opacity,1,stage1_synthesis,DCGAN
data/processed/synthetic_dcgan/Lung_Opacity/images/dcgan_Lung_Opacity_00562.png,Lung_Opacity,1,stage1_synthesis,DCGAN
data/processed/synthetic_dcgan/Lung_Opacity/images/dcgan_Lung_Opacity_00563.png,Lung_Opacity,1,stage1_synthesis,DCGAN
data/processed/synthetic_dcgan/Lung_Opacity/images/dcgan_Lung_Opacity_00564.png,Lung_Opacity,1,stage1_synthesis,DCGAN
data/processed/synthetic_dcgan/Lung_Opacity/images/dcgan_Lung_Opacity_00565.png,Lung_Opacity,1,stage1_synthesis,DCGAN
data/processed/synthetic_dcgan/Lung_Opacity/images/dcgan_Lung_Opacity_00566.png,Lung_Opacity,1,stage1_synthesis,DCGAN
data/processed/synthetic_dcgan/Lung_Opacity/images/dcgan_Lung_Opacity_00567.png,Lung_Opacity,1,stage1_synthesis,DCGAN
data/processed/synthetic_dcgan/Lung_Opacity/images/dcgan_Lung_Opacity_00568.png,Lung_Opacity,1,stage1_synthesis,DCGAN
data/processed/synthetic_dcgan/Lung_Opacity/images/dcgan_Lung_Opacity_00569.png,Lung_Opacity,1,stage1_synthesis,DCGAN
data/processed/synthetic_dcgan/Lung_Opacity/images/dcgan_Lung_Opacity_00570.png,Lung_Opacity,1,stage1_synthesis,DCGAN
data/processed/synthetic_dcgan/Lung_Opacity/images/dcgan_Lung_Opacity_00571.png,Lung_Opacity,1,stage1_synthesis,DCGAN
data/processed/synthetic_dcgan/Lung_Opacity/images/dcgan_Lung_Opacity_00572.png,Lung_Opacity,1,stage1_synthesis,DCGAN
data/processed/synthetic_dcgan/Lung_Opacity/images/dcgan_Lung_Opacity_00573.png,Lung_Opacity,1,stage1_synthesis,DCGAN
data/processed/synthetic_dcgan/Lung_Opacity/images/dcgan_Lung_Opacity_00574.png,Lung_Opacity,1,stage1_synthesis,DCGAN
data/processed/synthetic_dcgan/Lung_Opacity/images/dcgan_Lung_Opacity_00575.png,Lung_Opacity,1,stage1_synthesis,DCGAN
data/processed/synthetic_dcgan/Lung_Opacity/images/dcgan_Lung_Opacity_00576.png,Lung_Opacity,1,stage1_synthesis,DCGAN
data/processed/synthetic_dcgan/Lung_Opacity/images/dcgan_Lung_Opacity_00577.png,Lung_Opacity,1,stage1_synthesis,DCGAN
data/processed/synthetic_dcgan/Lung_Opacity/images/dcgan_Lung_Opacity_00578.png,Lung_Opacity,1,stage1_synthesis,DCGAN
data/processed/synthetic_dcgan/Lung_Opacity/images/dcgan_Lung_Opacity_00579.png,Lung_Opacity,1,stage1_synthesis,DCGAN
data/processed/synthetic_dcgan/Lung_Opacity/images/dcgan_Lung_Opacity_00580.png,Lung_Opacity,1,stage1_synthesis,DCGAN
data/processed/synthetic_dcgan/Lung_Opacity/images/dcgan_Lung_Opacity_00581.png,Lung_Opacity,1,stage1_synthesis,DCGAN
data/processed/synthetic_dcgan/Lung_Opacity/images/dcgan_Lung_Opacity_00582.png,Lung_Opacity,1,stage1_synthesis,DCGAN
data/processed/synthetic_dcgan/Lung_Opacity/images/dcgan_Lung_Opacity_00583.png,Lung_Opacity,1,stage1_synthesis,DCGAN
data/processed/synthetic_dcgan/Lung_Opacity/images/dcgan_Lung_Opacity_00584.png,Lung_Opacity,1,stage1_synthesis,DCGAN
data/processed/synthetic_dcgan/Lung_Opacity/images/dcgan_Lung_Opacity_00585.png,Lung_Opacity,1,stage1_synthesis,DCGAN
data/processed/synthetic_dcgan/Lung_Opacity/images/dcgan_Lung_Opacity_00586.png,Lung_Opacity,1,stage1_synthesis,DCGAN
data/processed/synthetic_dcgan/Lung_Opacity/images/dcgan_Lung_Opacity_00587.png,Lung_Opacity,1,stage1_synthesis,DCGAN
data/processed/synthetic_dcgan/Lung_Opacity/images/dcgan_Lung_Opacity_00588.png,Lung_Opacity,1,stage1_synthesis,DCGAN
data/processed/synthetic_dcgan/Lung_Opacity/images/dcgan_Lung_Opacity_00589.png,Lung_Opacity,1,stage1_synthesis,DCGAN
data/processed/synthetic_dcgan/Lung_Opacity/images/dcgan_Lung_Opacity_00590.png,Lung_Opacity,1,stage1_synthesis,DCGAN
data/processed/synthetic_dcgan/Lung_Opacity/images/dcgan_Lung_Opacity_00591.png,Lung_Opacity,1,stage1_synthesis,DCGAN
data/processed/synthetic_dcgan/Lung_Opacity/images/dcgan_Lung_Opacity_00592.png,Lung_Opacity,1,stage1_synthesis,DCGAN
data/processed/synthetic_dcgan/Lung_Opacity/images/dcgan_Lung_Opacity_00593.png,Lung_Opacity,1,stage1_synthesis,DCGAN
data/processed/synthetic_dcgan/Lung_Opacity/images/dcgan_Lung_Opacity_00594.png,Lung_Opacity,1,stage1_synthesis,DCGAN
data/processed/synthetic_dcgan/Lung_Opacity/images/dcgan_Lung_Opacity_00595.png,Lung_Opacity,1,stage1_synthesis,DCGAN
data/processed/synthetic_dcgan/Lung_Opacity/images/dcgan_Lung_Opacity_00596.png,Lung_Opacity,1,stage1_synthesis,DCGAN
data/processed/synthetic_dcgan/Lung_Opacity/images/dcgan_Lung_Opacity_00597.png,Lung_Opacity,1,stage1_synthesis,DCGAN
data/processed/synthetic_dcgan/Lung_Opacity/images/dcgan_Lung_Opacity_00598.png,Lung_Opacity,1,stage1_synthesis,DCGAN
data/processed/synthetic_dcgan/Lung_Opacity/images/dcgan_Lung_Opacity_00599.png,Lung_Opacity,1,stage1_synthesis,DCGAN
data/processed/synthetic_dcgan/Lung_Opacity/images/dcgan_Lung_Opacity_00600.png,Lung_Opacity,1,stage1_synthesis,DCGAN
data/processed/synthetic_dcgan/Lung_Opacity/images/dcgan_Lung_Opacity_00601.png,Lung_Opacity,1,stage1_synthesis,DCGAN
data/processed/synthetic_dcgan/Lung_Opacity/images/dcgan_Lung_Opacity_00602.png,Lung_Opacity,1,stage1_synthesis,DCGAN
data/processed/synthetic_dcgan/Lung_Opacity/images/dcgan_Lung_Opacity_00603.png,Lung_Opacity,1,stage1_synthesis,DCGAN
data/processed/synthetic_dcgan/Lung_Opacity/images/dcgan_Lung_Opacity_00604.png,Lung_Opacity,1,stage1_synthesis,DCGAN
data/processed/synthetic_dcgan/Lung_Opacity/images/dcgan_Lung_Opacity_00605.png,Lung_Opacity,1,stage1_synthesis,DCGAN
data/processed/synthetic_dcgan/Lung_Opacity/images/dcgan_Lung_Opacity_00606.png,Lung_Opacity,1,stage1_synthesis,DCGAN
data/processed/synthetic_dcgan/Lung_Opacity/images/dcgan_Lung_Opacity_00607.png,Lung_Opacity,1,stage1_synthesis,DCGAN
data/processed/synthetic_dcgan/Lung_Opacity/images/dcgan_Lung_Opacity_00608.png,Lung_Opacity,1,stage1_synthesis,DCGAN
data/processed/synthetic_dcgan/Lung_Opacity/images/dcgan_Lung_Opacity_00609.png,Lung_Opacity,1,stage1_synthesis,DCGAN
data/processed/synthetic_dcgan/Lung_Opacity/images/dcgan_Lung_Opacity_00610.png,Lung_Opacity,1,stage1_synthesis,DCGAN
data/processed/synthetic_dcgan/Lung_Opacity/images/dcgan_Lung_Opacity_00611.png,Lung_Opacity,1,stage1_synthesis,DCGAN
data/processed/synthetic_dcgan/Lung_Opacity/images/dcgan_Lung_Opacity_00612.png,Lung_Opacity,1,stage1_synthesis,DCGAN
data/processed/synthetic_dcgan/Lung_Opacity/images/dcgan_Lung_Opacity_00613.png,Lung_Opacity,1,stage1_synthesis,DCGAN
data/processed/synthetic_dcgan/Lung_Opacity/images/dcgan_Lung_Opacity_00614.png,Lung_Opacity,1,stage1_synthesis,DCGAN
data/processed/synthetic_dcgan/Lung_Opacity/images/dcgan_Lung_Opacity_00615.png,Lung_Opacity,1,stage1_synthesis,DCGAN
data/processed/synthetic_dcgan/Lung_Opacity/images/dcgan_Lung_Opacity_00616.png,Lung_Opacity,1,stage1_synthesis,DCGAN
data/processed/synthetic_dcgan/Lung_Opacity/images/dcgan_Lung_Opacity_00617.png,Lung_Opacity,1,stage1_synthesis,DCGAN
data/processed/synthetic_dcgan/Lung_Opacity/images/dcgan_Lung_Opacity_00618.png,Lung_Opacity,1,stage1_synthesis,DCGAN
data/processed/synthetic_dcgan/Lung_Opacity/images/dcgan_Lung_Opacity_00619.png,Lung_Opacity,1,stage1_synthesis,DCGAN
data/processed/synthetic_dcgan/Lung_Opacity/images/dcgan_Lung_Opacity_00620.png,Lung_Opacity,1,stage1_synthesis,DCGAN
data/processed/synthetic_dcgan/Lung_Opacity/images/dcgan_Lung_Opacity_00621.png,Lung_Opacity,1,stage1_synthesis,DCGAN
data/processed/synthetic_dcgan/Lung_Opacity/images/dcgan_Lung_Opacity_00622.png,Lung_Opacity,1,stage1_synthesis,DCGAN
data/processed/synthetic_dcgan/Lung_Opacity/images/dcgan_Lung_Opacity_00623.png,Lung_Opacity,1,stage1_synthesis,DCGAN
data/processed/synthetic_dcgan/Lung_Opacity/images/dcgan_Lung_Opacity_00624.png,Lung_Opacity,1,stage1_synthesis,DCGAN
data/processed/synthetic_dcgan/Lung_Opacity/images/dcgan_Lung_Opacity_00625.png,Lung_Opacity,1,stage1_synthesis,DCGAN
data/processed/synthetic_dcgan/Lung_Opacity/images/dcgan_Lung_Opacity_00626.png,Lung_Opacity,1,stage1_synthesis,DCGAN
data/processed/synthetic_dcgan/Lung_Opacity/images/dcgan_Lung_Opacity_00627.png,Lung_Opacity,1,stage1_synthesis,DCGAN
data/processed/synthetic_dcgan/Lung_Opacity/images/dcgan_Lung_Opacity_00628.png,Lung_Opacity,1,stage1_synthesis,DCGAN
data/processed/synthetic_dcgan/Lung_Opacity/images/dcgan_Lung_Opacity_00629.png,Lung_Opacity,1,stage1_synthesis,DCGAN
data/processed/synthetic_dcgan/Lung_Opacity/images/dcgan_Lung_Opacity_00630.png,Lung_Opacity,1,stage1_synthesis,DCGAN
data/processed/synthetic_dcgan/Lung_Opacity/images/dcgan_Lung_Opacity_00631.png,Lung_Opacity,1,stage1_synthesis,DCGAN
data/processed/synthetic_dcgan/Lung_Opacity/images/dcgan_Lung_Opacity_00632.png,Lung_Opacity,1,stage1_synthesis,DCGAN
data/processed/synthetic_dcgan/Lung_Opacity/images/dcgan_Lung_Opacity_00633.png,Lung_Opacity,1,stage1_synthesis,DCGAN
data/processed/synthetic_dcgan/Lung_Opacity/images/dcgan_Lung_Opacity_00634.png,Lung_Opacity,1,stage1_synthesis,DCGAN
data/processed/synthetic_dcgan/Lung_Opacity/images/dcgan_Lung_Opacity_00635.png,Lung_Opacity,1,stage1_synthesis,DCGAN
data/processed/synthetic_dcgan/Lung_Opacity/images/dcgan_Lung_Opacity_00636.png,Lung_Opacity,1,stage1_synthesis,DCGAN
data/processed/synthetic_dcgan/Lung_Opacity/images/dcgan_Lung_Opacity_00637.png,Lung_Opacity,1,stage1_synthesis,DCGAN
data/processed/synthetic_dcgan/Lung_Opacity/images/dcgan_Lung_Opacity_00638.png,Lung_Opacity,1,stage1_synthesis,DCGAN
data/processed/synthetic_dcgan/Lung_Opacity/images/dcgan_Lung_Opacity_00639.png,Lung_Opacity,1,stage1_synthesis,DCGAN
data/processed/synthetic_dcgan/Lung_Opacity/images/dcgan_Lung_Opacity_00640.png,Lung_Opacity,1,stage1_synthesis,DCGAN
data/processed/synthetic_dcgan/Lung_Opacity/images/dcgan_Lung_Opacity_00641.png,Lung_Opacity,1,stage1_synthesis,DCGAN
data/processed/synthetic_dcgan/Lung_Opacity/images/dcgan_Lung_Opacity_00642.png,Lung_Opacity,1,stage1_synthesis,DCGAN
data/processed/synthetic_dcgan/Lung_Opacity/images/dcgan_Lung_Opacity_00643.png,Lung_Opacity,1,stage1_synthesis,DCGAN
data/processed/synthetic_dcgan/Lung_Opacity/images/dcgan_Lung_Opacity_00644.png,Lung_Opacity,1,stage1_synthesis,DCGAN
data/processed/synthetic_dcgan/Lung_Opacity/images/dcgan_Lung_Opacity_00645.png,Lung_Opacity,1,stage1_synthesis,DCGAN
data/processed/synthetic_dcgan/Lung_Opacity/images/dcgan_Lung_Opacity_00646.png,Lung_Opacity,1,stage1_synthesis,DCGAN
data/processed/synthetic_dcgan/Lung_Opacity/images/dcgan_Lung_Opacity_00647.png,Lung_Opacity,1,stage1_synthesis,DCGAN
data/processed/synthetic_dcgan/Lung_Opacity/images/dcgan_Lung_Opacity_00648.png,Lung_Opacity,1,stage1_synthesis,DCGAN
data/processed/synthetic_dcgan/Lung_Opacity/images/dcgan_Lung_Opacity_00649.png,Lung_Opacity,1,stage1_synthesis,DCGAN
data/processed/synthetic_dcgan/Lung_Opacity/images/dcgan_Lung_Opacity_00650.png,Lung_Opacity,1,stage1_synthesis,DCGAN
data/processed/synthetic_dcgan/Lung_Opacity/images/dcgan_Lung_Opacity_00651.png,Lung_Opacity,1,stage1_synthesis,DCGAN
data/processed/synthetic_dcgan/Lung_Opacity/images/dcgan_Lung_Opacity_00652.png,Lung_Opacity,1,stage1_synthesis,DCGAN
data/processed/synthetic_dcgan/Lung_Opacity/images/dcgan_Lung_Opacity_00653.png,Lung_Opacity,1,stage1_synthesis,DCGAN
data/processed/synthetic_dcgan/Lung_Opacity/images/dcgan_Lung_Opacity_00654.png,Lung_Opacity,1,stage1_synthesis,DCGAN
data/processed/synthetic_dcgan/Lung_Opacity/images/dcgan_Lung_Opacity_00655.png,Lung_Opacity,1,stage1_synthesis,DCGAN
data/processed/synthetic_dcgan/Lung_Opacity/images/dcgan_Lung_Opacity_00656.png,Lung_Opacity,1,stage1_synthesis,DCGAN
data/processed/synthetic_dcgan/Lung_Opacity/images/dcgan_Lung_Opacity_00657.png,Lung_Opacity,1,stage1_synthesis,DCGAN
data/processed/synthetic_dcgan/Lung_Opacity/images/dcgan_Lung_Opacity_00658.png,Lung_Opacity,1,stage1_synthesis,DCGAN
data/processed/synthetic_dcgan/Lung_Opacity/images/dcgan_Lung_Opacity_00659.png,Lung_Opacity,1,stage1_synthesis,DCGAN
data/processed/synthetic_dcgan/Lung_Opacity/images/dcgan_Lung_Opacity_00660.png,Lung_Opacity,1,stage1_synthesis,DCGAN
data/processed/synthetic_dcgan/Lung_Opacity/images/dcgan_Lung_Opacity_00661.png,Lung_Opacity,1,stage1_synthesis,DCGAN
data/processed/synthetic_dcgan/Lung_Opacity/images/dcgan_Lung_Opacity_00662.png,Lung_Opacity,1,stage1_synthesis,DCGAN
data/processed/synthetic_dcgan/Lung_Opacity/images/dcgan_Lung_Opacity_00663.png,Lung_Opacity,1,stage1_synthesis,DCGAN
data/processed/synthetic_dcgan/Lung_Opacity/images/dcgan_Lung_Opacity_00664.png,Lung_Opacity,1,stage1_synthesis,DCGAN
data/processed/synthetic_dcgan/Lung_Opacity/images/dcgan_Lung_Opacity_00665.png,Lung_Opacity,1,stage1_synthesis,DCGAN
data/processed/synthetic_dcgan/Lung_Opacity/images/dcgan_Lung_Opacity_00666.png,Lung_Opacity,1,stage1_synthesis,DCGAN
data/processed/synthetic_dcgan/Lung_Opacity/images/dcgan_Lung_Opacity_00667.png,Lung_Opacity,1,stage1_synthesis,DCGAN
data/processed/synthetic_dcgan/Lung_Opacity/images/dcgan_Lung_Opacity_00668.png,Lung_Opacity,1,stage1_synthesis,DCGAN
data/processed/synthetic_dcgan/Lung_Opacity/images/dcgan_Lung_Opacity_00669.png,Lung_Opacity,1,stage1_synthesis,DCGAN
data/processed/synthetic_dcgan/Lung_Opacity/images/dcgan_Lung_Opacity_00670.png,Lung_Opacity,1,stage1_synthesis,DCGAN
data/processed/synthetic_dcgan/Lung_Opacity/images/dcgan_Lung_Opacity_00671.png,Lung_Opacity,1,stage1_synthesis,DCGAN
data/processed/synthetic_dcgan/Lung_Opacity/images/dcgan_Lung_Opacity_00672.png,Lung_Opacity,1,stage1_synthesis,DCGAN
data/processed/synthetic_dcgan/Lung_Opacity/images/dcgan_Lung_Opacity_00673.png,Lung_Opacity,1,stage1_synthesis,DCGAN
data/processed/synthetic_dcgan/Lung_Opacity/images/dcgan_Lung_Opacity_00674.png,Lung_Opacity,1,stage1_synthesis,DCGAN
data/processed/synthetic_dcgan/Lung_Opacity/images/dcgan_Lung_Opacity_00675.png,Lung_Opacity,1,stage1_synthesis,DCGAN
data/processed/synthetic_dcgan/Lung_Opacity/images/dcgan_Lung_Opacity_00676.png,Lung_Opacity,1,stage1_synthesis,DCGAN
data/processed/synthetic_dcgan/Lung_Opacity/images/dcgan_Lung_Opacity_00677.png,Lung_Opacity,1,stage1_synthesis,DCGAN
data/processed/synthetic_dcgan/Lung_Opacity/images/dcgan_Lung_Opacity_00678.png,Lung_Opacity,1,stage1_synthesis,DCGAN
data/processed/synthetic_dcgan/Lung_Opacity/images/dcgan_Lung_Opacity_00679.png,Lung_Opacity,1,stage1_synthesis,DCGAN
data/processed/synthetic_dcgan/Lung_Opacity/images/dcgan_Lung_Opacity_00680.png,Lung_Opacity,1,stage1_synthesis,DCGAN
data/processed/synthetic_dcgan/Lung_Opacity/images/dcgan_Lung_Opacity_00681.png,Lung_Opacity,1,stage1_synthesis,DCGAN
data/processed/synthetic_dcgan/Lung_Opacity/images/dcgan_Lung_Opacity_00682.png,Lung_Opacity,1,stage1_synthesis,DCGAN
data/processed/synthetic_dcgan/Lung_Opacity/images/dcgan_Lung_Opacity_00683.png,Lung_Opacity,1,stage1_synthesis,DCGAN
data/processed/synthetic_dcgan/Lung_Opacity/images/dcgan_Lung_Opacity_00684.png,Lung_Opacity,1,stage1_synthesis,DCGAN
data/processed/synthetic_dcgan/Lung_Opacity/images/dcgan_Lung_Opacity_00685.png,Lung_Opacity,1,stage1_synthesis,DCGAN
data/processed/synthetic_dcgan/Lung_Opacity/images/dcgan_Lung_Opacity_00686.png,Lung_Opacity,1,stage1_synthesis,DCGAN
data/processed/synthetic_dcgan/Lung_Opacity/images/dcgan_Lung_Opacity_00687.png,Lung_Opacity,1,stage1_synthesis,DCGAN
data/processed/synthetic_dcgan/Lung_Opacity/images/dcgan_Lung_Opacity_00688.png,Lung_Opacity,1,stage1_synthesis,DCGAN
data/processed/synthetic_dcgan/Lung_Opacity/images/dcgan_Lung_Opacity_00689.png,Lung_Opacity,1,stage1_synthesis,DCGAN
data/processed/synthetic_dcgan/Lung_Opacity/images/dcgan_Lung_Opacity_00690.png,Lung_Opacity,1,stage1_synthesis,DCGAN
data/processed/synthetic_dcgan/Lung_Opacity/images/dcgan_Lung_Opacity_00691.png,Lung_Opacity,1,stage1_synthesis,DCGAN
data/processed/synthetic_dcgan/Lung_Opacity/images/dcgan_Lung_Opacity_00692.png,Lung_Opacity,1,stage1_synthesis,DCGAN
data/processed/synthetic_dcgan/Lung_Opacity/images/dcgan_Lung_Opacity_00693.png,Lung_Opacity,1,stage1_synthesis,DCGAN
data/processed/synthetic_dcgan/Lung_Opacity/images/dcgan_Lung_Opacity_00694.png,Lung_Opacity,1,stage1_synthesis,DCGAN
data/processed/synthetic_dcgan/Lung_Opacity/images/dcgan_Lung_Opacity_00695.png,Lung_Opacity,1,stage1_synthesis,DCGAN
data/processed/synthetic_dcgan/Lung_Opacity/images/dcgan_Lung_Opacity_00696.png,Lung_Opacity,1,stage1_synthesis,DCGAN
data/processed/synthetic_dcgan/Lung_Opacity/images/dcgan_Lung_Opacity_00697.png,Lung_Opacity,1,stage1_synthesis,DCGAN
data/processed/synthetic_dcgan/Lung_Opacity/images/dcgan_Lung_Opacity_00698.png,Lung_Opacity,1,stage1_synthesis,DCGAN
data/processed/synthetic_dcgan/Lung_Opacity/images/dcgan_Lung_Opacity_00699.png,Lung_Opacity,1,stage1_synthesis,DCGAN
data/processed/synthetic_dcgan/Lung_Opacity/images/dcgan_Lung_Opacity_00700.png,Lung_Opacity,1,stage1_synthesis,DCGAN
data/processed/synthetic_dcgan/Lung_Opacity/images/dcgan_Lung_Opacity_00701.png,Lung_Opacity,1,stage1_synthesis,DCGAN
data/processed/synthetic_dcgan/Lung_Opacity/images/dcgan_Lung_Opacity_00702.png,Lung_Opacity,1,stage1_synthesis,DCGAN
data/processed/synthetic_dcgan/Lung_Opacity/images/dcgan_Lung_Opacity_00703.png,Lung_Opacity,1,stage1_synthesis,DCGAN
data/processed/synthetic_dcgan/Lung_Opacity/images/dcgan_Lung_Opacity_00704.png,Lung_Opacity,1,stage1_synthesis,DCGAN
data/processed/synthetic_dcgan/Lung_Opacity/images/dcgan_Lung_Opacity_00705.png,Lung_Opacity,1,stage1_synthesis,DCGAN
data/processed/synthetic_dcgan/Lung_Opacity/images/dcgan_Lung_Opacity_00706.png,Lung_Opacity,1,stage1_synthesis,DCGAN
data/processed/synthetic_dcgan/Lung_Opacity/images/dcgan_Lung_Opacity_00707.png,Lung_Opacity,1,stage1_synthesis,DCGAN
data/processed/synthetic_dcgan/Lung_Opacity/images/dcgan_Lung_Opacity_00708.png,Lung_Opacity,1,stage1_synthesis,DCGAN
data/processed/synthetic_dcgan/Lung_Opacity/images/dcgan_Lung_Opacity_00709.png,Lung_Opacity,1,stage1_synthesis,DCGAN
data/processed/synthetic_dcgan/Lung_Opacity/images/dcgan_Lung_Opacity_00710.png,Lung_Opacity,1,stage1_synthesis,DCGAN
data/processed/synthetic_dcgan/Lung_Opacity/images/dcgan_Lung_Opacity_00711.png,Lung_Opacity,1,stage1_synthesis,DCGAN
data/processed/synthetic_dcgan/Lung_Opacity/images/dcgan_Lung_Opacity_00712.png,Lung_Opacity,1,stage1_synthesis,DCGAN
data/processed/synthetic_dcgan/Lung_Opacity/images/dcgan_Lung_Opacity_00713.png,Lung_Opacity,1,stage1_synthesis,DCGAN
data/processed/synthetic_dcgan/Lung_Opacity/images/dcgan_Lung_Opacity_00714.png,Lung_Opacity,1,stage1_synthesis,DCGAN
data/processed/synthetic_dcgan/Lung_Opacity/images/dcgan_Lung_Opacity_00715.png,Lung_Opacity,1,stage1_synthesis,DCGAN
data/processed/synthetic_dcgan/Lung_Opacity/images/dcgan_Lung_Opacity_00716.png,Lung_Opacity,1,stage1_synthesis,DCGAN
data/processed/synthetic_dcgan/Lung_Opacity/images/dcgan_Lung_Opacity_00717.png,Lung_Opacity,1,stage1_synthesis,DCGAN
data/processed/synthetic_dcgan/Lung_Opacity/images/dcgan_Lung_Opacity_00718.png,Lung_Opacity,1,stage1_synthesis,DCGAN
data/processed/synthetic_dcgan/Lung_Opacity/images/dcgan_Lung_Opacity_00719.png,Lung_Opacity,1,stage1_synthesis,DCGAN
data/processed/synthetic_dcgan/Lung_Opacity/images/dcgan_Lung_Opacity_00720.png,Lung_Opacity,1,stage1_synthesis,DCGAN
data/processed/synthetic_dcgan/Lung_Opacity/images/dcgan_Lung_Opacity_00721.png,Lung_Opacity,1,stage1_synthesis,DCGAN
data/processed/synthetic_dcgan/Lung_Opacity/images/dcgan_Lung_Opacity_00722.png,Lung_Opacity,1,stage1_synthesis,DCGAN
data/processed/synthetic_dcgan/Lung_Opacity/images/dcgan_Lung_Opacity_00723.png,Lung_Opacity,1,stage1_synthesis,DCGAN
data/processed/synthetic_dcgan/Lung_Opacity/images/dcgan_Lung_Opacity_00724.png,Lung_Opacity,1,stage1_synthesis,DCGAN
data/processed/synthetic_dcgan/Lung_Opacity/images/dcgan_Lung_Opacity_00725.png,Lung_Opacity,1,stage1_synthesis,DCGAN
data/processed/synthetic_dcgan/Lung_Opacity/images/dcgan_Lung_Opacity_00726.png,Lung_Opacity,1,stage1_synthesis,DCGAN
data/processed/synthetic_dcgan/Lung_Opacity/images/dcgan_Lung_Opacity_00727.png,Lung_Opacity,1,stage1_synthesis,DCGAN
data/processed/synthetic_dcgan/Lung_Opacity/images/dcgan_Lung_Opacity_00728.png,Lung_Opacity,1,stage1_synthesis,DCGAN
data/processed/synthetic_dcgan/Lung_Opacity/images/dcgan_Lung_Opacity_00729.png,Lung_Opacity,1,stage1_synthesis,DCGAN
data/processed/synthetic_dcgan/Lung_Opacity/images/dcgan_Lung_Opacity_00730.png,Lung_Opacity,1,stage1_synthesis,DCGAN
data/processed/synthetic_dcgan/Lung_Opacity/images/dcgan_Lung_Opacity_00731.png,Lung_Opacity,1,stage1_synthesis,DCGAN
data/processed/synthetic_dcgan/Lung_Opacity/images/dcgan_Lung_Opacity_00732.png,Lung_Opacity,1,stage1_synthesis,DCGAN
data/processed/synthetic_dcgan/Lung_Opacity/images/dcgan_Lung_Opacity_00733.png,Lung_Opacity,1,stage1_synthesis,DCGAN
data/processed/synthetic_dcgan/Lung_Opacity/images/dcgan_Lung_Opacity_00734.png,Lung_Opacity,1,stage1_synthesis,DCGAN
data/processed/synthetic_dcgan/Lung_Opacity/images/dcgan_Lung_Opacity_00735.png,Lung_Opacity,1,stage1_synthesis,DCGAN
data/processed/synthetic_dcgan/Lung_Opacity/images/dcgan_Lung_Opacity_00736.png,Lung_Opacity,1,stage1_synthesis,DCGAN
data/processed/synthetic_dcgan/Lung_Opacity/images/dcgan_Lung_Opacity_00737.png,Lung_Opacity,1,stage1_synthesis,DCGAN
data/processed/synthetic_dcgan/Lung_Opacity/images/dcgan_Lung_Opacity_00738.png,Lung_Opacity,1,stage1_synthesis,DCGAN
data/processed/synthetic_dcgan/Lung_Opacity/images/dcgan_Lung_Opacity_00739.png,Lung_Opacity,1,stage1_synthesis,DCGAN
data/processed/synthetic_dcgan/Lung_Opacity/images/dcgan_Lung_Opacity_00740.png,Lung_Opacity,1,stage1_synthesis,DCGAN
data/processed/synthetic_dcgan/Lung_Opacity/images/dcgan_Lung_Opacity_00741.png,Lung_Opacity,1,stage1_synthesis,DCGAN
data/processed/synthetic_dcgan/Lung_Opacity/images/dcgan_Lung_Opacity_00742.png,Lung_Opacity,1,stage1_synthesis,DCGAN
data/processed/synthetic_dcgan/Lung_Opacity/images/dcgan_Lung_Opacity_00743.png,Lung_Opacity,1,stage1_synthesis,DCGAN
data/processed/synthetic_dcgan/Lung_Opacity/images/dcgan_Lung_Opacity_00744.png,Lung_Opacity,1,stage1_synthesis,DCGAN
data/processed/synthetic_dcgan/Lung_Opacity/images/dcgan_Lung_Opacity_00745.png,Lung_Opacity,1,stage1_synthesis,DCGAN
data/processed/synthetic_dcgan/Lung_Opacity/images/dcgan_Lung_Opacity_00746.png,Lung_Opacity,1,stage1_synthesis,DCGAN
data/processed/synthetic_dcgan/Lung_Opacity/images/dcgan_Lung_Opacity_00747.png,Lung_Opacity,1,stage1_synthesis,DCGAN
data/processed/synthetic_dcgan/Lung_Opacity/images/dcgan_Lung_Opacity_00748.png,Lung_Opacity,1,stage1_synthesis,DCGAN
data/processed/synthetic_dcgan/Lung_Opacity/images/dcgan_Lung_Opacity_00749.png,Lung_Opacity,1,stage1_synthesis,DCGAN
data/processed/synthetic_dcgan/Lung_Opacity/images/dcgan_Lung_Opacity_00750.png,Lung_Opacity,1,stage1_synthesis,DCGAN
data/processed/synthetic_dcgan/Lung_Opacity/images/dcgan_Lung_Opacity_00751.png,Lung_Opacity,1,stage1_synthesis,DCGAN
data/processed/synthetic_dcgan/Lung_Opacity/images/dcgan_Lung_Opacity_00752.png,Lung_Opacity,1,stage1_synthesis,DCGAN
data/processed/synthetic_dcgan/Lung_Opacity/images/dcgan_Lung_Opacity_00753.png,Lung_Opacity,1,stage1_synthesis,DCGAN
data/processed/synthetic_dcgan/Lung_Opacity/images/dcgan_Lung_Opacity_00754.png,Lung_Opacity,1,stage1_synthesis,DCGAN
data/processed/synthetic_dcgan/Lung_Opacity/images/dcgan_Lung_Opacity_00755.png,Lung_Opacity,1,stage1_synthesis,DCGAN
data/processed/synthetic_dcgan/Lung_Opacity/images/dcgan_Lung_Opacity_00756.png,Lung_Opacity,1,stage1_synthesis,DCGAN
data/processed/synthetic_dcgan/Lung_Opacity/images/dcgan_Lung_Opacity_00757.png,Lung_Opacity,1,stage1_synthesis,DCGAN
data/processed/synthetic_dcgan/Lung_Opacity/images/dcgan_Lung_Opacity_00758.png,Lung_Opacity,1,stage1_synthesis,DCGAN
data/processed/synthetic_dcgan/Lung_Opacity/images/dcgan_Lung_Opacity_00759.png,Lung_Opacity,1,stage1_synthesis,DCGAN
data/processed/synthetic_dcgan/Lung_Opacity/images/dcgan_Lung_Opacity_00760.png,Lung_Opacity,1,stage1_synthesis,DCGAN
data/processed/synthetic_dcgan/Lung_Opacity/images/dcgan_Lung_Opacity_00761.png,Lung_Opacity,1,stage1_synthesis,DCGAN
data/processed/synthetic_dcgan/Lung_Opacity/images/dcgan_Lung_Opacity_00762.png,Lung_Opacity,1,stage1_synthesis,DCGAN
data/processed/synthetic_dcgan/Lung_Opacity/images/dcgan_Lung_Opacity_00763.png,Lung_Opacity,1,stage1_synthesis,DCGAN
data/processed/synthetic_dcgan/Lung_Opacity/images/dcgan_Lung_Opacity_00764.png,Lung_Opacity,1,stage1_synthesis,DCGAN
data/processed/synthetic_dcgan/Lung_Opacity/images/dcgan_Lung_Opacity_00765.png,Lung_Opacity,1,stage1_synthesis,DCGAN
data/processed/synthetic_dcgan/Lung_Opacity/images/dcgan_Lung_Opacity_00766.png,Lung_Opacity,1,stage1_synthesis,DCGAN
data/processed/synthetic_dcgan/Lung_Opacity/images/dcgan_Lung_Opacity_00767.png,Lung_Opacity,1,stage1_synthesis,DCGAN
data/processed/synthetic_dcgan/Lung_Opacity/images/dcgan_Lung_Opacity_00768.png,Lung_Opacity,1,stage1_synthesis,DCGAN
data/processed/synthetic_dcgan/Lung_Opacity/images/dcgan_Lung_Opacity_00769.png,Lung_Opacity,1,stage1_synthesis,DCGAN
data/processed/synthetic_dcgan/Lung_Opacity/images/dcgan_Lung_Opacity_00770.png,Lung_Opacity,1,stage1_synthesis,DCGAN
data/processed/synthetic_dcgan/Lung_Opacity/images/dcgan_Lung_Opacity_00771.png,Lung_Opacity,1,stage1_synthesis,DCGAN
data/processed/synthetic_dcgan/Lung_Opacity/images/dcgan_Lung_Opacity_00772.png,Lung_Opacity,1,stage1_synthesis,DCGAN
data/processed/synthetic_dcgan/Lung_Opacity/images/dcgan_Lung_Opacity_00773.png,Lung_Opacity,1,stage1_synthesis,DCGAN
data/processed/synthetic_dcgan/Lung_Opacity/images/dcgan_Lung_Opacity_00774.png,Lung_Opacity,1,stage1_synthesis,DCGAN
data/processed/synthetic_dcgan/Lung_Opacity/images/dcgan_Lung_Opacity_00775.png,Lung_Opacity,1,stage1_synthesis,DCGAN
data/processed/synthetic_dcgan/Lung_Opacity/images/dcgan_Lung_Opacity_00776.png,Lung_Opacity,1,stage1_synthesis,DCGAN
data/processed/synthetic_dcgan/Lung_Opacity/images/dcgan_Lung_Opacity_00777.png,Lung_Opacity,1,stage1_synthesis,DCGAN
data/processed/synthetic_dcgan/Lung_Opacity/images/dcgan_Lung_Opacity_00778.png,Lung_Opacity,1,stage1_synthesis,DCGAN
data/processed/synthetic_dcgan/Lung_Opacity/images/dcgan_Lung_Opacity_00779.png,Lung_Opacity,1,stage1_synthesis,DCGAN
data/processed/synthetic_dcgan/Lung_Opacity/images/dcgan_Lung_Opacity_00780.png,Lung_Opacity,1,stage1_synthesis,DCGAN
data/processed/synthetic_dcgan/Lung_Opacity/images/dcgan_Lung_Opacity_00781.png,Lung_Opacity,1,stage1_synthesis,DCGAN
data/processed/synthetic_dcgan/Lung_Opacity/images/dcgan_Lung_Opacity_00782.png,Lung_Opacity,1,stage1_synthesis,DCGAN
data/processed/synthetic_dcgan/Lung_Opacity/images/dcgan_Lung_Opacity_00783.png,Lung_Opacity,1,stage1_synthesis,DCGAN
data/processed/synthetic_dcgan/Lung_Opacity/images/dcgan_Lung_Opacity_00784.png,Lung_Opacity,1,stage1_synthesis,DCGAN
data/processed/synthetic_dcgan/Lung_Opacity/images/dcgan_Lung_Opacity_00785.png,Lung_Opacity,1,stage1_synthesis,DCGAN
data/processed/synthetic_dcgan/Lung_Opacity/images/dcgan_Lung_Opacity_00786.png,Lung_Opacity,1,stage1_synthesis,DCGAN
data/processed/synthetic_dcgan/Lung_Opacity/images/dcgan_Lung_Opacity_00787.png,Lung_Opacity,1,stage1_synthesis,DCGAN
data/processed/synthetic_dcgan/Lung_Opacity/images/dcgan_Lung_Opacity_00788.png,Lung_Opacity,1,stage1_synthesis,DCGAN
data/processed/synthetic_dcgan/Lung_Opacity/images/dcgan_Lung_Opacity_00789.png,Lung_Opacity,1,stage1_synthesis,DCGAN
data/processed/synthetic_dcgan/Lung_Opacity/images/dcgan_Lung_Opacity_00790.png,Lung_Opacity,1,stage1_synthesis,DCGAN
data/processed/synthetic_dcgan/Lung_Opacity/images/dcgan_Lung_Opacity_00791.png,Lung_Opacity,1,stage1_synthesis,DCGAN
data/processed/synthetic_dcgan/Lung_Opacity/images/dcgan_Lung_Opacity_00792.png,Lung_Opacity,1,stage1_synthesis,DCGAN
data/processed/synthetic_dcgan/Lung_Opacity/images/dcgan_Lung_Opacity_00793.png,Lung_Opacity,1,stage1_synthesis,DCGAN
data/processed/synthetic_dcgan/Lung_Opacity/images/dcgan_Lung_Opacity_00794.png,Lung_Opacity,1,stage1_synthesis,DCGAN
data/processed/synthetic_dcgan/Lung_Opacity/images/dcgan_Lung_Opacity_00795.png,Lung_Opacity,1,stage1_synthesis,DCGAN
data/processed/synthetic_dcgan/Lung_Opacity/images/dcgan_Lung_Opacity_00796.png,Lung_Opacity,1,stage1_synthesis,DCGAN
data/processed/synthetic_dcgan/Lung_Opacity/images/dcgan_Lung_Opacity_00797.png,Lung_Opacity,1,stage1_synthesis,DCGAN
data/processed/synthetic_dcgan/Lung_Opacity/images/dcgan_Lung_Opacity_00798.png,Lung_Opacity,1,stage1_synthesis,DCGAN
data/processed/synthetic_dcgan/Lung_Opacity/images/dcgan_Lung_Opacity_00799.png,Lung_Opacity,1,stage1_synthesis,DCGAN
data/processed/synthetic_dcgan/Lung_Opacity/images/dcgan_Lung_Opacity_00800.png,Lung_Opacity,1,stage1_synthesis,DCGAN
data/processed/synthetic_dcgan/Lung_Opacity/images/dcgan_Lung_Opacity_00801.png,Lung_Opacity,1,stage1_synthesis,DCGAN
data/processed/synthetic_dcgan/Lung_Opacity/images/dcgan_Lung_Opacity_00802.png,Lung_Opacity,1,stage1_synthesis,DCGAN
data/processed/synthetic_dcgan/Lung_Opacity/images/dcgan_Lung_Opacity_00803.png,Lung_Opacity,1,stage1_synthesis,DCGAN
data/processed/synthetic_dcgan/Lung_Opacity/images/dcgan_Lung_Opacity_00804.png,Lung_Opacity,1,stage1_synthesis,DCGAN
data/processed/synthetic_dcgan/Lung_Opacity/images/dcgan_Lung_Opacity_00805.png,Lung_Opacity,1,stage1_synthesis,DCGAN
data/processed/synthetic_dcgan/Lung_Opacity/images/dcgan_Lung_Opacity_00806.png,Lung_Opacity,1,stage1_synthesis,DCGAN
data/processed/synthetic_dcgan/Lung_Opacity/images/dcgan_Lung_Opacity_00807.png,Lung_Opacity,1,stage1_synthesis,DCGAN
data/processed/synthetic_dcgan/Lung_Opacity/images/dcgan_Lung_Opacity_00808.png,Lung_Opacity,1,stage1_synthesis,DCGAN
data/processed/synthetic_dcgan/Lung_Opacity/images/dcgan_Lung_Opacity_00809.png,Lung_Opacity,1,stage1_synthesis,DCGAN
data/processed/synthetic_dcgan/Lung_Opacity/images/dcgan_Lung_Opacity_00810.png,Lung_Opacity,1,stage1_synthesis,DCGAN
data/processed/synthetic_dcgan/Lung_Opacity/images/dcgan_Lung_Opacity_00811.png,Lung_Opacity,1,stage1_synthesis,DCGAN
data/processed/synthetic_dcgan/Lung_Opacity/images/dcgan_Lung_Opacity_00812.png,Lung_Opacity,1,stage1_synthesis,DCGAN
data/processed/synthetic_dcgan/Lung_Opacity/images/dcgan_Lung_Opacity_00813.png,Lung_Opacity,1,stage1_synthesis,DCGAN
data/processed/synthetic_dcgan/Lung_Opacity/images/dcgan_Lung_Opacity_00814.png,Lung_Opacity,1,stage1_synthesis,DCGAN
data/processed/synthetic_dcgan/Lung_Opacity/images/dcgan_Lung_Opacity_00815.png,Lung_Opacity,1,stage1_synthesis,DCGAN
data/processed/synthetic_dcgan/Lung_Opacity/images/dcgan_Lung_Opacity_00816.png,Lung_Opacity,1,stage1_synthesis,DCGAN
data/processed/synthetic_dcgan/Lung_Opacity/images/dcgan_Lung_Opacity_00817.png,Lung_Opacity,1,stage1_synthesis,DCGAN
data/processed/synthetic_dcgan/Lung_Opacity/images/dcgan_Lung_Opacity_00818.png,Lung_Opacity,1,stage1_synthesis,DCGAN
data/processed/synthetic_dcgan/Lung_Opacity/images/dcgan_Lung_Opacity_00819.png,Lung_Opacity,1,stage1_synthesis,DCGAN
data/processed/synthetic_dcgan/Lung_Opacity/images/dcgan_Lung_Opacity_00820.png,Lung_Opacity,1,stage1_synthesis,DCGAN
data/processed/synthetic_dcgan/Lung_Opacity/images/dcgan_Lung_Opacity_00821.png,Lung_Opacity,1,stage1_synthesis,DCGAN
data/processed/synthetic_dcgan/Lung_Opacity/images/dcgan_Lung_Opacity_00822.png,Lung_Opacity,1,stage1_synthesis,DCGAN
data/processed/synthetic_dcgan/Lung_Opacity/images/dcgan_Lung_Opacity_00823.png,Lung_Opacity,1,stage1_synthesis,DCGAN
data/processed/synthetic_dcgan/Lung_Opacity/images/dcgan_Lung_Opacity_00824.png,Lung_Opacity,1,stage1_synthesis,DCGAN
data/processed/synthetic_dcgan/Lung_Opacity/images/dcgan_Lung_Opacity_00825.png,Lung_Opacity,1,stage1_synthesis,DCGAN
data/processed/synthetic_dcgan/Lung_Opacity/images/dcgan_Lung_Opacity_00826.png,Lung_Opacity,1,stage1_synthesis,DCGAN
data/processed/synthetic_dcgan/Lung_Opacity/images/dcgan_Lung_Opacity_00827.png,Lung_Opacity,1,stage1_synthesis,DCGAN
data/processed/synthetic_dcgan/Lung_Opacity/images/dcgan_Lung_Opacity_00828.png,Lung_Opacity,1,stage1_synthesis,DCGAN
data/processed/synthetic_dcgan/Lung_Opacity/images/dcgan_Lung_Opacity_00829.png,Lung_Opacity,1,stage1_synthesis,DCGAN
data/processed/synthetic_dcgan/Lung_Opacity/images/dcgan_Lung_Opacity_00830.png,Lung_Opacity,1,stage1_synthesis,DCGAN
data/processed/synthetic_dcgan/Lung_Opacity/images/dcgan_Lung_Opacity_00831.png,Lung_Opacity,1,stage1_synthesis,DCGAN
data/processed/synthetic_dcgan/Lung_Opacity/images/dcgan_Lung_Opacity_00832.png,Lung_Opacity,1,stage1_synthesis,DCGAN
data/processed/synthetic_dcgan/Lung_Opacity/images/dcgan_Lung_Opacity_00833.png,Lung_Opacity,1,stage1_synthesis,DCGAN
data/processed/synthetic_dcgan/Lung_Opacity/images/dcgan_Lung_Opacity_00834.png,Lung_Opacity,1,stage1_synthesis,DCGAN
data/processed/synthetic_dcgan/Lung_Opacity/images/dcgan_Lung_Opacity_00835.png,Lung_Opacity,1,stage1_synthesis,DCGAN
data/processed/synthetic_dcgan/Lung_Opacity/images/dcgan_Lung_Opacity_00836.png,Lung_Opacity,1,stage1_synthesis,DCGAN
data/processed/synthetic_dcgan/Lung_Opacity/images/dcgan_Lung_Opacity_00837.png,Lung_Opacity,1,stage1_synthesis,DCGAN
data/processed/synthetic_dcgan/Lung_Opacity/images/dcgan_Lung_Opacity_00838.png,Lung_Opacity,1,stage1_synthesis,DCGAN
data/processed/synthetic_dcgan/Lung_Opacity/images/dcgan_Lung_Opacity_00839.png,Lung_Opacity,1,stage1_synthesis,DCGAN
data/processed/synthetic_dcgan/Lung_Opacity/images/dcgan_Lung_Opacity_00840.png,Lung_Opacity,1,stage1_synthesis,DCGAN
data/processed/synthetic_dcgan/Lung_Opacity/images/dcgan_Lung_Opacity_00841.png,Lung_Opacity,1,stage1_synthesis,DCGAN
data/processed/synthetic_dcgan/Lung_Opacity/images/dcgan_Lung_Opacity_00842.png,Lung_Opacity,1,stage1_synthesis,DCGAN
data/processed/synthetic_dcgan/Lung_Opacity/images/dcgan_Lung_Opacity_00843.png,Lung_Opacity,1,stage1_synthesis,DCGAN
data/processed/synthetic_dcgan/Lung_Opacity/images/dcgan_Lung_Opacity_00844.png,Lung_Opacity,1,stage1_synthesis,DCGAN
data/processed/synthetic_dcgan/Lung_Opacity/images/dcgan_Lung_Opacity_00845.png,Lung_Opacity,1,stage1_synthesis,DCGAN
data/processed/synthetic_dcgan/Lung_Opacity/images/dcgan_Lung_Opacity_00846.png,Lung_Opacity,1,stage1_synthesis,DCGAN
data/processed/synthetic_dcgan/Lung_Opacity/images/dcgan_Lung_Opacity_00847.png,Lung_Opacity,1,stage1_synthesis,DCGAN
data/processed/synthetic_dcgan/Lung_Opacity/images/dcgan_Lung_Opacity_00848.png,Lung_Opacity,1,stage1_synthesis,DCGAN
data/processed/synthetic_dcgan/Lung_Opacity/images/dcgan_Lung_Opacity_00849.png,Lung_Opacity,1,stage1_synthesis,DCGAN
data/processed/synthetic_dcgan/Lung_Opacity/images/dcgan_Lung_Opacity_00850.png,Lung_Opacity,1,stage1_synthesis,DCGAN
data/processed/synthetic_dcgan/Lung_Opacity/images/dcgan_Lung_Opacity_00851.png,Lung_Opacity,1,stage1_synthesis,DCGAN
data/processed/synthetic_dcgan/Lung_Opacity/images/dcgan_Lung_Opacity_00852.png,Lung_Opacity,1,stage1_synthesis,DCGAN
data/processed/synthetic_dcgan/Lung_Opacity/images/dcgan_Lung_Opacity_00853.png,Lung_Opacity,1,stage1_synthesis,DCGAN
data/processed/synthetic_dcgan/Lung_Opacity/images/dcgan_Lung_Opacity_00854.png,Lung_Opacity,1,stage1_synthesis,DCGAN
data/processed/synthetic_dcgan/Lung_Opacity/images/dcgan_Lung_Opacity_00855.png,Lung_Opacity,1,stage1_synthesis,DCGAN
data/processed/synthetic_dcgan/Lung_Opacity/images/dcgan_Lung_Opacity_00856.png,Lung_Opacity,1,stage1_synthesis,DCGAN
data/processed/synthetic_dcgan/Lung_Opacity/images/dcgan_Lung_Opacity_00857.png,Lung_Opacity,1,stage1_synthesis,DCGAN
data/processed/synthetic_dcgan/Lung_Opacity/images/dcgan_Lung_Opacity_00858.png,Lung_Opacity,1,stage1_synthesis,DCGAN
data/processed/synthetic_dcgan/Lung_Opacity/images/dcgan_Lung_Opacity_00859.png,Lung_Opacity,1,stage1_synthesis,DCGAN
data/processed/synthetic_dcgan/Lung_Opacity/images/dcgan_Lung_Opacity_00860.png,Lung_Opacity,1,stage1_synthesis,DCGAN
data/processed/synthetic_dcgan/Lung_Opacity/images/dcgan_Lung_Opacity_00861.png,Lung_Opacity,1,stage1_synthesis,DCGAN
data/processed/synthetic_dcgan/Lung_Opacity/images/dcgan_Lung_Opacity_00862.png,Lung_Opacity,1,stage1_synthesis,DCGAN
data/processed/synthetic_dcgan/Lung_Opacity/images/dcgan_Lung_Opacity_00863.png,Lung_Opacity,1,stage1_synthesis,DCGAN
data/processed/synthetic_dcgan/Lung_Opacity/images/dcgan_Lung_Opacity_00864.png,Lung_Opacity,1,stage1_synthesis,DCGAN
data/processed/synthetic_dcgan/Lung_Opacity/images/dcgan_Lung_Opacity_00865.png,Lung_Opacity,1,stage1_synthesis,DCGAN
data/processed/synthetic_dcgan/Lung_Opacity/images/dcgan_Lung_Opacity_00866.png,Lung_Opacity,1,stage1_synthesis,DCGAN
data/processed/synthetic_dcgan/Lung_Opacity/images/dcgan_Lung_Opacity_00867.png,Lung_Opacity,1,stage1_synthesis,DCGAN
data/processed/synthetic_dcgan/Lung_Opacity/images/dcgan_Lung_Opacity_00868.png,Lung_Opacity,1,stage1_synthesis,DCGAN
data/processed/synthetic_dcgan/Lung_Opacity/images/dcgan_Lung_Opacity_00869.png,Lung_Opacity,1,stage1_synthesis,DCGAN
data/processed/synthetic_dcgan/Lung_Opacity/images/dcgan_Lung_Opacity_00870.png,Lung_Opacity,1,stage1_synthesis,DCGAN
data/processed/synthetic_dcgan/Lung_Opacity/images/dcgan_Lung_Opacity_00871.png,Lung_Opacity,1,stage1_synthesis,DCGAN
data/processed/synthetic_dcgan/Lung_Opacity/images/dcgan_Lung_Opacity_00872.png,Lung_Opacity,1,stage1_synthesis,DCGAN
data/processed/synthetic_dcgan/Lung_Opacity/images/dcgan_Lung_Opacity_00873.png,Lung_Opacity,1,stage1_synthesis,DCGAN
data/processed/synthetic_dcgan/Lung_Opacity/images/dcgan_Lung_Opacity_00874.png,Lung_Opacity,1,stage1_synthesis,DCGAN
data/processed/synthetic_dcgan/Lung_Opacity/images/dcgan_Lung_Opacity_00875.png,Lung_Opacity,1,stage1_synthesis,DCGAN
data/processed/synthetic_dcgan/Lung_Opacity/images/dcgan_Lung_Opacity_00876.png,Lung_Opacity,1,stage1_synthesis,DCGAN
data/processed/synthetic_dcgan/Lung_Opacity/images/dcgan_Lung_Opacity_00877.png,Lung_Opacity,1,stage1_synthesis,DCGAN
data/processed/synthetic_dcgan/Lung_Opacity/images/dcgan_Lung_Opacity_00878.png,Lung_Opacity,1,stage1_synthesis,DCGAN
data/processed/synthetic_dcgan/Lung_Opacity/images/dcgan_Lung_Opacity_00879.png,Lung_Opacity,1,stage1_synthesis,DCGAN
data/processed/synthetic_dcgan/Lung_Opacity/images/dcgan_Lung_Opacity_00880.png,Lung_Opacity,1,stage1_synthesis,DCGAN
data/processed/synthetic_dcgan/Lung_Opacity/images/dcgan_Lung_Opacity_00881.png,Lung_Opacity,1,stage1_synthesis,DCGAN
data/processed/synthetic_dcgan/Lung_Opacity/images/dcgan_Lung_Opacity_00882.png,Lung_Opacity,1,stage1_synthesis,DCGAN
data/processed/synthetic_dcgan/Lung_Opacity/images/dcgan_Lung_Opacity_00883.png,Lung_Opacity,1,stage1_synthesis,DCGAN
data/processed/synthetic_dcgan/Lung_Opacity/images/dcgan_Lung_Opacity_00884.png,Lung_Opacity,1,stage1_synthesis,DCGAN
data/processed/synthetic_dcgan/Lung_Opacity/images/dcgan_Lung_Opacity_00885.png,Lung_Opacity,1,stage1_synthesis,DCGAN
data/processed/synthetic_dcgan/Lung_Opacity/images/dcgan_Lung_Opacity_00886.png,Lung_Opacity,1,stage1_synthesis,DCGAN
data/processed/synthetic_dcgan/Lung_Opacity/images/dcgan_Lung_Opacity_00887.png,Lung_Opacity,1,stage1_synthesis,DCGAN
data/processed/synthetic_dcgan/Lung_Opacity/images/dcgan_Lung_Opacity_00888.png,Lung_Opacity,1,stage1_synthesis,DCGAN
data/processed/synthetic_dcgan/Lung_Opacity/images/dcgan_Lung_Opacity_00889.png,Lung_Opacity,1,stage1_synthesis,DCGAN
data/processed/synthetic_dcgan/Lung_Opacity/images/dcgan_Lung_Opacity_00890.png,Lung_Opacity,1,stage1_synthesis,DCGAN
data/processed/synthetic_dcgan/Lung_Opacity/images/dcgan_Lung_Opacity_00891.png,Lung_Opacity,1,stage1_synthesis,DCGAN
data/processed/synthetic_dcgan/Lung_Opacity/images/dcgan_Lung_Opacity_00892.png,Lung_Opacity,1,stage1_synthesis,DCGAN
data/processed/synthetic_dcgan/Lung_Opacity/images/dcgan_Lung_Opacity_00893.png,Lung_Opacity,1,stage1_synthesis,DCGAN
data/processed/synthetic_dcgan/Lung_Opacity/images/dcgan_Lung_Opacity_00894.png,Lung_Opacity,1,stage1_synthesis,DCGAN
data/processed/synthetic_dcgan/Lung_Opacity/images/dcgan_Lung_Opacity_00895.png,Lung_Opacity,1,stage1_synthesis,DCGAN
data/processed/synthetic_dcgan/Lung_Opacity/images/dcgan_Lung_Opacity_00896.png,Lung_Opacity,1,stage1_synthesis,DCGAN
data/processed/synthetic_dcgan/Lung_Opacity/images/dcgan_Lung_Opacity_00897.png,Lung_Opacity,1,stage1_synthesis,DCGAN
data/processed/synthetic_dcgan/Lung_Opacity/images/dcgan_Lung_Opacity_00898.png,Lung_Opacity,1,stage1_synthesis,DCGAN
data/processed/synthetic_dcgan/Lung_Opacity/images/dcgan_Lung_Opacity_00899.png,Lung_Opacity,1,stage1_synthesis,DCGAN
data/processed/synthetic_dcgan/Lung_Opacity/images/dcgan_Lung_Opacity_00900.png,Lung_Opacity,1,stage1_synthesis,DCGAN
data/processed/synthetic_dcgan/Lung_Opacity/images/dcgan_Lung_Opacity_00901.png,Lung_Opacity,1,stage1_synthesis,DCGAN
data/processed/synthetic_dcgan/Lung_Opacity/images/dcgan_Lung_Opacity_00902.png,Lung_Opacity,1,stage1_synthesis,DCGAN
data/processed/synthetic_dcgan/Lung_Opacity/images/dcgan_Lung_Opacity_00903.png,Lung_Opacity,1,stage1_synthesis,DCGAN
data/processed/synthetic_dcgan/Lung_Opacity/images/dcgan_Lung_Opacity_00904.png,Lung_Opacity,1,stage1_synthesis,DCGAN
data/processed/synthetic_dcgan/Lung_Opacity/images/dcgan_Lung_Opacity_00905.png,Lung_Opacity,1,stage1_synthesis,DCGAN
data/processed/synthetic_dcgan/Lung_Opacity/images/dcgan_Lung_Opacity_00906.png,Lung_Opacity,1,stage1_synthesis,DCGAN
data/processed/synthetic_dcgan/Lung_Opacity/images/dcgan_Lung_Opacity_00907.png,Lung_Opacity,1,stage1_synthesis,DCGAN
data/processed/synthetic_dcgan/Lung_Opacity/images/dcgan_Lung_Opacity_00908.png,Lung_Opacity,1,stage1_synthesis,DCGAN
data/processed/synthetic_dcgan/Lung_Opacity/images/dcgan_Lung_Opacity_00909.png,Lung_Opacity,1,stage1_synthesis,DCGAN
data/processed/synthetic_dcgan/Lung_Opacity/images/dcgan_Lung_Opacity_00910.png,Lung_Opacity,1,stage1_synthesis,DCGAN
data/processed/synthetic_dcgan/Lung_Opacity/images/dcgan_Lung_Opacity_00911.png,Lung_Opacity,1,stage1_synthesis,DCGAN
data/processed/synthetic_dcgan/Lung_Opacity/images/dcgan_Lung_Opacity_00912.png,Lung_Opacity,1,stage1_synthesis,DCGAN
data/processed/synthetic_dcgan/Lung_Opacity/images/dcgan_Lung_Opacity_00913.png,Lung_Opacity,1,stage1_synthesis,DCGAN
data/processed/synthetic_dcgan/Lung_Opacity/images/dcgan_Lung_Opacity_00914.png,Lung_Opacity,1,stage1_synthesis,DCGAN
data/processed/synthetic_dcgan/Lung_Opacity/images/dcgan_Lung_Opacity_00915.png,Lung_Opacity,1,stage1_synthesis,DCGAN
data/processed/synthetic_dcgan/Lung_Opacity/images/dcgan_Lung_Opacity_00916.png,Lung_Opacity,1,stage1_synthesis,DCGAN
data/processed/synthetic_dcgan/Lung_Opacity/images/dcgan_Lung_Opacity_00917.png,Lung_Opacity,1,stage1_synthesis,DCGAN
data/processed/synthetic_dcgan/Lung_Opacity/images/dcgan_Lung_Opacity_00918.png,Lung_Opacity,1,stage1_synthesis,DCGAN
data/processed/synthetic_dcgan/Lung_Opacity/images/dcgan_Lung_Opacity_00919.png,Lung_Opacity,1,stage1_synthesis,DCGAN
data/processed/synthetic_dcgan/Lung_Opacity/images/dcgan_Lung_Opacity_00920.png,Lung_Opacity,1,stage1_synthesis,DCGAN
data/processed/synthetic_dcgan/Lung_Opacity/images/dcgan_Lung_Opacity_00921.png,Lung_Opacity,1,stage1_synthesis,DCGAN
data/processed/synthetic_dcgan/Lung_Opacity/images/dcgan_Lung_Opacity_00922.png,Lung_Opacity,1,stage1_synthesis,DCGAN
data/processed/synthetic_dcgan/Lung_Opacity/images/dcgan_Lung_Opacity_00923.png,Lung_Opacity,1,stage1_synthesis,DCGAN
data/processed/synthetic_dcgan/Lung_Opacity/images/dcgan_Lung_Opacity_00924.png,Lung_Opacity,1,stage1_synthesis,DCGAN
data/processed/synthetic_dcgan/Lung_Opacity/images/dcgan_Lung_Opacity_00925.png,Lung_Opacity,1,stage1_synthesis,DCGAN
data/processed/synthetic_dcgan/Lung_Opacity/images/dcgan_Lung_Opacity_00926.png,Lung_Opacity,1,stage1_synthesis,DCGAN
data/processed/synthetic_dcgan/Lung_Opacity/images/dcgan_Lung_Opacity_00927.png,Lung_Opacity,1,stage1_synthesis,DCGAN
data/processed/synthetic_dcgan/Lung_Opacity/images/dcgan_Lung_Opacity_00928.png,Lung_Opacity,1,stage1_synthesis,DCGAN
data/processed/synthetic_dcgan/Lung_Opacity/images/dcgan_Lung_Opacity_00929.png,Lung_Opacity,1,stage1_synthesis,DCGAN
data/processed/synthetic_dcgan/Lung_Opacity/images/dcgan_Lung_Opacity_00930.png,Lung_Opacity,1,stage1_synthesis,DCGAN
data/processed/synthetic_dcgan/Lung_Opacity/images/dcgan_Lung_Opacity_00931.png,Lung_Opacity,1,stage1_synthesis,DCGAN
data/processed/synthetic_dcgan/Lung_Opacity/images/dcgan_Lung_Opacity_00932.png,Lung_Opacity,1,stage1_synthesis,DCGAN
data/processed/synthetic_dcgan/Lung_Opacity/images/dcgan_Lung_Opacity_00933.png,Lung_Opacity,1,stage1_synthesis,DCGAN
data/processed/synthetic_dcgan/Lung_Opacity/images/dcgan_Lung_Opacity_00934.png,Lung_Opacity,1,stage1_synthesis,DCGAN
data/processed/synthetic_dcgan/Lung_Opacity/images/dcgan_Lung_Opacity_00935.png,Lung_Opacity,1,stage1_synthesis,DCGAN
data/processed/synthetic_dcgan/Lung_Opacity/images/dcgan_Lung_Opacity_00936.png,Lung_Opacity,1,stage1_synthesis,DCGAN
data/processed/synthetic_dcgan/Lung_Opacity/images/dcgan_Lung_Opacity_00937.png,Lung_Opacity,1,stage1_synthesis,DCGAN
data/processed/synthetic_dcgan/Lung_Opacity/images/dcgan_Lung_Opacity_00938.png,Lung_Opacity,1,stage1_synthesis,DCGAN
data/processed/synthetic_dcgan/Lung_Opacity/images/dcgan_Lung_Opacity_00939.png,Lung_Opacity,1,stage1_synthesis,DCGAN
data/processed/synthetic_dcgan/Lung_Opacity/images/dcgan_Lung_Opacity_00940.png,Lung_Opacity,1,stage1_synthesis,DCGAN
data/processed/synthetic_dcgan/Lung_Opacity/images/dcgan_Lung_Opacity_00941.png,Lung_Opacity,1,stage1_synthesis,DCGAN
data/processed/synthetic_dcgan/Lung_Opacity/images/dcgan_Lung_Opacity_00942.png,Lung_Opacity,1,stage1_synthesis,DCGAN
data/processed/synthetic_dcgan/Lung_Opacity/images/dcgan_Lung_Opacity_00943.png,Lung_Opacity,1,stage1_synthesis,DCGAN
data/processed/synthetic_dcgan/Lung_Opacity/images/dcgan_Lung_Opacity_00944.png,Lung_Opacity,1,stage1_synthesis,DCGAN
data/processed/synthetic_dcgan/Lung_Opacity/images/dcgan_Lung_Opacity_00945.png,Lung_Opacity,1,stage1_synthesis,DCGAN
data/processed/synthetic_dcgan/Lung_Opacity/images/dcgan_Lung_Opacity_00946.png,Lung_Opacity,1,stage1_synthesis,DCGAN
data/processed/synthetic_dcgan/Lung_Opacity/images/dcgan_Lung_Opacity_00947.png,Lung_Opacity,1,stage1_synthesis,DCGAN
data/processed/synthetic_dcgan/Lung_Opacity/images/dcgan_Lung_Opacity_00948.png,Lung_Opacity,1,stage1_synthesis,DCGAN
data/processed/synthetic_dcgan/Lung_Opacity/images/dcgan_Lung_Opacity_00949.png,Lung_Opacity,1,stage1_synthesis,DCGAN
data/processed/synthetic_dcgan/Lung_Opacity/images/dcgan_Lung_Opacity_00950.png,Lung_Opacity,1,stage1_synthesis,DCGAN
data/processed/synthetic_dcgan/Lung_Opacity/images/dcgan_Lung_Opacity_00951.png,Lung_Opacity,1,stage1_synthesis,DCGAN
data/processed/synthetic_dcgan/Lung_Opacity/images/dcgan_Lung_Opacity_00952.png,Lung_Opacity,1,stage1_synthesis,DCGAN
data/processed/synthetic_dcgan/Lung_Opacity/images/dcgan_Lung_Opacity_00953.png,Lung_Opacity,1,stage1_synthesis,DCGAN
data/processed/synthetic_dcgan/Lung_Opacity/images/dcgan_Lung_Opacity_00954.png,Lung_Opacity,1,stage1_synthesis,DCGAN
data/processed/synthetic_dcgan/Lung_Opacity/images/dcgan_Lung_Opacity_00955.png,Lung_Opacity,1,stage1_synthesis,DCGAN
data/processed/synthetic_dcgan/Lung_Opacity/images/dcgan_Lung_Opacity_00956.png,Lung_Opacity,1,stage1_synthesis,DCGAN
data/processed/synthetic_dcgan/Lung_Opacity/images/dcgan_Lung_Opacity_00957.png,Lung_Opacity,1,stage1_synthesis,DCGAN
data/processed/synthetic_dcgan/Lung_Opacity/images/dcgan_Lung_Opacity_00958.png,Lung_Opacity,1,stage1_synthesis,DCGAN
data/processed/synthetic_dcgan/Lung_Opacity/images/dcgan_Lung_Opacity_00959.png,Lung_Opacity,1,stage1_synthesis,DCGAN
data/processed/synthetic_dcgan/Lung_Opacity/images/dcgan_Lung_Opacity_00960.png,Lung_Opacity,1,stage1_synthesis,DCGAN
data/processed/synthetic_dcgan/Lung_Opacity/images/dcgan_Lung_Opacity_00961.png,Lung_Opacity,1,stage1_synthesis,DCGAN
data/processed/synthetic_dcgan/Lung_Opacity/images/dcgan_Lung_Opacity_00962.png,Lung_Opacity,1,stage1_synthesis,DCGAN
data/processed/synthetic_dcgan/Lung_Opacity/images/dcgan_Lung_Opacity_00963.png,Lung_Opacity,1,stage1_synthesis,DCGAN
data/processed/synthetic_dcgan/Lung_Opacity/images/dcgan_Lung_Opacity_00964.png,Lung_Opacity,1,stage1_synthesis,DCGAN
data/processed/synthetic_dcgan/Lung_Opacity/images/dcgan_Lung_Opacity_00965.png,Lung_Opacity,1,stage1_synthesis,DCGAN
data/processed/synthetic_dcgan/Lung_Opacity/images/dcgan_Lung_Opacity_00966.png,Lung_Opacity,1,stage1_synthesis,DCGAN
data/processed/synthetic_dcgan/Lung_Opacity/images/dcgan_Lung_Opacity_00967.png,Lung_Opacity,1,stage1_synthesis,DCGAN
data/processed/synthetic_dcgan/Lung_Opacity/images/dcgan_Lung_Opacity_00968.png,Lung_Opacity,1,stage1_synthesis,DCGAN
data/processed/synthetic_dcgan/Lung_Opacity/images/dcgan_Lung_Opacity_00969.png,Lung_Opacity,1,stage1_synthesis,DCGAN
data/processed/synthetic_dcgan/Lung_Opacity/images/dcgan_Lung_Opacity_00970.png,Lung_Opacity,1,stage1_synthesis,DCGAN
data/processed/synthetic_dcgan/Lung_Opacity/images/dcgan_Lung_Opacity_00971.png,Lung_Opacity,1,stage1_synthesis,DCGAN
data/processed/synthetic_dcgan/Lung_Opacity/images/dcgan_Lung_Opacity_00972.png,Lung_Opacity,1,stage1_synthesis,DCGAN
data/processed/synthetic_dcgan/Lung_Opacity/images/dcgan_Lung_Opacity_00973.png,Lung_Opacity,1,stage1_synthesis,DCGAN
data/processed/synthetic_dcgan/Lung_Opacity/images/dcgan_Lung_Opacity_00974.png,Lung_Opacity,1,stage1_synthesis,DCGAN
data/processed/synthetic_dcgan/Lung_Opacity/images/dcgan_Lung_Opacity_00975.png,Lung_Opacity,1,stage1_synthesis,DCGAN
data/processed/synthetic_dcgan/Lung_Opacity/images/dcgan_Lung_Opacity_00976.png,Lung_Opacity,1,stage1_synthesis,DCGAN
data/processed/synthetic_dcgan/Lung_Opacity/images/dcgan_Lung_Opacity_00977.png,Lung_Opacity,1,stage1_synthesis,DCGAN
data/processed/synthetic_dcgan/Lung_Opacity/images/dcgan_Lung_Opacity_00978.png,Lung_Opacity,1,stage1_synthesis,DCGAN
data/processed/synthetic_dcgan/Lung_Opacity/images/dcgan_Lung_Opacity_00979.png,Lung_Opacity,1,stage1_synthesis,DCGAN
data/processed/synthetic_dcgan/Lung_Opacity/images/dcgan_Lung_Opacity_00980.png,Lung_Opacity,1,stage1_synthesis,DCGAN
data/processed/synthetic_dcgan/Lung_Opacity/images/dcgan_Lung_Opacity_00981.png,Lung_Opacity,1,stage1_synthesis,DCGAN
data/processed/synthetic_dcgan/Lung_Opacity/images/dcgan_Lung_Opacity_00982.png,Lung_Opacity,1,stage1_synthesis,DCGAN
data/processed/synthetic_dcgan/Lung_Opacity/images/dcgan_Lung_Opacity_00983.png,Lung_Opacity,1,stage1_synthesis,DCGAN
data/processed/synthetic_dcgan/Lung_Opacity/images/dcgan_Lung_Opacity_00984.png,Lung_Opacity,1,stage1_synthesis,DCGAN
data/processed/synthetic_dcgan/Lung_Opacity/images/dcgan_Lung_Opacity_00985.png,Lung_Opacity,1,stage1_synthesis,DCGAN
data/processed/synthetic_dcgan/Lung_Opacity/images/dcgan_Lung_Opacity_00986.png,Lung_Opacity,1,stage1_synthesis,DCGAN
data/processed/synthetic_dcgan/Lung_Opacity/images/dcgan_Lung_Opacity_00987.png,Lung_Opacity,1,stage1_synthesis,DCGAN
data/processed/synthetic_dcgan/Lung_Opacity/images/dcgan_Lung_Opacity_00988.png,Lung_Opacity,1,stage1_synthesis,DCGAN
data/processed/synthetic_dcgan/Lung_Opacity/images/dcgan_Lung_Opacity_00989.png,Lung_Opacity,1,stage1_synthesis,DCGAN
data/processed/synthetic_dcgan/Lung_Opacity/images/dcgan_Lung_Opacity_00990.png,Lung_Opacity,1,stage1_synthesis,DCGAN
data/processed/synthetic_dcgan/Lung_Opacity/images/dcgan_Lung_Opacity_00991.png,Lung_Opacity,1,stage1_synthesis,DCGAN
data/processed/synthetic_dcgan/Lung_Opacity/images/dcgan_Lung_Opacity_00992.png,Lung_Opacity,1,stage1_synthesis,DCGAN
data/processed/synthetic_dcgan/Lung_Opacity/images/dcgan_Lung_Opacity_00993.png,Lung_Opacity,1,stage1_synthesis,DCGAN
data/processed/synthetic_dcgan/Lung_Opacity/images/dcgan_Lung_Opacity_00994.png,Lung_Opacity,1,stage1_synthesis,DCGAN
data/processed/synthetic_dcgan/Lung_Opacity/images/dcgan_Lung_Opacity_00995.png,Lung_Opacity,1,stage1_synthesis,DCGAN
data/processed/synthetic_dcgan/Lung_Opacity/images/dcgan_Lung_Opacity_00996.png,Lung_Opacity,1,stage1_synthesis,DCGAN
data/processed/synthetic_dcgan/Lung_Opacity/images/dcgan_Lung_Opacity_00997.png,Lung_Opacity,1,stage1_synthesis,DCGAN
data/processed/synthetic_dcgan/Lung_Opacity/images/dcgan_Lung_Opacity_00998.png,Lung_Opacity,1,stage1_synthesis,DCGAN
data/processed/synthetic_dcgan/Lung_Opacity/images/dcgan_Lung_Opacity_00999.png,Lung_Opacity,1,stage1_synthesis,DCGAN
data/processed/synthetic_dcgan/Viral_Pneumonia/images/dcgan_Viral_Pneumonia_00000.png,Viral_Pneumonia,2,stage1_synthesis,DCGAN
data/processed/synthetic_dcgan/Viral_Pneumonia/images/dcgan_Viral_Pneumonia_00001.png,Viral_Pneumonia,2,stage1_synthesis,DCGAN
data/processed/synthetic_dcgan/Viral_Pneumonia/images/dcgan_Viral_Pneumonia_00002.png,Viral_Pneumonia,2,stage1_synthesis,DCGAN
data/processed/synthetic_dcgan/Viral_Pneumonia/images/dcgan_Viral_Pneumonia_00003.png,Viral_Pneumonia,2,stage1_synthesis,DCGAN
data/processed/synthetic_dcgan/Viral_Pneumonia/images/dcgan_Viral_Pneumonia_00004.png,Viral_Pneumonia,2,stage1_synthesis,DCGAN
data/processed/synthetic_dcgan/Viral_Pneumonia/images/dcgan_Viral_Pneumonia_00005.png,Viral_Pneumonia,2,stage1_synthesis,DCGAN
data/processed/synthetic_dcgan/Viral_Pneumonia/images/dcgan_Viral_Pneumonia_00006.png,Viral_Pneumonia,2,stage1_synthesis,DCGAN
data/processed/synthetic_dcgan/Viral_Pneumonia/images/dcgan_Viral_Pneumonia_00007.png,Viral_Pneumonia,2,stage1_synthesis,DCGAN
data/processed/synthetic_dcgan/Viral_Pneumonia/images/dcgan_Viral_Pneumonia_00008.png,Viral_Pneumonia,2,stage1_synthesis,DCGAN
data/processed/synthetic_dcgan/Viral_Pneumonia/images/dcgan_Viral_Pneumonia_00009.png,Viral_Pneumonia,2,stage1_synthesis,DCGAN
data/processed/synthetic_dcgan/Viral_Pneumonia/images/dcgan_Viral_Pneumonia_00010.png,Viral_Pneumonia,2,stage1_synthesis,DCGAN
data/processed/synthetic_dcgan/Viral_Pneumonia/images/dcgan_Viral_Pneumonia_00011.png,Viral_Pneumonia,2,stage1_synthesis,DCGAN
data/processed/synthetic_dcgan/Viral_Pneumonia/images/dcgan_Viral_Pneumonia_00012.png,Viral_Pneumonia,2,stage1_synthesis,DCGAN
data/processed/synthetic_dcgan/Viral_Pneumonia/images/dcgan_Viral_Pneumonia_00013.png,Viral_Pneumonia,2,stage1_synthesis,DCGAN
data/processed/synthetic_dcgan/Viral_Pneumonia/images/dcgan_Viral_Pneumonia_00014.png,Viral_Pneumonia,2,stage1_synthesis,DCGAN
data/processed/synthetic_dcgan/Viral_Pneumonia/images/dcgan_Viral_Pneumonia_00015.png,Viral_Pneumonia,2,stage1_synthesis,DCGAN
data/processed/synthetic_dcgan/Viral_Pneumonia/images/dcgan_Viral_Pneumonia_00016.png,Viral_Pneumonia,2,stage1_synthesis,DCGAN
data/processed/synthetic_dcgan/Viral_Pneumonia/images/dcgan_Viral_Pneumonia_00017.png,Viral_Pneumonia,2,stage1_synthesis,DCGAN
data/processed/synthetic_dcgan/Viral_Pneumonia/images/dcgan_Viral_Pneumonia_00018.png,Viral_Pneumonia,2,stage1_synthesis,DCGAN
data/processed/synthetic_dcgan/Viral_Pneumonia/images/dcgan_Viral_Pneumonia_00019.png,Viral_Pneumonia,2,stage1_synthesis,DCGAN
data/processed/synthetic_dcgan/Viral_Pneumonia/images/dcgan_Viral_Pneumonia_00020.png,Viral_Pneumonia,2,stage1_synthesis,DCGAN
data/processed/synthetic_dcgan/Viral_Pneumonia/images/dcgan_Viral_Pneumonia_00021.png,Viral_Pneumonia,2,stage1_synthesis,DCGAN
data/processed/synthetic_dcgan/Viral_Pneumonia/images/dcgan_Viral_Pneumonia_00022.png,Viral_Pneumonia,2,stage1_synthesis,DCGAN
data/processed/synthetic_dcgan/Viral_Pneumonia/images/dcgan_Viral_Pneumonia_00023.png,Viral_Pneumonia,2,stage1_synthesis,DCGAN
data/processed/synthetic_dcgan/Viral_Pneumonia/images/dcgan_Viral_Pneumonia_00024.png,Viral_Pneumonia,2,stage1_synthesis,DCGAN
data/processed/synthetic_dcgan/Viral_Pneumonia/images/dcgan_Viral_Pneumonia_00025.png,Viral_Pneumonia,2,stage1_synthesis,DCGAN
data/processed/synthetic_dcgan/Viral_Pneumonia/images/dcgan_Viral_Pneumonia_00026.png,Viral_Pneumonia,2,stage1_synthesis,DCGAN
data/processed/synthetic_dcgan/Viral_Pneumonia/images/dcgan_Viral_Pneumonia_00027.png,Viral_Pneumonia,2,stage1_synthesis,DCGAN
data/processed/synthetic_dcgan/Viral_Pneumonia/images/dcgan_Viral_Pneumonia_00028.png,Viral_Pneumonia,2,stage1_synthesis,DCGAN
data/processed/synthetic_dcgan/Viral_Pneumonia/images/dcgan_Viral_Pneumonia_00029.png,Viral_Pneumonia,2,stage1_synthesis,DCGAN
data/processed/synthetic_dcgan/Viral_Pneumonia/images/dcgan_Viral_Pneumonia_00030.png,Viral_Pneumonia,2,stage1_synthesis,DCGAN
data/processed/synthetic_dcgan/Viral_Pneumonia/images/dcgan_Viral_Pneumonia_00031.png,Viral_Pneumonia,2,stage1_synthesis,DCGAN
data/processed/synthetic_dcgan/Viral_Pneumonia/images/dcgan_Viral_Pneumonia_00032.png,Viral_Pneumonia,2,stage1_synthesis,DCGAN
data/processed/synthetic_dcgan/Viral_Pneumonia/images/dcgan_Viral_Pneumonia_00033.png,Viral_Pneumonia,2,stage1_synthesis,DCGAN
data/processed/synthetic_dcgan/Viral_Pneumonia/images/dcgan_Viral_Pneumonia_00034.png,Viral_Pneumonia,2,stage1_synthesis,DCGAN
data/processed/synthetic_dcgan/Viral_Pneumonia/images/dcgan_Viral_Pneumonia_00035.png,Viral_Pneumonia,2,stage1_synthesis,DCGAN
data/processed/synthetic_dcgan/Viral_Pneumonia/images/dcgan_Viral_Pneumonia_00036.png,Viral_Pneumonia,2,stage1_synthesis,DCGAN
data/processed/synthetic_dcgan/Viral_Pneumonia/images/dcgan_Viral_Pneumonia_00037.png,Viral_Pneumonia,2,stage1_synthesis,DCGAN
data/processed/synthetic_dcgan/Viral_Pneumonia/images/dcgan_Viral_Pneumonia_00038.png,Viral_Pneumonia,2,stage1_synthesis,DCGAN
data/processed/synthetic_dcgan/Viral_Pneumonia/images/dcgan_Viral_Pneumonia_00039.png,Viral_Pneumonia,2,stage1_synthesis,DCGAN
data/processed/synthetic_dcgan/Viral_Pneumonia/images/dcgan_Viral_Pneumonia_00040.png,Viral_Pneumonia,2,stage1_synthesis,DCGAN
data/processed/synthetic_dcgan/Viral_Pneumonia/images/dcgan_Viral_Pneumonia_00041.png,Viral_Pneumonia,2,stage1_synthesis,DCGAN
data/processed/synthetic_dcgan/Viral_Pneumonia/images/dcgan_Viral_Pneumonia_00042.png,Viral_Pneumonia,2,stage1_synthesis,DCGAN
data/processed/synthetic_dcgan/Viral_Pneumonia/images/dcgan_Viral_Pneumonia_00043.png,Viral_Pneumonia,2,stage1_synthesis,DCGAN
data/processed/synthetic_dcgan/Viral_Pneumonia/images/dcgan_Viral_Pneumonia_00044.png,Viral_Pneumonia,2,stage1_synthesis,DCGAN
data/processed/synthetic_dcgan/Viral_Pneumonia/images/dcgan_Viral_Pneumonia_00045.png,Viral_Pneumonia,2,stage1_synthesis,DCGAN
data/processed/synthetic_dcgan/Viral_Pneumonia/images/dcgan_Viral_Pneumonia_00046.png,Viral_Pneumonia,2,stage1_synthesis,DCGAN
data/processed/synthetic_dcgan/Viral_Pneumonia/images/dcgan_Viral_Pneumonia_00047.png,Viral_Pneumonia,2,stage1_synthesis,DCGAN
data/processed/synthetic_dcgan/Viral_Pneumonia/images/dcgan_Viral_Pneumonia_00048.png,Viral_Pneumonia,2,stage1_synthesis,DCGAN
data/processed/synthetic_dcgan/Viral_Pneumonia/images/dcgan_Viral_Pneumonia_00049.png,Viral_Pneumonia,2,stage1_synthesis,DCGAN
data/processed/synthetic_dcgan/Viral_Pneumonia/images/dcgan_Viral_Pneumonia_00050.png,Viral_Pneumonia,2,stage1_synthesis,DCGAN
data/processed/synthetic_dcgan/Viral_Pneumonia/images/dcgan_Viral_Pneumonia_00051.png,Viral_Pneumonia,2,stage1_synthesis,DCGAN
data/processed/synthetic_dcgan/Viral_Pneumonia/images/dcgan_Viral_Pneumonia_00052.png,Viral_Pneumonia,2,stage1_synthesis,DCGAN
data/processed/synthetic_dcgan/Viral_Pneumonia/images/dcgan_Viral_Pneumonia_00053.png,Viral_Pneumonia,2,stage1_synthesis,DCGAN
data/processed/synthetic_dcgan/Viral_Pneumonia/images/dcgan_Viral_Pneumonia_00054.png,Viral_Pneumonia,2,stage1_synthesis,DCGAN
data/processed/synthetic_dcgan/Viral_Pneumonia/images/dcgan_Viral_Pneumonia_00055.png,Viral_Pneumonia,2,stage1_synthesis,DCGAN
data/processed/synthetic_dcgan/Viral_Pneumonia/images/dcgan_Viral_Pneumonia_00056.png,Viral_Pneumonia,2,stage1_synthesis,DCGAN
data/processed/synthetic_dcgan/Viral_Pneumonia/images/dcgan_Viral_Pneumonia_00057.png,Viral_Pneumonia,2,stage1_synthesis,DCGAN
data/processed/synthetic_dcgan/Viral_Pneumonia/images/dcgan_Viral_Pneumonia_00058.png,Viral_Pneumonia,2,stage1_synthesis,DCGAN
data/processed/synthetic_dcgan/Viral_Pneumonia/images/dcgan_Viral_Pneumonia_00059.png,Viral_Pneumonia,2,stage1_synthesis,DCGAN
data/processed/synthetic_dcgan/Viral_Pneumonia/images/dcgan_Viral_Pneumonia_00060.png,Viral_Pneumonia,2,stage1_synthesis,DCGAN
data/processed/synthetic_dcgan/Viral_Pneumonia/images/dcgan_Viral_Pneumonia_00061.png,Viral_Pneumonia,2,stage1_synthesis,DCGAN
data/processed/synthetic_dcgan/Viral_Pneumonia/images/dcgan_Viral_Pneumonia_00062.png,Viral_Pneumonia,2,stage1_synthesis,DCGAN
data/processed/synthetic_dcgan/Viral_Pneumonia/images/dcgan_Viral_Pneumonia_00063.png,Viral_Pneumonia,2,stage1_synthesis,DCGAN
data/processed/synthetic_dcgan/Viral_Pneumonia/images/dcgan_Viral_Pneumonia_00064.png,Viral_Pneumonia,2,stage1_synthesis,DCGAN
data/processed/synthetic_dcgan/Viral_Pneumonia/images/dcgan_Viral_Pneumonia_00065.png,Viral_Pneumonia,2,stage1_synthesis,DCGAN
data/processed/synthetic_dcgan/Viral_Pneumonia/images/dcgan_Viral_Pneumonia_00066.png,Viral_Pneumonia,2,stage1_synthesis,DCGAN
data/processed/synthetic_dcgan/Viral_Pneumonia/images/dcgan_Viral_Pneumonia_00067.png,Viral_Pneumonia,2,stage1_synthesis,DCGAN
data/processed/synthetic_dcgan/Viral_Pneumonia/images/dcgan_Viral_Pneumonia_00068.png,Viral_Pneumonia,2,stage1_synthesis,DCGAN
data/processed/synthetic_dcgan/Viral_Pneumonia/images/dcgan_Viral_Pneumonia_00069.png,Viral_Pneumonia,2,stage1_synthesis,DCGAN
data/processed/synthetic_dcgan/Viral_Pneumonia/images/dcgan_Viral_Pneumonia_00070.png,Viral_Pneumonia,2,stage1_synthesis,DCGAN
data/processed/synthetic_dcgan/Viral_Pneumonia/images/dcgan_Viral_Pneumonia_00071.png,Viral_Pneumonia,2,stage1_synthesis,DCGAN
data/processed/synthetic_dcgan/Viral_Pneumonia/images/dcgan_Viral_Pneumonia_00072.png,Viral_Pneumonia,2,stage1_synthesis,DCGAN
data/processed/synthetic_dcgan/Viral_Pneumonia/images/dcgan_Viral_Pneumonia_00073.png,Viral_Pneumonia,2,stage1_synthesis,DCGAN
data/processed/synthetic_dcgan/Viral_Pneumonia/images/dcgan_Viral_Pneumonia_00074.png,Viral_Pneumonia,2,stage1_synthesis,DCGAN
data/processed/synthetic_dcgan/Viral_Pneumonia/images/dcgan_Viral_Pneumonia_00075.png,Viral_Pneumonia,2,stage1_synthesis,DCGAN
data/processed/synthetic_dcgan/Viral_Pneumonia/images/dcgan_Viral_Pneumonia_00076.png,Viral_Pneumonia,2,stage1_synthesis,DCGAN
data/processed/synthetic_dcgan/Viral_Pneumonia/images/dcgan_Viral_Pneumonia_00077.png,Viral_Pneumonia,2,stage1_synthesis,DCGAN
data/processed/synthetic_dcgan/Viral_Pneumonia/images/dcgan_Viral_Pneumonia_00078.png,Viral_Pneumonia,2,stage1_synthesis,DCGAN
data/processed/synthetic_dcgan/Viral_Pneumonia/images/dcgan_Viral_Pneumonia_00079.png,Viral_Pneumonia,2,stage1_synthesis,DCGAN
data/processed/synthetic_dcgan/Viral_Pneumonia/images/dcgan_Viral_Pneumonia_00080.png,Viral_Pneumonia,2,stage1_synthesis,DCGAN
data/processed/synthetic_dcgan/Viral_Pneumonia/images/dcgan_Viral_Pneumonia_00081.png,Viral_Pneumonia,2,stage1_synthesis,DCGAN
data/processed/synthetic_dcgan/Viral_Pneumonia/images/dcgan_Viral_Pneumonia_00082.png,Viral_Pneumonia,2,stage1_synthesis,DCGAN
data/processed/synthetic_dcgan/Viral_Pneumonia/images/dcgan_Viral_Pneumonia_00083.png,Viral_Pneumonia,2,stage1_synthesis,DCGAN
data/processed/synthetic_dcgan/Viral_Pneumonia/images/dcgan_Viral_Pneumonia_00084.png,Viral_Pneumonia,2,stage1_synthesis,DCGAN
data/processed/synthetic_dcgan/Viral_Pneumonia/images/dcgan_Viral_Pneumonia_00085.png,Viral_Pneumonia,2,stage1_synthesis,DCGAN
data/processed/synthetic_dcgan/Viral_Pneumonia/images/dcgan_Viral_Pneumonia_00086.png,Viral_Pneumonia,2,stage1_synthesis,DCGAN
data/processed/synthetic_dcgan/Viral_Pneumonia/images/dcgan_Viral_Pneumonia_00087.png,Viral_Pneumonia,2,stage1_synthesis,DCGAN
data/processed/synthetic_dcgan/Viral_Pneumonia/images/dcgan_Viral_Pneumonia_00088.png,Viral_Pneumonia,2,stage1_synthesis,DCGAN
data/processed/synthetic_dcgan/Viral_Pneumonia/images/dcgan_Viral_Pneumonia_00089.png,Viral_Pneumonia,2,stage1_synthesis,DCGAN
data/processed/synthetic_dcgan/Viral_Pneumonia/images/dcgan_Viral_Pneumonia_00090.png,Viral_Pneumonia,2,stage1_synthesis,DCGAN
data/processed/synthetic_dcgan/Viral_Pneumonia/images/dcgan_Viral_Pneumonia_00091.png,Viral_Pneumonia,2,stage1_synthesis,DCGAN
data/processed/synthetic_dcgan/Viral_Pneumonia/images/dcgan_Viral_Pneumonia_00092.png,Viral_Pneumonia,2,stage1_synthesis,DCGAN
data/processed/synthetic_dcgan/Viral_Pneumonia/images/dcgan_Viral_Pneumonia_00093.png,Viral_Pneumonia,2,stage1_synthesis,DCGAN
data/processed/synthetic_dcgan/Viral_Pneumonia/images/dcgan_Viral_Pneumonia_00094.png,Viral_Pneumonia,2,stage1_synthesis,DCGAN
data/processed/synthetic_dcgan/Viral_Pneumonia/images/dcgan_Viral_Pneumonia_00095.png,Viral_Pneumonia,2,stage1_synthesis,DCGAN
data/processed/synthetic_dcgan/Viral_Pneumonia/images/dcgan_Viral_Pneumonia_00096.png,Viral_Pneumonia,2,stage1_synthesis,DCGAN
data/processed/synthetic_dcgan/Viral_Pneumonia/images/dcgan_Viral_Pneumonia_00097.png,Viral_Pneumonia,2,stage1_synthesis,DCGAN
data/processed/synthetic_dcgan/Viral_Pneumonia/images/dcgan_Viral_Pneumonia_00098.png,Viral_Pneumonia,2,stage1_synthesis,DCGAN
data/processed/synthetic_dcgan/Viral_Pneumonia/images/dcgan_Viral_Pneumonia_00099.png,Viral_Pneumonia,2,stage1_synthesis,DCGAN
data/processed/synthetic_dcgan/Viral_Pneumonia/images/dcgan_Viral_Pneumonia_00100.png,Viral_Pneumonia,2,stage1_synthesis,DCGAN
data/processed/synthetic_dcgan/Viral_Pneumonia/images/dcgan_Viral_Pneumonia_00101.png,Viral_Pneumonia,2,stage1_synthesis,DCGAN
data/processed/synthetic_dcgan/Viral_Pneumonia/images/dcgan_Viral_Pneumonia_00102.png,Viral_Pneumonia,2,stage1_synthesis,DCGAN
data/processed/synthetic_dcgan/Viral_Pneumonia/images/dcgan_Viral_Pneumonia_00103.png,Viral_Pneumonia,2,stage1_synthesis,DCGAN
data/processed/synthetic_dcgan/Viral_Pneumonia/images/dcgan_Viral_Pneumonia_00104.png,Viral_Pneumonia,2,stage1_synthesis,DCGAN
data/processed/synthetic_dcgan/Viral_Pneumonia/images/dcgan_Viral_Pneumonia_00105.png,Viral_Pneumonia,2,stage1_synthesis,DCGAN
data/processed/synthetic_dcgan/Viral_Pneumonia/images/dcgan_Viral_Pneumonia_00106.png,Viral_Pneumonia,2,stage1_synthesis,DCGAN
data/processed/synthetic_dcgan/Viral_Pneumonia/images/dcgan_Viral_Pneumonia_00107.png,Viral_Pneumonia,2,stage1_synthesis,DCGAN
data/processed/synthetic_dcgan/Viral_Pneumonia/images/dcgan_Viral_Pneumonia_00108.png,Viral_Pneumonia,2,stage1_synthesis,DCGAN
data/processed/synthetic_dcgan/Viral_Pneumonia/images/dcgan_Viral_Pneumonia_00109.png,Viral_Pneumonia,2,stage1_synthesis,DCGAN
data/processed/synthetic_dcgan/Viral_Pneumonia/images/dcgan_Viral_Pneumonia_00110.png,Viral_Pneumonia,2,stage1_synthesis,DCGAN
data/processed/synthetic_dcgan/Viral_Pneumonia/images/dcgan_Viral_Pneumonia_00111.png,Viral_Pneumonia,2,stage1_synthesis,DCGAN
data/processed/synthetic_dcgan/Viral_Pneumonia/images/dcgan_Viral_Pneumonia_00112.png,Viral_Pneumonia,2,stage1_synthesis,DCGAN
data/processed/synthetic_dcgan/Viral_Pneumonia/images/dcgan_Viral_Pneumonia_00113.png,Viral_Pneumonia,2,stage1_synthesis,DCGAN
data/processed/synthetic_dcgan/Viral_Pneumonia/images/dcgan_Viral_Pneumonia_00114.png,Viral_Pneumonia,2,stage1_synthesis,DCGAN
data/processed/synthetic_dcgan/Viral_Pneumonia/images/dcgan_Viral_Pneumonia_00115.png,Viral_Pneumonia,2,stage1_synthesis,DCGAN
data/processed/synthetic_dcgan/Viral_Pneumonia/images/dcgan_Viral_Pneumonia_00116.png,Viral_Pneumonia,2,stage1_synthesis,DCGAN
data/processed/synthetic_dcgan/Viral_Pneumonia/images/dcgan_Viral_Pneumonia_00117.png,Viral_Pneumonia,2,stage1_synthesis,DCGAN
data/processed/synthetic_dcgan/Viral_Pneumonia/images/dcgan_Viral_Pneumonia_00118.png,Viral_Pneumonia,2,stage1_synthesis,DCGAN
data/processed/synthetic_dcgan/Viral_Pneumonia/images/dcgan_Viral_Pneumonia_00119.png,Viral_Pneumonia,2,stage1_synthesis,DCGAN
data/processed/synthetic_dcgan/Viral_Pneumonia/images/dcgan_Viral_Pneumonia_00120.png,Viral_Pneumonia,2,stage1_synthesis,DCGAN
data/processed/synthetic_dcgan/Viral_Pneumonia/images/dcgan_Viral_Pneumonia_00121.png,Viral_Pneumonia,2,stage1_synthesis,DCGAN
data/processed/synthetic_dcgan/Viral_Pneumonia/images/dcgan_Viral_Pneumonia_00122.png,Viral_Pneumonia,2,stage1_synthesis,DCGAN
data/processed/synthetic_dcgan/Viral_Pneumonia/images/dcgan_Viral_Pneumonia_00123.png,Viral_Pneumonia,2,stage1_synthesis,DCGAN
data/processed/synthetic_dcgan/Viral_Pneumonia/images/dcgan_Viral_Pneumonia_00124.png,Viral_Pneumonia,2,stage1_synthesis,DCGAN
data/processed/synthetic_dcgan/Viral_Pneumonia/images/dcgan_Viral_Pneumonia_00125.png,Viral_Pneumonia,2,stage1_synthesis,DCGAN
data/processed/synthetic_dcgan/Viral_Pneumonia/images/dcgan_Viral_Pneumonia_00126.png,Viral_Pneumonia,2,stage1_synthesis,DCGAN
data/processed/synthetic_dcgan/Viral_Pneumonia/images/dcgan_Viral_Pneumonia_00127.png,Viral_Pneumonia,2,stage1_synthesis,DCGAN
data/processed/synthetic_dcgan/Viral_Pneumonia/images/dcgan_Viral_Pneumonia_00128.png,Viral_Pneumonia,2,stage1_synthesis,DCGAN
data/processed/synthetic_dcgan/Viral_Pneumonia/images/dcgan_Viral_Pneumonia_00129.png,Viral_Pneumonia,2,stage1_synthesis,DCGAN
data/processed/synthetic_dcgan/Viral_Pneumonia/images/dcgan_Viral_Pneumonia_00130.png,Viral_Pneumonia,2,stage1_synthesis,DCGAN
data/processed/synthetic_dcgan/Viral_Pneumonia/images/dcgan_Viral_Pneumonia_00131.png,Viral_Pneumonia,2,stage1_synthesis,DCGAN
data/processed/synthetic_dcgan/Viral_Pneumonia/images/dcgan_Viral_Pneumonia_00132.png,Viral_Pneumonia,2,stage1_synthesis,DCGAN
data/processed/synthetic_dcgan/Viral_Pneumonia/images/dcgan_Viral_Pneumonia_00133.png,Viral_Pneumonia,2,stage1_synthesis,DCGAN
data/processed/synthetic_dcgan/Viral_Pneumonia/images/dcgan_Viral_Pneumonia_00134.png,Viral_Pneumonia,2,stage1_synthesis,DCGAN
data/processed/synthetic_dcgan/Viral_Pneumonia/images/dcgan_Viral_Pneumonia_00135.png,Viral_Pneumonia,2,stage1_synthesis,DCGAN
data/processed/synthetic_dcgan/Viral_Pneumonia/images/dcgan_Viral_Pneumonia_00136.png,Viral_Pneumonia,2,stage1_synthesis,DCGAN
data/processed/synthetic_dcgan/Viral_Pneumonia/images/dcgan_Viral_Pneumonia_00137.png,Viral_Pneumonia,2,stage1_synthesis,DCGAN
data/processed/synthetic_dcgan/Viral_Pneumonia/images/dcgan_Viral_Pneumonia_00138.png,Viral_Pneumonia,2,stage1_synthesis,DCGAN
data/processed/synthetic_dcgan/Viral_Pneumonia/images/dcgan_Viral_Pneumonia_00139.png,Viral_Pneumonia,2,stage1_synthesis,DCGAN
data/processed/synthetic_dcgan/Viral_Pneumonia/images/dcgan_Viral_Pneumonia_00140.png,Viral_Pneumonia,2,stage1_synthesis,DCGAN
data/processed/synthetic_dcgan/Viral_Pneumonia/images/dcgan_Viral_Pneumonia_00141.png,Viral_Pneumonia,2,stage1_synthesis,DCGAN
data/processed/synthetic_dcgan/Viral_Pneumonia/images/dcgan_Viral_Pneumonia_00142.png,Viral_Pneumonia,2,stage1_synthesis,DCGAN
data/processed/synthetic_dcgan/Viral_Pneumonia/images/dcgan_Viral_Pneumonia_00143.png,Viral_Pneumonia,2,stage1_synthesis,DCGAN
data/processed/synthetic_dcgan/Viral_Pneumonia/images/dcgan_Viral_Pneumonia_00144.png,Viral_Pneumonia,2,stage1_synthesis,DCGAN
data/processed/synthetic_dcgan/Viral_Pneumonia/images/dcgan_Viral_Pneumonia_00145.png,Viral_Pneumonia,2,stage1_synthesis,DCGAN
data/processed/synthetic_dcgan/Viral_Pneumonia/images/dcgan_Viral_Pneumonia_00146.png,Viral_Pneumonia,2,stage1_synthesis,DCGAN
data/processed/synthetic_dcgan/Viral_Pneumonia/images/dcgan_Viral_Pneumonia_00147.png,Viral_Pneumonia,2,stage1_synthesis,DCGAN
data/processed/synthetic_dcgan/Viral_Pneumonia/images/dcgan_Viral_Pneumonia_00148.png,Viral_Pneumonia,2,stage1_synthesis,DCGAN
data/processed/synthetic_dcgan/Viral_Pneumonia/images/dcgan_Viral_Pneumonia_00149.png,Viral_Pneumonia,2,stage1_synthesis,DCGAN
data/processed/synthetic_dcgan/Viral_Pneumonia/images/dcgan_Viral_Pneumonia_00150.png,Viral_Pneumonia,2,stage1_synthesis,DCGAN
data/processed/synthetic_dcgan/Viral_Pneumonia/images/dcgan_Viral_Pneumonia_00151.png,Viral_Pneumonia,2,stage1_synthesis,DCGAN
data/processed/synthetic_dcgan/Viral_Pneumonia/images/dcgan_Viral_Pneumonia_00152.png,Viral_Pneumonia,2,stage1_synthesis,DCGAN
data/processed/synthetic_dcgan/Viral_Pneumonia/images/dcgan_Viral_Pneumonia_00153.png,Viral_Pneumonia,2,stage1_synthesis,DCGAN
data/processed/synthetic_dcgan/Viral_Pneumonia/images/dcgan_Viral_Pneumonia_00154.png,Viral_Pneumonia,2,stage1_synthesis,DCGAN
data/processed/synthetic_dcgan/Viral_Pneumonia/images/dcgan_Viral_Pneumonia_00155.png,Viral_Pneumonia,2,stage1_synthesis,DCGAN
data/processed/synthetic_dcgan/Viral_Pneumonia/images/dcgan_Viral_Pneumonia_00156.png,Viral_Pneumonia,2,stage1_synthesis,DCGAN
data/processed/synthetic_dcgan/Viral_Pneumonia/images/dcgan_Viral_Pneumonia_00157.png,Viral_Pneumonia,2,stage1_synthesis,DCGAN
data/processed/synthetic_dcgan/Viral_Pneumonia/images/dcgan_Viral_Pneumonia_00158.png,Viral_Pneumonia,2,stage1_synthesis,DCGAN
data/processed/synthetic_dcgan/Viral_Pneumonia/images/dcgan_Viral_Pneumonia_00159.png,Viral_Pneumonia,2,stage1_synthesis,DCGAN
data/processed/synthetic_dcgan/Viral_Pneumonia/images/dcgan_Viral_Pneumonia_00160.png,Viral_Pneumonia,2,stage1_synthesis,DCGAN
data/processed/synthetic_dcgan/Viral_Pneumonia/images/dcgan_Viral_Pneumonia_00161.png,Viral_Pneumonia,2,stage1_synthesis,DCGAN
data/processed/synthetic_dcgan/Viral_Pneumonia/images/dcgan_Viral_Pneumonia_00162.png,Viral_Pneumonia,2,stage1_synthesis,DCGAN
data/processed/synthetic_dcgan/Viral_Pneumonia/images/dcgan_Viral_Pneumonia_00163.png,Viral_Pneumonia,2,stage1_synthesis,DCGAN
data/processed/synthetic_dcgan/Viral_Pneumonia/images/dcgan_Viral_Pneumonia_00164.png,Viral_Pneumonia,2,stage1_synthesis,DCGAN
data/processed/synthetic_dcgan/Viral_Pneumonia/images/dcgan_Viral_Pneumonia_00165.png,Viral_Pneumonia,2,stage1_synthesis,DCGAN
data/processed/synthetic_dcgan/Viral_Pneumonia/images/dcgan_Viral_Pneumonia_00166.png,Viral_Pneumonia,2,stage1_synthesis,DCGAN
data/processed/synthetic_dcgan/Viral_Pneumonia/images/dcgan_Viral_Pneumonia_00167.png,Viral_Pneumonia,2,stage1_synthesis,DCGAN
data/processed/synthetic_dcgan/Viral_Pneumonia/images/dcgan_Viral_Pneumonia_00168.png,Viral_Pneumonia,2,stage1_synthesis,DCGAN
data/processed/synthetic_dcgan/Viral_Pneumonia/images/dcgan_Viral_Pneumonia_00169.png,Viral_Pneumonia,2,stage1_synthesis,DCGAN
data/processed/synthetic_dcgan/Viral_Pneumonia/images/dcgan_Viral_Pneumonia_00170.png,Viral_Pneumonia,2,stage1_synthesis,DCGAN
data/processed/synthetic_dcgan/Viral_Pneumonia/images/dcgan_Viral_Pneumonia_00171.png,Viral_Pneumonia,2,stage1_synthesis,DCGAN
data/processed/synthetic_dcgan/Viral_Pneumonia/images/dcgan_Viral_Pneumonia_00172.png,Viral_Pneumonia,2,stage1_synthesis,DCGAN
data/processed/synthetic_dcgan/Viral_Pneumonia/images/dcgan_Viral_Pneumonia_00173.png,Viral_Pneumonia,2,stage1_synthesis,DCGAN
data/processed/synthetic_dcgan/Viral_Pneumonia/images/dcgan_Viral_Pneumonia_00174.png,Viral_Pneumonia,2,stage1_synthesis,DCGAN
data/processed/synthetic_dcgan/Viral_Pneumonia/images/dcgan_Viral_Pneumonia_00175.png,Viral_Pneumonia,2,stage1_synthesis,DCGAN
data/processed/synthetic_dcgan/Viral_Pneumonia/images/dcgan_Viral_Pneumonia_00176.png,Viral_Pneumonia,2,stage1_synthesis,DCGAN
data/processed/synthetic_dcgan/Viral_Pneumonia/images/dcgan_Viral_Pneumonia_00177.png,Viral_Pneumonia,2,stage1_synthesis,DCGAN
data/processed/synthetic_dcgan/Viral_Pneumonia/images/dcgan_Viral_Pneumonia_00178.png,Viral_Pneumonia,2,stage1_synthesis,DCGAN
data/processed/synthetic_dcgan/Viral_Pneumonia/images/dcgan_Viral_Pneumonia_00179.png,Viral_Pneumonia,2,stage1_synthesis,DCGAN
data/processed/synthetic_dcgan/Viral_Pneumonia/images/dcgan_Viral_Pneumonia_00180.png,Viral_Pneumonia,2,stage1_synthesis,DCGAN
data/processed/synthetic_dcgan/Viral_Pneumonia/images/dcgan_Viral_Pneumonia_00181.png,Viral_Pneumonia,2,stage1_synthesis,DCGAN
data/processed/synthetic_dcgan/Viral_Pneumonia/images/dcgan_Viral_Pneumonia_00182.png,Viral_Pneumonia,2,stage1_synthesis,DCGAN
data/processed/synthetic_dcgan/Viral_Pneumonia/images/dcgan_Viral_Pneumonia_00183.png,Viral_Pneumonia,2,stage1_synthesis,DCGAN
data/processed/synthetic_dcgan/Viral_Pneumonia/images/dcgan_Viral_Pneumonia_00184.png,Viral_Pneumonia,2,stage1_synthesis,DCGAN
data/processed/synthetic_dcgan/Viral_Pneumonia/images/dcgan_Viral_Pneumonia_00185.png,Viral_Pneumonia,2,stage1_synthesis,DCGAN
data/processed/synthetic_dcgan/Viral_Pneumonia/images/dcgan_Viral_Pneumonia_00186.png,Viral_Pneumonia,2,stage1_synthesis,DCGAN
data/processed/synthetic_dcgan/Viral_Pneumonia/images/dcgan_Viral_Pneumonia_00187.png,Viral_Pneumonia,2,stage1_synthesis,DCGAN
data/processed/synthetic_dcgan/Viral_Pneumonia/images/dcgan_Viral_Pneumonia_00188.png,Viral_Pneumonia,2,stage1_synthesis,DCGAN
data/processed/synthetic_dcgan/Viral_Pneumonia/images/dcgan_Viral_Pneumonia_00189.png,Viral_Pneumonia,2,stage1_synthesis,DCGAN
data/processed/synthetic_dcgan/Viral_Pneumonia/images/dcgan_Viral_Pneumonia_00190.png,Viral_Pneumonia,2,stage1_synthesis,DCGAN
data/processed/synthetic_dcgan/Viral_Pneumonia/images/dcgan_Viral_Pneumonia_00191.png,Viral_Pneumonia,2,stage1_synthesis,DCGAN
data/processed/synthetic_dcgan/Viral_Pneumonia/images/dcgan_Viral_Pneumonia_00192.png,Viral_Pneumonia,2,stage1_synthesis,DCGAN
data/processed/synthetic_dcgan/Viral_Pneumonia/images/dcgan_Viral_Pneumonia_00193.png,Viral_Pneumonia,2,stage1_synthesis,DCGAN
data/processed/synthetic_dcgan/Viral_Pneumonia/images/dcgan_Viral_Pneumonia_00194.png,Viral_Pneumonia,2,stage1_synthesis,DCGAN
data/processed/synthetic_dcgan/Viral_Pneumonia/images/dcgan_Viral_Pneumonia_00195.png,Viral_Pneumonia,2,stage1_synthesis,DCGAN
data/processed/synthetic_dcgan/Viral_Pneumonia/images/dcgan_Viral_Pneumonia_00196.png,Viral_Pneumonia,2,stage1_synthesis,DCGAN
data/processed/synthetic_dcgan/Viral_Pneumonia/images/dcgan_Viral_Pneumonia_00197.png,Viral_Pneumonia,2,stage1_synthesis,DCGAN
data/processed/synthetic_dcgan/Viral_Pneumonia/images/dcgan_Viral_Pneumonia_00198.png,Viral_Pneumonia,2,stage1_synthesis,DCGAN
data/processed/synthetic_dcgan/Viral_Pneumonia/images/dcgan_Viral_Pneumonia_00199.png,Viral_Pneumonia,2,stage1_synthesis,DCGAN
data/processed/synthetic_dcgan/Viral_Pneumonia/images/dcgan_Viral_Pneumonia_00200.png,Viral_Pneumonia,2,stage1_synthesis,DCGAN
data/processed/synthetic_dcgan/Viral_Pneumonia/images/dcgan_Viral_Pneumonia_00201.png,Viral_Pneumonia,2,stage1_synthesis,DCGAN
data/processed/synthetic_dcgan/Viral_Pneumonia/images/dcgan_Viral_Pneumonia_00202.png,Viral_Pneumonia,2,stage1_synthesis,DCGAN
data/processed/synthetic_dcgan/Viral_Pneumonia/images/dcgan_Viral_Pneumonia_00203.png,Viral_Pneumonia,2,stage1_synthesis,DCGAN
data/processed/synthetic_dcgan/Viral_Pneumonia/images/dcgan_Viral_Pneumonia_00204.png,Viral_Pneumonia,2,stage1_synthesis,DCGAN
data/processed/synthetic_dcgan/Viral_Pneumonia/images/dcgan_Viral_Pneumonia_00205.png,Viral_Pneumonia,2,stage1_synthesis,DCGAN
data/processed/synthetic_dcgan/Viral_Pneumonia/images/dcgan_Viral_Pneumonia_00206.png,Viral_Pneumonia,2,stage1_synthesis,DCGAN
data/processed/synthetic_dcgan/Viral_Pneumonia/images/dcgan_Viral_Pneumonia_00207.png,Viral_Pneumonia,2,stage1_synthesis,DCGAN
data/processed/synthetic_dcgan/Viral_Pneumonia/images/dcgan_Viral_Pneumonia_00208.png,Viral_Pneumonia,2,stage1_synthesis,DCGAN
data/processed/synthetic_dcgan/Viral_Pneumonia/images/dcgan_Viral_Pneumonia_00209.png,Viral_Pneumonia,2,stage1_synthesis,DCGAN
data/processed/synthetic_dcgan/Viral_Pneumonia/images/dcgan_Viral_Pneumonia_00210.png,Viral_Pneumonia,2,stage1_synthesis,DCGAN
data/processed/synthetic_dcgan/Viral_Pneumonia/images/dcgan_Viral_Pneumonia_00211.png,Viral_Pneumonia,2,stage1_synthesis,DCGAN
data/processed/synthetic_dcgan/Viral_Pneumonia/images/dcgan_Viral_Pneumonia_00212.png,Viral_Pneumonia,2,stage1_synthesis,DCGAN
data/processed/synthetic_dcgan/Viral_Pneumonia/images/dcgan_Viral_Pneumonia_00213.png,Viral_Pneumonia,2,stage1_synthesis,DCGAN
data/processed/synthetic_dcgan/Viral_Pneumonia/images/dcgan_Viral_Pneumonia_00214.png,Viral_Pneumonia,2,stage1_synthesis,DCGAN
data/processed/synthetic_dcgan/Viral_Pneumonia/images/dcgan_Viral_Pneumonia_00215.png,Viral_Pneumonia,2,stage1_synthesis,DCGAN
data/processed/synthetic_dcgan/Viral_Pneumonia/images/dcgan_Viral_Pneumonia_00216.png,Viral_Pneumonia,2,stage1_synthesis,DCGAN
data/processed/synthetic_dcgan/Viral_Pneumonia/images/dcgan_Viral_Pneumonia_00217.png,Viral_Pneumonia,2,stage1_synthesis,DCGAN
data/processed/synthetic_dcgan/Viral_Pneumonia/images/dcgan_Viral_Pneumonia_00218.png,Viral_Pneumonia,2,stage1_synthesis,DCGAN
data/processed/synthetic_dcgan/Viral_Pneumonia/images/dcgan_Viral_Pneumonia_00219.png,Viral_Pneumonia,2,stage1_synthesis,DCGAN
data/processed/synthetic_dcgan/Viral_Pneumonia/images/dcgan_Viral_Pneumonia_00220.png,Viral_Pneumonia,2,stage1_synthesis,DCGAN
data/processed/synthetic_dcgan/Viral_Pneumonia/images/dcgan_Viral_Pneumonia_00221.png,Viral_Pneumonia,2,stage1_synthesis,DCGAN
data/processed/synthetic_dcgan/Viral_Pneumonia/images/dcgan_Viral_Pneumonia_00222.png,Viral_Pneumonia,2,stage1_synthesis,DCGAN
data/processed/synthetic_dcgan/Viral_Pneumonia/images/dcgan_Viral_Pneumonia_00223.png,Viral_Pneumonia,2,stage1_synthesis,DCGAN
data/processed/synthetic_dcgan/Viral_Pneumonia/images/dcgan_Viral_Pneumonia_00224.png,Viral_Pneumonia,2,stage1_synthesis,DCGAN
data/processed/synthetic_dcgan/Viral_Pneumonia/images/dcgan_Viral_Pneumonia_00225.png,Viral_Pneumonia,2,stage1_synthesis,DCGAN
data/processed/synthetic_dcgan/Viral_Pneumonia/images/dcgan_Viral_Pneumonia_00226.png,Viral_Pneumonia,2,stage1_synthesis,DCGAN
data/processed/synthetic_dcgan/Viral_Pneumonia/images/dcgan_Viral_Pneumonia_00227.png,Viral_Pneumonia,2,stage1_synthesis,DCGAN
data/processed/synthetic_dcgan/Viral_Pneumonia/images/dcgan_Viral_Pneumonia_00228.png,Viral_Pneumonia,2,stage1_synthesis,DCGAN
data/processed/synthetic_dcgan/Viral_Pneumonia/images/dcgan_Viral_Pneumonia_00229.png,Viral_Pneumonia,2,stage1_synthesis,DCGAN
data/processed/synthetic_dcgan/Viral_Pneumonia/images/dcgan_Viral_Pneumonia_00230.png,Viral_Pneumonia,2,stage1_synthesis,DCGAN
data/processed/synthetic_dcgan/Viral_Pneumonia/images/dcgan_Viral_Pneumonia_00231.png,Viral_Pneumonia,2,stage1_synthesis,DCGAN
data/processed/synthetic_dcgan/Viral_Pneumonia/images/dcgan_Viral_Pneumonia_00232.png,Viral_Pneumonia,2,stage1_synthesis,DCGAN
data/processed/synthetic_dcgan/Viral_Pneumonia/images/dcgan_Viral_Pneumonia_00233.png,Viral_Pneumonia,2,stage1_synthesis,DCGAN
data/processed/synthetic_dcgan/Viral_Pneumonia/images/dcgan_Viral_Pneumonia_00234.png,Viral_Pneumonia,2,stage1_synthesis,DCGAN
data/processed/synthetic_dcgan/Viral_Pneumonia/images/dcgan_Viral_Pneumonia_00235.png,Viral_Pneumonia,2,stage1_synthesis,DCGAN
data/processed/synthetic_dcgan/Viral_Pneumonia/images/dcgan_Viral_Pneumonia_00236.png,Viral_Pneumonia,2,stage1_synthesis,DCGAN
data/processed/synthetic_dcgan/Viral_Pneumonia/images/dcgan_Viral_Pneumonia_00237.png,Viral_Pneumonia,2,stage1_synthesis,DCGAN
data/processed/synthetic_dcgan/Viral_Pneumonia/images/dcgan_Viral_Pneumonia_00238.png,Viral_Pneumonia,2,stage1_synthesis,DCGAN
data/processed/synthetic_dcgan/Viral_Pneumonia/images/dcgan_Viral_Pneumonia_00239.png,Viral_Pneumonia,2,stage1_synthesis,DCGAN
data/processed/synthetic_dcgan/Viral_Pneumonia/images/dcgan_Viral_Pneumonia_00240.png,Viral_Pneumonia,2,stage1_synthesis,DCGAN
data/processed/synthetic_dcgan/Viral_Pneumonia/images/dcgan_Viral_Pneumonia_00241.png,Viral_Pneumonia,2,stage1_synthesis,DCGAN
data/processed/synthetic_dcgan/Viral_Pneumonia/images/dcgan_Viral_Pneumonia_00242.png,Viral_Pneumonia,2,stage1_synthesis,DCGAN
data/processed/synthetic_dcgan/Viral_Pneumonia/images/dcgan_Viral_Pneumonia_00243.png,Viral_Pneumonia,2,stage1_synthesis,DCGAN
data/processed/synthetic_dcgan/Viral_Pneumonia/images/dcgan_Viral_Pneumonia_00244.png,Viral_Pneumonia,2,stage1_synthesis,DCGAN
data/processed/synthetic_dcgan/Viral_Pneumonia/images/dcgan_Viral_Pneumonia_00245.png,Viral_Pneumonia,2,stage1_synthesis,DCGAN
data/processed/synthetic_dcgan/Viral_Pneumonia/images/dcgan_Viral_Pneumonia_00246.png,Viral_Pneumonia,2,stage1_synthesis,DCGAN
data/processed/synthetic_dcgan/Viral_Pneumonia/images/dcgan_Viral_Pneumonia_00247.png,Viral_Pneumonia,2,stage1_synthesis,DCGAN
data/processed/synthetic_dcgan/Viral_Pneumonia/images/dcgan_Viral_Pneumonia_00248.png,Viral_Pneumonia,2,stage1_synthesis,DCGAN
data/processed/synthetic_dcgan/Viral_Pneumonia/images/dcgan_Viral_Pneumonia_00249.png,Viral_Pneumonia,2,stage1_synthesis,DCGAN
data/processed/synthetic_dcgan/Viral_Pneumonia/images/dcgan_Viral_Pneumonia_00250.png,Viral_Pneumonia,2,stage1_synthesis,DCGAN
data/processed/synthetic_dcgan/Viral_Pneumonia/images/dcgan_Viral_Pneumonia_00251.png,Viral_Pneumonia,2,stage1_synthesis,DCGAN
data/processed/synthetic_dcgan/Viral_Pneumonia/images/dcgan_Viral_Pneumonia_00252.png,Viral_Pneumonia,2,stage1_synthesis,DCGAN
data/processed/synthetic_dcgan/Viral_Pneumonia/images/dcgan_Viral_Pneumonia_00253.png,Viral_Pneumonia,2,stage1_synthesis,DCGAN
data/processed/synthetic_dcgan/Viral_Pneumonia/images/dcgan_Viral_Pneumonia_00254.png,Viral_Pneumonia,2,stage1_synthesis,DCGAN
data/processed/synthetic_dcgan/Viral_Pneumonia/images/dcgan_Viral_Pneumonia_00255.png,Viral_Pneumonia,2,stage1_synthesis,DCGAN
data/processed/synthetic_dcgan/Viral_Pneumonia/images/dcgan_Viral_Pneumonia_00256.png,Viral_Pneumonia,2,stage1_synthesis,DCGAN
data/processed/synthetic_dcgan/Viral_Pneumonia/images/dcgan_Viral_Pneumonia_00257.png,Viral_Pneumonia,2,stage1_synthesis,DCGAN
data/processed/synthetic_dcgan/Viral_Pneumonia/images/dcgan_Viral_Pneumonia_00258.png,Viral_Pneumonia,2,stage1_synthesis,DCGAN
data/processed/synthetic_dcgan/Viral_Pneumonia/images/dcgan_Viral_Pneumonia_00259.png,Viral_Pneumonia,2,stage1_synthesis,DCGAN
data/processed/synthetic_dcgan/Viral_Pneumonia/images/dcgan_Viral_Pneumonia_00260.png,Viral_Pneumonia,2,stage1_synthesis,DCGAN
data/processed/synthetic_dcgan/Viral_Pneumonia/images/dcgan_Viral_Pneumonia_00261.png,Viral_Pneumonia,2,stage1_synthesis,DCGAN
data/processed/synthetic_dcgan/Viral_Pneumonia/images/dcgan_Viral_Pneumonia_00262.png,Viral_Pneumonia,2,stage1_synthesis,DCGAN
data/processed/synthetic_dcgan/Viral_Pneumonia/images/dcgan_Viral_Pneumonia_00263.png,Viral_Pneumonia,2,stage1_synthesis,DCGAN
data/processed/synthetic_dcgan/Viral_Pneumonia/images/dcgan_Viral_Pneumonia_00264.png,Viral_Pneumonia,2,stage1_synthesis,DCGAN
data/processed/synthetic_dcgan/Viral_Pneumonia/images/dcgan_Viral_Pneumonia_00265.png,Viral_Pneumonia,2,stage1_synthesis,DCGAN
data/processed/synthetic_dcgan/Viral_Pneumonia/images/dcgan_Viral_Pneumonia_00266.png,Viral_Pneumonia,2,stage1_synthesis,DCGAN
data/processed/synthetic_dcgan/Viral_Pneumonia/images/dcgan_Viral_Pneumonia_00267.png,Viral_Pneumonia,2,stage1_synthesis,DCGAN
data/processed/synthetic_dcgan/Viral_Pneumonia/images/dcgan_Viral_Pneumonia_00268.png,Viral_Pneumonia,2,stage1_synthesis,DCGAN
data/processed/synthetic_dcgan/Viral_Pneumonia/images/dcgan_Viral_Pneumonia_00269.png,Viral_Pneumonia,2,stage1_synthesis,DCGAN
data/processed/synthetic_dcgan/Viral_Pneumonia/images/dcgan_Viral_Pneumonia_00270.png,Viral_Pneumonia,2,stage1_synthesis,DCGAN
data/processed/synthetic_dcgan/Viral_Pneumonia/images/dcgan_Viral_Pneumonia_00271.png,Viral_Pneumonia,2,stage1_synthesis,DCGAN
data/processed/synthetic_dcgan/Viral_Pneumonia/images/dcgan_Viral_Pneumonia_00272.png,Viral_Pneumonia,2,stage1_synthesis,DCGAN
data/processed/synthetic_dcgan/Viral_Pneumonia/images/dcgan_Viral_Pneumonia_00273.png,Viral_Pneumonia,2,stage1_synthesis,DCGAN
data/processed/synthetic_dcgan/Viral_Pneumonia/images/dcgan_Viral_Pneumonia_00274.png,Viral_Pneumonia,2,stage1_synthesis,DCGAN
data/processed/synthetic_dcgan/Viral_Pneumonia/images/dcgan_Viral_Pneumonia_00275.png,Viral_Pneumonia,2,stage1_synthesis,DCGAN
data/processed/synthetic_dcgan/Viral_Pneumonia/images/dcgan_Viral_Pneumonia_00276.png,Viral_Pneumonia,2,stage1_synthesis,DCGAN
data/processed/synthetic_dcgan/Viral_Pneumonia/images/dcgan_Viral_Pneumonia_00277.png,Viral_Pneumonia,2,stage1_synthesis,DCGAN
data/processed/synthetic_dcgan/Viral_Pneumonia/images/dcgan_Viral_Pneumonia_00278.png,Viral_Pneumonia,2,stage1_synthesis,DCGAN
data/processed/synthetic_dcgan/Viral_Pneumonia/images/dcgan_Viral_Pneumonia_00279.png,Viral_Pneumonia,2,stage1_synthesis,DCGAN
data/processed/synthetic_dcgan/Viral_Pneumonia/images/dcgan_Viral_Pneumonia_00280.png,Viral_Pneumonia,2,stage1_synthesis,DCGAN
data/processed/synthetic_dcgan/Viral_Pneumonia/images/dcgan_Viral_Pneumonia_00281.png,Viral_Pneumonia,2,stage1_synthesis,DCGAN
data/processed/synthetic_dcgan/Viral_Pneumonia/images/dcgan_Viral_Pneumonia_00282.png,Viral_Pneumonia,2,stage1_synthesis,DCGAN
data/processed/synthetic_dcgan/Viral_Pneumonia/images/dcgan_Viral_Pneumonia_00283.png,Viral_Pneumonia,2,stage1_synthesis,DCGAN
data/processed/synthetic_dcgan/Viral_Pneumonia/images/dcgan_Viral_Pneumonia_00284.png,Viral_Pneumonia,2,stage1_synthesis,DCGAN
data/processed/synthetic_dcgan/Viral_Pneumonia/images/dcgan_Viral_Pneumonia_00285.png,Viral_Pneumonia,2,stage1_synthesis,DCGAN
data/processed/synthetic_dcgan/Viral_Pneumonia/images/dcgan_Viral_Pneumonia_00286.png,Viral_Pneumonia,2,stage1_synthesis,DCGAN
data/processed/synthetic_dcgan/Viral_Pneumonia/images/dcgan_Viral_Pneumonia_00287.png,Viral_Pneumonia,2,stage1_synthesis,DCGAN
data/processed/synthetic_dcgan/Viral_Pneumonia/images/dcgan_Viral_Pneumonia_00288.png,Viral_Pneumonia,2,stage1_synthesis,DCGAN
data/processed/synthetic_dcgan/Viral_Pneumonia/images/dcgan_Viral_Pneumonia_00289.png,Viral_Pneumonia,2,stage1_synthesis,DCGAN
data/processed/synthetic_dcgan/Viral_Pneumonia/images/dcgan_Viral_Pneumonia_00290.png,Viral_Pneumonia,2,stage1_synthesis,DCGAN
data/processed/synthetic_dcgan/Viral_Pneumonia/images/dcgan_Viral_Pneumonia_00291.png,Viral_Pneumonia,2,stage1_synthesis,DCGAN
data/processed/synthetic_dcgan/Viral_Pneumonia/images/dcgan_Viral_Pneumonia_00292.png,Viral_Pneumonia,2,stage1_synthesis,DCGAN
data/processed/synthetic_dcgan/Viral_Pneumonia/images/dcgan_Viral_Pneumonia_00293.png,Viral_Pneumonia,2,stage1_synthesis,DCGAN
data/processed/synthetic_dcgan/Viral_Pneumonia/images/dcgan_Viral_Pneumonia_00294.png,Viral_Pneumonia,2,stage1_synthesis,DCGAN
data/processed/synthetic_dcgan/Viral_Pneumonia/images/dcgan_Viral_Pneumonia_00295.png,Viral_Pneumonia,2,stage1_synthesis,DCGAN
data/processed/synthetic_dcgan/Viral_Pneumonia/images/dcgan_Viral_Pneumonia_00296.png,Viral_Pneumonia,2,stage1_synthesis,DCGAN
data/processed/synthetic_dcgan/Viral_Pneumonia/images/dcgan_Viral_Pneumonia_00297.png,Viral_Pneumonia,2,stage1_synthesis,DCGAN
data/processed/synthetic_dcgan/Viral_Pneumonia/images/dcgan_Viral_Pneumonia_00298.png,Viral_Pneumonia,2,stage1_synthesis,DCGAN
data/processed/synthetic_dcgan/Viral_Pneumonia/images/dcgan_Viral_Pneumonia_00299.png,Viral_Pneumonia,2,stage1_synthesis,DCGAN
data/processed/synthetic_dcgan/Viral_Pneumonia/images/dcgan_Viral_Pneumonia_00300.png,Viral_Pneumonia,2,stage1_synthesis,DCGAN
data/processed/synthetic_dcgan/Viral_Pneumonia/images/dcgan_Viral_Pneumonia_00301.png,Viral_Pneumonia,2,stage1_synthesis,DCGAN
data/processed/synthetic_dcgan/Viral_Pneumonia/images/dcgan_Viral_Pneumonia_00302.png,Viral_Pneumonia,2,stage1_synthesis,DCGAN
data/processed/synthetic_dcgan/Viral_Pneumonia/images/dcgan_Viral_Pneumonia_00303.png,Viral_Pneumonia,2,stage1_synthesis,DCGAN
data/processed/synthetic_dcgan/Viral_Pneumonia/images/dcgan_Viral_Pneumonia_00304.png,Viral_Pneumonia,2,stage1_synthesis,DCGAN
data/processed/synthetic_dcgan/Viral_Pneumonia/images/dcgan_Viral_Pneumonia_00305.png,Viral_Pneumonia,2,stage1_synthesis,DCGAN
data/processed/synthetic_dcgan/Viral_Pneumonia/images/dcgan_Viral_Pneumonia_00306.png,Viral_Pneumonia,2,stage1_synthesis,DCGAN
data/processed/synthetic_dcgan/Viral_Pneumonia/images/dcgan_Viral_Pneumonia_00307.png,Viral_Pneumonia,2,stage1_synthesis,DCGAN
data/processed/synthetic_dcgan/Viral_Pneumonia/images/dcgan_Viral_Pneumonia_00308.png,Viral_Pneumonia,2,stage1_synthesis,DCGAN
data/processed/synthetic_dcgan/Viral_Pneumonia/images/dcgan_Viral_Pneumonia_00309.png,Viral_Pneumonia,2,stage1_synthesis,DCGAN
data/processed/synthetic_dcgan/Viral_Pneumonia/images/dcgan_Viral_Pneumonia_00310.png,Viral_Pneumonia,2,stage1_synthesis,DCGAN
data/processed/synthetic_dcgan/Viral_Pneumonia/images/dcgan_Viral_Pneumonia_00311.png,Viral_Pneumonia,2,stage1_synthesis,DCGAN
data/processed/synthetic_dcgan/Viral_Pneumonia/images/dcgan_Viral_Pneumonia_00312.png,Viral_Pneumonia,2,stage1_synthesis,DCGAN
data/processed/synthetic_dcgan/Viral_Pneumonia/images/dcgan_Viral_Pneumonia_00313.png,Viral_Pneumonia,2,stage1_synthesis,DCGAN
data/processed/synthetic_dcgan/Viral_Pneumonia/images/dcgan_Viral_Pneumonia_00314.png,Viral_Pneumonia,2,stage1_synthesis,DCGAN
data/processed/synthetic_dcgan/Viral_Pneumonia/images/dcgan_Viral_Pneumonia_00315.png,Viral_Pneumonia,2,stage1_synthesis,DCGAN
data/processed/synthetic_dcgan/Viral_Pneumonia/images/dcgan_Viral_Pneumonia_00316.png,Viral_Pneumonia,2,stage1_synthesis,DCGAN
data/processed/synthetic_dcgan/Viral_Pneumonia/images/dcgan_Viral_Pneumonia_00317.png,Viral_Pneumonia,2,stage1_synthesis,DCGAN
data/processed/synthetic_dcgan/Viral_Pneumonia/images/dcgan_Viral_Pneumonia_00318.png,Viral_Pneumonia,2,stage1_synthesis,DCGAN
data/processed/synthetic_dcgan/Viral_Pneumonia/images/dcgan_Viral_Pneumonia_00319.png,Viral_Pneumonia,2,stage1_synthesis,DCGAN
data/processed/synthetic_dcgan/Viral_Pneumonia/images/dcgan_Viral_Pneumonia_00320.png,Viral_Pneumonia,2,stage1_synthesis,DCGAN
data/processed/synthetic_dcgan/Viral_Pneumonia/images/dcgan_Viral_Pneumonia_00321.png,Viral_Pneumonia,2,stage1_synthesis,DCGAN
data/processed/synthetic_dcgan/Viral_Pneumonia/images/dcgan_Viral_Pneumonia_00322.png,Viral_Pneumonia,2,stage1_synthesis,DCGAN
data/processed/synthetic_dcgan/Viral_Pneumonia/images/dcgan_Viral_Pneumonia_00323.png,Viral_Pneumonia,2,stage1_synthesis,DCGAN
data/processed/synthetic_dcgan/Viral_Pneumonia/images/dcgan_Viral_Pneumonia_00324.png,Viral_Pneumonia,2,stage1_synthesis,DCGAN
data/processed/synthetic_dcgan/Viral_Pneumonia/images/dcgan_Viral_Pneumonia_00325.png,Viral_Pneumonia,2,stage1_synthesis,DCGAN
data/processed/synthetic_dcgan/Viral_Pneumonia/images/dcgan_Viral_Pneumonia_00326.png,Viral_Pneumonia,2,stage1_synthesis,DCGAN
data/processed/synthetic_dcgan/Viral_Pneumonia/images/dcgan_Viral_Pneumonia_00327.png,Viral_Pneumonia,2,stage1_synthesis,DCGAN
data/processed/synthetic_dcgan/Viral_Pneumonia/images/dcgan_Viral_Pneumonia_00328.png,Viral_Pneumonia,2,stage1_synthesis,DCGAN
data/processed/synthetic_dcgan/Viral_Pneumonia/images/dcgan_Viral_Pneumonia_00329.png,Viral_Pneumonia,2,stage1_synthesis,DCGAN
data/processed/synthetic_dcgan/Viral_Pneumonia/images/dcgan_Viral_Pneumonia_00330.png,Viral_Pneumonia,2,stage1_synthesis,DCGAN
data/processed/synthetic_dcgan/Viral_Pneumonia/images/dcgan_Viral_Pneumonia_00331.png,Viral_Pneumonia,2,stage1_synthesis,DCGAN
data/processed/synthetic_dcgan/Viral_Pneumonia/images/dcgan_Viral_Pneumonia_00332.png,Viral_Pneumonia,2,stage1_synthesis,DCGAN
data/processed/synthetic_dcgan/Viral_Pneumonia/images/dcgan_Viral_Pneumonia_00333.png,Viral_Pneumonia,2,stage1_synthesis,DCGAN
data/processed/synthetic_dcgan/Viral_Pneumonia/images/dcgan_Viral_Pneumonia_00334.png,Viral_Pneumonia,2,stage1_synthesis,DCGAN
data/processed/synthetic_dcgan/Viral_Pneumonia/images/dcgan_Viral_Pneumonia_00335.png,Viral_Pneumonia,2,stage1_synthesis,DCGAN
data/processed/synthetic_dcgan/Viral_Pneumonia/images/dcgan_Viral_Pneumonia_00336.png,Viral_Pneumonia,2,stage1_synthesis,DCGAN
data/processed/synthetic_dcgan/Viral_Pneumonia/images/dcgan_Viral_Pneumonia_00337.png,Viral_Pneumonia,2,stage1_synthesis,DCGAN
data/processed/synthetic_dcgan/Viral_Pneumonia/images/dcgan_Viral_Pneumonia_00338.png,Viral_Pneumonia,2,stage1_synthesis,DCGAN
data/processed/synthetic_dcgan/Viral_Pneumonia/images/dcgan_Viral_Pneumonia_00339.png,Viral_Pneumonia,2,stage1_synthesis,DCGAN
data/processed/synthetic_dcgan/Viral_Pneumonia/images/dcgan_Viral_Pneumonia_00340.png,Viral_Pneumonia,2,stage1_synthesis,DCGAN
data/processed/synthetic_dcgan/Viral_Pneumonia/images/dcgan_Viral_Pneumonia_00341.png,Viral_Pneumonia,2,stage1_synthesis,DCGAN
data/processed/synthetic_dcgan/Viral_Pneumonia/images/dcgan_Viral_Pneumonia_00342.png,Viral_Pneumonia,2,stage1_synthesis,DCGAN
data/processed/synthetic_dcgan/Viral_Pneumonia/images/dcgan_Viral_Pneumonia_00343.png,Viral_Pneumonia,2,stage1_synthesis,DCGAN
data/processed/synthetic_dcgan/Viral_Pneumonia/images/dcgan_Viral_Pneumonia_00344.png,Viral_Pneumonia,2,stage1_synthesis,DCGAN
data/processed/synthetic_dcgan/Viral_Pneumonia/images/dcgan_Viral_Pneumonia_00345.png,Viral_Pneumonia,2,stage1_synthesis,DCGAN
data/processed/synthetic_dcgan/Viral_Pneumonia/images/dcgan_Viral_Pneumonia_00346.png,Viral_Pneumonia,2,stage1_synthesis,DCGAN
data/processed/synthetic_dcgan/Viral_Pneumonia/images/dcgan_Viral_Pneumonia_00347.png,Viral_Pneumonia,2,stage1_synthesis,DCGAN
data/processed/synthetic_dcgan/Viral_Pneumonia/images/dcgan_Viral_Pneumonia_00348.png,Viral_Pneumonia,2,stage1_synthesis,DCGAN
data/processed/synthetic_dcgan/Viral_Pneumonia/images/dcgan_Viral_Pneumonia_00349.png,Viral_Pneumonia,2,stage1_synthesis,DCGAN
data/processed/synthetic_dcgan/Viral_Pneumonia/images/dcgan_Viral_Pneumonia_00350.png,Viral_Pneumonia,2,stage1_synthesis,DCGAN
data/processed/synthetic_dcgan/Viral_Pneumonia/images/dcgan_Viral_Pneumonia_00351.png,Viral_Pneumonia,2,stage1_synthesis,DCGAN
data/processed/synthetic_dcgan/Viral_Pneumonia/images/dcgan_Viral_Pneumonia_00352.png,Viral_Pneumonia,2,stage1_synthesis,DCGAN
data/processed/synthetic_dcgan/Viral_Pneumonia/images/dcgan_Viral_Pneumonia_00353.png,Viral_Pneumonia,2,stage1_synthesis,DCGAN
data/processed/synthetic_dcgan/Viral_Pneumonia/images/dcgan_Viral_Pneumonia_00354.png,Viral_Pneumonia,2,stage1_synthesis,DCGAN
data/processed/synthetic_dcgan/Viral_Pneumonia/images/dcgan_Viral_Pneumonia_00355.png,Viral_Pneumonia,2,stage1_synthesis,DCGAN
data/processed/synthetic_dcgan/Viral_Pneumonia/images/dcgan_Viral_Pneumonia_00356.png,Viral_Pneumonia,2,stage1_synthesis,DCGAN
data/processed/synthetic_dcgan/Viral_Pneumonia/images/dcgan_Viral_Pneumonia_00357.png,Viral_Pneumonia,2,stage1_synthesis,DCGAN
data/processed/synthetic_dcgan/Viral_Pneumonia/images/dcgan_Viral_Pneumonia_00358.png,Viral_Pneumonia,2,stage1_synthesis,DCGAN
data/processed/synthetic_dcgan/Viral_Pneumonia/images/dcgan_Viral_Pneumonia_00359.png,Viral_Pneumonia,2,stage1_synthesis,DCGAN
data/processed/synthetic_dcgan/Viral_Pneumonia/images/dcgan_Viral_Pneumonia_00360.png,Viral_Pneumonia,2,stage1_synthesis,DCGAN
data/processed/synthetic_dcgan/Viral_Pneumonia/images/dcgan_Viral_Pneumonia_00361.png,Viral_Pneumonia,2,stage1_synthesis,DCGAN
data/processed/synthetic_dcgan/Viral_Pneumonia/images/dcgan_Viral_Pneumonia_00362.png,Viral_Pneumonia,2,stage1_synthesis,DCGAN
data/processed/synthetic_dcgan/Viral_Pneumonia/images/dcgan_Viral_Pneumonia_00363.png,Viral_Pneumonia,2,stage1_synthesis,DCGAN
data/processed/synthetic_dcgan/Viral_Pneumonia/images/dcgan_Viral_Pneumonia_00364.png,Viral_Pneumonia,2,stage1_synthesis,DCGAN
data/processed/synthetic_dcgan/Viral_Pneumonia/images/dcgan_Viral_Pneumonia_00365.png,Viral_Pneumonia,2,stage1_synthesis,DCGAN
data/processed/synthetic_dcgan/Viral_Pneumonia/images/dcgan_Viral_Pneumonia_00366.png,Viral_Pneumonia,2,stage1_synthesis,DCGAN
data/processed/synthetic_dcgan/Viral_Pneumonia/images/dcgan_Viral_Pneumonia_00367.png,Viral_Pneumonia,2,stage1_synthesis,DCGAN
data/processed/synthetic_dcgan/Viral_Pneumonia/images/dcgan_Viral_Pneumonia_00368.png,Viral_Pneumonia,2,stage1_synthesis,DCGAN
data/processed/synthetic_dcgan/Viral_Pneumonia/images/dcgan_Viral_Pneumonia_00369.png,Viral_Pneumonia,2,stage1_synthesis,DCGAN
data/processed/synthetic_dcgan/Viral_Pneumonia/images/dcgan_Viral_Pneumonia_00370.png,Viral_Pneumonia,2,stage1_synthesis,DCGAN
data/processed/synthetic_dcgan/Viral_Pneumonia/images/dcgan_Viral_Pneumonia_00371.png,Viral_Pneumonia,2,stage1_synthesis,DCGAN
data/processed/synthetic_dcgan/Viral_Pneumonia/images/dcgan_Viral_Pneumonia_00372.png,Viral_Pneumonia,2,stage1_synthesis,DCGAN
data/processed/synthetic_dcgan/Viral_Pneumonia/images/dcgan_Viral_Pneumonia_00373.png,Viral_Pneumonia,2,stage1_synthesis,DCGAN
data/processed/synthetic_dcgan/Viral_Pneumonia/images/dcgan_Viral_Pneumonia_00374.png,Viral_Pneumonia,2,stage1_synthesis,DCGAN
data/processed/synthetic_dcgan/Viral_Pneumonia/images/dcgan_Viral_Pneumonia_00375.png,Viral_Pneumonia,2,stage1_synthesis,DCGAN
data/processed/synthetic_dcgan/Viral_Pneumonia/images/dcgan_Viral_Pneumonia_00376.png,Viral_Pneumonia,2,stage1_synthesis,DCGAN
data/processed/synthetic_dcgan/Viral_Pneumonia/images/dcgan_Viral_Pneumonia_00377.png,Viral_Pneumonia,2,stage1_synthesis,DCGAN
data/processed/synthetic_dcgan/Viral_Pneumonia/images/dcgan_Viral_Pneumonia_00378.png,Viral_Pneumonia,2,stage1_synthesis,DCGAN
data/processed/synthetic_dcgan/Viral_Pneumonia/images/dcgan_Viral_Pneumonia_00379.png,Viral_Pneumonia,2,stage1_synthesis,DCGAN
data/processed/synthetic_dcgan/Viral_Pneumonia/images/dcgan_Viral_Pneumonia_00380.png,Viral_Pneumonia,2,stage1_synthesis,DCGAN
data/processed/synthetic_dcgan/Viral_Pneumonia/images/dcgan_Viral_Pneumonia_00381.png,Viral_Pneumonia,2,stage1_synthesis,DCGAN
data/processed/synthetic_dcgan/Viral_Pneumonia/images/dcgan_Viral_Pneumonia_00382.png,Viral_Pneumonia,2,stage1_synthesis,DCGAN
data/processed/synthetic_dcgan/Viral_Pneumonia/images/dcgan_Viral_Pneumonia_00383.png,Viral_Pneumonia,2,stage1_synthesis,DCGAN
data/processed/synthetic_dcgan/Viral_Pneumonia/images/dcgan_Viral_Pneumonia_00384.png,Viral_Pneumonia,2,stage1_synthesis,DCGAN
data/processed/synthetic_dcgan/Viral_Pneumonia/images/dcgan_Viral_Pneumonia_00385.png,Viral_Pneumonia,2,stage1_synthesis,DCGAN
data/processed/synthetic_dcgan/Viral_Pneumonia/images/dcgan_Viral_Pneumonia_00386.png,Viral_Pneumonia,2,stage1_synthesis,DCGAN
data/processed/synthetic_dcgan/Viral_Pneumonia/images/dcgan_Viral_Pneumonia_00387.png,Viral_Pneumonia,2,stage1_synthesis,DCGAN
data/processed/synthetic_dcgan/Viral_Pneumonia/images/dcgan_Viral_Pneumonia_00388.png,Viral_Pneumonia,2,stage1_synthesis,DCGAN
data/processed/synthetic_dcgan/Viral_Pneumonia/images/dcgan_Viral_Pneumonia_00389.png,Viral_Pneumonia,2,stage1_synthesis,DCGAN
data/processed/synthetic_dcgan/Viral_Pneumonia/images/dcgan_Viral_Pneumonia_00390.png,Viral_Pneumonia,2,stage1_synthesis,DCGAN
data/processed/synthetic_dcgan/Viral_Pneumonia/images/dcgan_Viral_Pneumonia_00391.png,Viral_Pneumonia,2,stage1_synthesis,DCGAN
data/processed/synthetic_dcgan/Viral_Pneumonia/images/dcgan_Viral_Pneumonia_00392.png,Viral_Pneumonia,2,stage1_synthesis,DCGAN
data/processed/synthetic_dcgan/Viral_Pneumonia/images/dcgan_Viral_Pneumonia_00393.png,Viral_Pneumonia,2,stage1_synthesis,DCGAN
data/processed/synthetic_dcgan/Viral_Pneumonia/images/dcgan_Viral_Pneumonia_00394.png,Viral_Pneumonia,2,stage1_synthesis,DCGAN
data/processed/synthetic_dcgan/Viral_Pneumonia/images/dcgan_Viral_Pneumonia_00395.png,Viral_Pneumonia,2,stage1_synthesis,DCGAN
data/processed/synthetic_dcgan/Viral_Pneumonia/images/dcgan_Viral_Pneumonia_00396.png,Viral_Pneumonia,2,stage1_synthesis,DCGAN
data/processed/synthetic_dcgan/Viral_Pneumonia/images/dcgan_Viral_Pneumonia_00397.png,Viral_Pneumonia,2,stage1_synthesis,DCGAN
data/processed/synthetic_dcgan/Viral_Pneumonia/images/dcgan_Viral_Pneumonia_00398.png,Viral_Pneumonia,2,stage1_synthesis,DCGAN
data/processed/synthetic_dcgan/Viral_Pneumonia/images/dcgan_Viral_Pneumonia_00399.png,Viral_Pneumonia,2,stage1_synthesis,DCGAN
data/processed/synthetic_dcgan/Viral_Pneumonia/images/dcgan_Viral_Pneumonia_00400.png,Viral_Pneumonia,2,stage1_synthesis,DCGAN
data/processed/synthetic_dcgan/Viral_Pneumonia/images/dcgan_Viral_Pneumonia_00401.png,Viral_Pneumonia,2,stage1_synthesis,DCGAN
data/processed/synthetic_dcgan/Viral_Pneumonia/images/dcgan_Viral_Pneumonia_00402.png,Viral_Pneumonia,2,stage1_synthesis,DCGAN
data/processed/synthetic_dcgan/Viral_Pneumonia/images/dcgan_Viral_Pneumonia_00403.png,Viral_Pneumonia,2,stage1_synthesis,DCGAN
data/processed/synthetic_dcgan/Viral_Pneumonia/images/dcgan_Viral_Pneumonia_00404.png,Viral_Pneumonia,2,stage1_synthesis,DCGAN
data/processed/synthetic_dcgan/Viral_Pneumonia/images/dcgan_Viral_Pneumonia_00405.png,Viral_Pneumonia,2,stage1_synthesis,DCGAN
data/processed/synthetic_dcgan/Viral_Pneumonia/images/dcgan_Viral_Pneumonia_00406.png,Viral_Pneumonia,2,stage1_synthesis,DCGAN
data/processed/synthetic_dcgan/Viral_Pneumonia/images/dcgan_Viral_Pneumonia_00407.png,Viral_Pneumonia,2,stage1_synthesis,DCGAN
data/processed/synthetic_dcgan/Viral_Pneumonia/images/dcgan_Viral_Pneumonia_00408.png,Viral_Pneumonia,2,stage1_synthesis,DCGAN
data/processed/synthetic_dcgan/Viral_Pneumonia/images/dcgan_Viral_Pneumonia_00409.png,Viral_Pneumonia,2,stage1_synthesis,DCGAN
data/processed/synthetic_dcgan/Viral_Pneumonia/images/dcgan_Viral_Pneumonia_00410.png,Viral_Pneumonia,2,stage1_synthesis,DCGAN
data/processed/synthetic_dcgan/Viral_Pneumonia/images/dcgan_Viral_Pneumonia_00411.png,Viral_Pneumonia,2,stage1_synthesis,DCGAN
data/processed/synthetic_dcgan/Viral_Pneumonia/images/dcgan_Viral_Pneumonia_00412.png,Viral_Pneumonia,2,stage1_synthesis,DCGAN
data/processed/synthetic_dcgan/Viral_Pneumonia/images/dcgan_Viral_Pneumonia_00413.png,Viral_Pneumonia,2,stage1_synthesis,DCGAN
data/processed/synthetic_dcgan/Viral_Pneumonia/images/dcgan_Viral_Pneumonia_00414.png,Viral_Pneumonia,2,stage1_synthesis,DCGAN
data/processed/synthetic_dcgan/Viral_Pneumonia/images/dcgan_Viral_Pneumonia_00415.png,Viral_Pneumonia,2,stage1_synthesis,DCGAN
data/processed/synthetic_dcgan/Viral_Pneumonia/images/dcgan_Viral_Pneumonia_00416.png,Viral_Pneumonia,2,stage1_synthesis,DCGAN
data/processed/synthetic_dcgan/Viral_Pneumonia/images/dcgan_Viral_Pneumonia_00417.png,Viral_Pneumonia,2,stage1_synthesis,DCGAN
data/processed/synthetic_dcgan/Viral_Pneumonia/images/dcgan_Viral_Pneumonia_00418.png,Viral_Pneumonia,2,stage1_synthesis,DCGAN
data/processed/synthetic_dcgan/Viral_Pneumonia/images/dcgan_Viral_Pneumonia_00419.png,Viral_Pneumonia,2,stage1_synthesis,DCGAN
data/processed/synthetic_dcgan/Viral_Pneumonia/images/dcgan_Viral_Pneumonia_00420.png,Viral_Pneumonia,2,stage1_synthesis,DCGAN
data/processed/synthetic_dcgan/Viral_Pneumonia/images/dcgan_Viral_Pneumonia_00421.png,Viral_Pneumonia,2,stage1_synthesis,DCGAN
data/processed/synthetic_dcgan/Viral_Pneumonia/images/dcgan_Viral_Pneumonia_00422.png,Viral_Pneumonia,2,stage1_synthesis,DCGAN
data/processed/synthetic_dcgan/Viral_Pneumonia/images/dcgan_Viral_Pneumonia_00423.png,Viral_Pneumonia,2,stage1_synthesis,DCGAN
data/processed/synthetic_dcgan/Viral_Pneumonia/images/dcgan_Viral_Pneumonia_00424.png,Viral_Pneumonia,2,stage1_synthesis,DCGAN
data/processed/synthetic_dcgan/Viral_Pneumonia/images/dcgan_Viral_Pneumonia_00425.png,Viral_Pneumonia,2,stage1_synthesis,DCGAN
data/processed/synthetic_dcgan/Viral_Pneumonia/images/dcgan_Viral_Pneumonia_00426.png,Viral_Pneumonia,2,stage1_synthesis,DCGAN
data/processed/synthetic_dcgan/Viral_Pneumonia/images/dcgan_Viral_Pneumonia_00427.png,Viral_Pneumonia,2,stage1_synthesis,DCGAN
data/processed/synthetic_dcgan/Viral_Pneumonia/images/dcgan_Viral_Pneumonia_00428.png,Viral_Pneumonia,2,stage1_synthesis,DCGAN
data/processed/synthetic_dcgan/Viral_Pneumonia/images/dcgan_Viral_Pneumonia_00429.png,Viral_Pneumonia,2,stage1_synthesis,DCGAN
data/processed/synthetic_dcgan/Viral_Pneumonia/images/dcgan_Viral_Pneumonia_00430.png,Viral_Pneumonia,2,stage1_synthesis,DCGAN
data/processed/synthetic_dcgan/Viral_Pneumonia/images/dcgan_Viral_Pneumonia_00431.png,Viral_Pneumonia,2,stage1_synthesis,DCGAN
data/processed/synthetic_dcgan/Viral_Pneumonia/images/dcgan_Viral_Pneumonia_00432.png,Viral_Pneumonia,2,stage1_synthesis,DCGAN
data/processed/synthetic_dcgan/Viral_Pneumonia/images/dcgan_Viral_Pneumonia_00433.png,Viral_Pneumonia,2,stage1_synthesis,DCGAN
data/processed/synthetic_dcgan/Viral_Pneumonia/images/dcgan_Viral_Pneumonia_00434.png,Viral_Pneumonia,2,stage1_synthesis,DCGAN
data/processed/synthetic_dcgan/Viral_Pneumonia/images/dcgan_Viral_Pneumonia_00435.png,Viral_Pneumonia,2,stage1_synthesis,DCGAN
data/processed/synthetic_dcgan/Viral_Pneumonia/images/dcgan_Viral_Pneumonia_00436.png,Viral_Pneumonia,2,stage1_synthesis,DCGAN
data/processed/synthetic_dcgan/Viral_Pneumonia/images/dcgan_Viral_Pneumonia_00437.png,Viral_Pneumonia,2,stage1_synthesis,DCGAN
data/processed/synthetic_dcgan/Viral_Pneumonia/images/dcgan_Viral_Pneumonia_00438.png,Viral_Pneumonia,2,stage1_synthesis,DCGAN
data/processed/synthetic_dcgan/Viral_Pneumonia/images/dcgan_Viral_Pneumonia_00439.png,Viral_Pneumonia,2,stage1_synthesis,DCGAN
data/processed/synthetic_dcgan/Viral_Pneumonia/images/dcgan_Viral_Pneumonia_00440.png,Viral_Pneumonia,2,stage1_synthesis,DCGAN
data/processed/synthetic_dcgan/Viral_Pneumonia/images/dcgan_Viral_Pneumonia_00441.png,Viral_Pneumonia,2,stage1_synthesis,DCGAN
data/processed/synthetic_dcgan/Viral_Pneumonia/images/dcgan_Viral_Pneumonia_00442.png,Viral_Pneumonia,2,stage1_synthesis,DCGAN
data/processed/synthetic_dcgan/Viral_Pneumonia/images/dcgan_Viral_Pneumonia_00443.png,Viral_Pneumonia,2,stage1_synthesis,DCGAN
data/processed/synthetic_dcgan/Viral_Pneumonia/images/dcgan_Viral_Pneumonia_00444.png,Viral_Pneumonia,2,stage1_synthesis,DCGAN
data/processed/synthetic_dcgan/Viral_Pneumonia/images/dcgan_Viral_Pneumonia_00445.png,Viral_Pneumonia,2,stage1_synthesis,DCGAN
data/processed/synthetic_dcgan/Viral_Pneumonia/images/dcgan_Viral_Pneumonia_00446.png,Viral_Pneumonia,2,stage1_synthesis,DCGAN
data/processed/synthetic_dcgan/Viral_Pneumonia/images/dcgan_Viral_Pneumonia_00447.png,Viral_Pneumonia,2,stage1_synthesis,DCGAN
data/processed/synthetic_dcgan/Viral_Pneumonia/images/dcgan_Viral_Pneumonia_00448.png,Viral_Pneumonia,2,stage1_synthesis,DCGAN
data/processed/synthetic_dcgan/Viral_Pneumonia/images/dcgan_Viral_Pneumonia_00449.png,Viral_Pneumonia,2,stage1_synthesis,DCGAN
data/processed/synthetic_dcgan/Viral_Pneumonia/images/dcgan_Viral_Pneumonia_00450.png,Viral_Pneumonia,2,stage1_synthesis,DCGAN
data/processed/synthetic_dcgan/Viral_Pneumonia/images/dcgan_Viral_Pneumonia_00451.png,Viral_Pneumonia,2,stage1_synthesis,DCGAN
data/processed/synthetic_dcgan/Viral_Pneumonia/images/dcgan_Viral_Pneumonia_00452.png,Viral_Pneumonia,2,stage1_synthesis,DCGAN
data/processed/synthetic_dcgan/Viral_Pneumonia/images/dcgan_Viral_Pneumonia_00453.png,Viral_Pneumonia,2,stage1_synthesis,DCGAN
data/processed/synthetic_dcgan/Viral_Pneumonia/images/dcgan_Viral_Pneumonia_00454.png,Viral_Pneumonia,2,stage1_synthesis,DCGAN
data/processed/synthetic_dcgan/Viral_Pneumonia/images/dcgan_Viral_Pneumonia_00455.png,Viral_Pneumonia,2,stage1_synthesis,DCGAN
data/processed/synthetic_dcgan/Viral_Pneumonia/images/dcgan_Viral_Pneumonia_00456.png,Viral_Pneumonia,2,stage1_synthesis,DCGAN
data/processed/synthetic_dcgan/Viral_Pneumonia/images/dcgan_Viral_Pneumonia_00457.png,Viral_Pneumonia,2,stage1_synthesis,DCGAN
data/processed/synthetic_dcgan/Viral_Pneumonia/images/dcgan_Viral_Pneumonia_00458.png,Viral_Pneumonia,2,stage1_synthesis,DCGAN
data/processed/synthetic_dcgan/Viral_Pneumonia/images/dcgan_Viral_Pneumonia_00459.png,Viral_Pneumonia,2,stage1_synthesis,DCGAN
data/processed/synthetic_dcgan/Viral_Pneumonia/images/dcgan_Viral_Pneumonia_00460.png,Viral_Pneumonia,2,stage1_synthesis,DCGAN
data/processed/synthetic_dcgan/Viral_Pneumonia/images/dcgan_Viral_Pneumonia_00461.png,Viral_Pneumonia,2,stage1_synthesis,DCGAN
data/processed/synthetic_dcgan/Viral_Pneumonia/images/dcgan_Viral_Pneumonia_00462.png,Viral_Pneumonia,2,stage1_synthesis,DCGAN
data/processed/synthetic_dcgan/Viral_Pneumonia/images/dcgan_Viral_Pneumonia_00463.png,Viral_Pneumonia,2,stage1_synthesis,DCGAN
data/processed/synthetic_dcgan/Viral_Pneumonia/images/dcgan_Viral_Pneumonia_00464.png,Viral_Pneumonia,2,stage1_synthesis,DCGAN
data/processed/synthetic_dcgan/Viral_Pneumonia/images/dcgan_Viral_Pneumonia_00465.png,Viral_Pneumonia,2,stage1_synthesis,DCGAN
data/processed/synthetic_dcgan/Viral_Pneumonia/images/dcgan_Viral_Pneumonia_00466.png,Viral_Pneumonia,2,stage1_synthesis,DCGAN
data/processed/synthetic_dcgan/Viral_Pneumonia/images/dcgan_Viral_Pneumonia_00467.png,Viral_Pneumonia,2,stage1_synthesis,DCGAN
data/processed/synthetic_dcgan/Viral_Pneumonia/images/dcgan_Viral_Pneumonia_00468.png,Viral_Pneumonia,2,stage1_synthesis,DCGAN
data/processed/synthetic_dcgan/Viral_Pneumonia/images/dcgan_Viral_Pneumonia_00469.png,Viral_Pneumonia,2,stage1_synthesis,DCGAN
data/processed/synthetic_dcgan/Viral_Pneumonia/images/dcgan_Viral_Pneumonia_00470.png,Viral_Pneumonia,2,stage1_synthesis,DCGAN
data/processed/synthetic_dcgan/Viral_Pneumonia/images/dcgan_Viral_Pneumonia_00471.png,Viral_Pneumonia,2,stage1_synthesis,DCGAN
data/processed/synthetic_dcgan/Viral_Pneumonia/images/dcgan_Viral_Pneumonia_00472.png,Viral_Pneumonia,2,stage1_synthesis,DCGAN
data/processed/synthetic_dcgan/Viral_Pneumonia/images/dcgan_Viral_Pneumonia_00473.png,Viral_Pneumonia,2,stage1_synthesis,DCGAN
data/processed/synthetic_dcgan/Viral_Pneumonia/images/dcgan_Viral_Pneumonia_00474.png,Viral_Pneumonia,2,stage1_synthesis,DCGAN
data/processed/synthetic_dcgan/Viral_Pneumonia/images/dcgan_Viral_Pneumonia_00475.png,Viral_Pneumonia,2,stage1_synthesis,DCGAN
data/processed/synthetic_dcgan/Viral_Pneumonia/images/dcgan_Viral_Pneumonia_00476.png,Viral_Pneumonia,2,stage1_synthesis,DCGAN
data/processed/synthetic_dcgan/Viral_Pneumonia/images/dcgan_Viral_Pneumonia_00477.png,Viral_Pneumonia,2,stage1_synthesis,DCGAN
data/processed/synthetic_dcgan/Viral_Pneumonia/images/dcgan_Viral_Pneumonia_00478.png,Viral_Pneumonia,2,stage1_synthesis,DCGAN
data/processed/synthetic_dcgan/Viral_Pneumonia/images/dcgan_Viral_Pneumonia_00479.png,Viral_Pneumonia,2,stage1_synthesis,DCGAN
data/processed/synthetic_dcgan/Viral_Pneumonia/images/dcgan_Viral_Pneumonia_00480.png,Viral_Pneumonia,2,stage1_synthesis,DCGAN
data/processed/synthetic_dcgan/Viral_Pneumonia/images/dcgan_Viral_Pneumonia_00481.png,Viral_Pneumonia,2,stage1_synthesis,DCGAN
data/processed/synthetic_dcgan/Viral_Pneumonia/images/dcgan_Viral_Pneumonia_00482.png,Viral_Pneumonia,2,stage1_synthesis,DCGAN
data/processed/synthetic_dcgan/Viral_Pneumonia/images/dcgan_Viral_Pneumonia_00483.png,Viral_Pneumonia,2,stage1_synthesis,DCGAN
data/processed/synthetic_dcgan/Viral_Pneumonia/images/dcgan_Viral_Pneumonia_00484.png,Viral_Pneumonia,2,stage1_synthesis,DCGAN
data/processed/synthetic_dcgan/Viral_Pneumonia/images/dcgan_Viral_Pneumonia_00485.png,Viral_Pneumonia,2,stage1_synthesis,DCGAN
data/processed/synthetic_dcgan/Viral_Pneumonia/images/dcgan_Viral_Pneumonia_00486.png,Viral_Pneumonia,2,stage1_synthesis,DCGAN
data/processed/synthetic_dcgan/Viral_Pneumonia/images/dcgan_Viral_Pneumonia_00487.png,Viral_Pneumonia,2,stage1_synthesis,DCGAN
data/processed/synthetic_dcgan/Viral_Pneumonia/images/dcgan_Viral_Pneumonia_00488.png,Viral_Pneumonia,2,stage1_synthesis,DCGAN
data/processed/synthetic_dcgan/Viral_Pneumonia/images/dcgan_Viral_Pneumonia_00489.png,Viral_Pneumonia,2,stage1_synthesis,DCGAN
data/processed/synthetic_dcgan/Viral_Pneumonia/images/dcgan_Viral_Pneumonia_00490.png,Viral_Pneumonia,2,stage1_synthesis,DCGAN
data/processed/synthetic_dcgan/Viral_Pneumonia/images/dcgan_Viral_Pneumonia_00491.png,Viral_Pneumonia,2,stage1_synthesis,DCGAN
data/processed/synthetic_dcgan/Viral_Pneumonia/images/dcgan_Viral_Pneumonia_00492.png,Viral_Pneumonia,2,stage1_synthesis,DCGAN
data/processed/synthetic_dcgan/Viral_Pneumonia/images/dcgan_Viral_Pneumonia_00493.png,Viral_Pneumonia,2,stage1_synthesis,DCGAN
data/processed/synthetic_dcgan/Viral_Pneumonia/images/dcgan_Viral_Pneumonia_00494.png,Viral_Pneumonia,2,stage1_synthesis,DCGAN
data/processed/synthetic_dcgan/Viral_Pneumonia/images/dcgan_Viral_Pneumonia_00495.png,Viral_Pneumonia,2,stage1_synthesis,DCGAN
data/processed/synthetic_dcgan/Viral_Pneumonia/images/dcgan_Viral_Pneumonia_00496.png,Viral_Pneumonia,2,stage1_synthesis,DCGAN
data/processed/synthetic_dcgan/Viral_Pneumonia/images/dcgan_Viral_Pneumonia_00497.png,Viral_Pneumonia,2,stage1_synthesis,DCGAN
data/processed/synthetic_dcgan/Viral_Pneumonia/images/dcgan_Viral_Pneumonia_00498.png,Viral_Pneumonia,2,stage1_synthesis,DCGAN
data/processed/synthetic_dcgan/Viral_Pneumonia/images/dcgan_Viral_Pneumonia_00499.png,Viral_Pneumonia,2,stage1_synthesis,DCGAN
data/processed/synthetic_dcgan/Viral_Pneumonia/images/dcgan_Viral_Pneumonia_00500.png,Viral_Pneumonia,2,stage1_synthesis,DCGAN
data/processed/synthetic_dcgan/Viral_Pneumonia/images/dcgan_Viral_Pneumonia_00501.png,Viral_Pneumonia,2,stage1_synthesis,DCGAN
data/processed/synthetic_dcgan/Viral_Pneumonia/images/dcgan_Viral_Pneumonia_00502.png,Viral_Pneumonia,2,stage1_synthesis,DCGAN
data/processed/synthetic_dcgan/Viral_Pneumonia/images/dcgan_Viral_Pneumonia_00503.png,Viral_Pneumonia,2,stage1_synthesis,DCGAN
data/processed/synthetic_dcgan/Viral_Pneumonia/images/dcgan_Viral_Pneumonia_00504.png,Viral_Pneumonia,2,stage1_synthesis,DCGAN
data/processed/synthetic_dcgan/Viral_Pneumonia/images/dcgan_Viral_Pneumonia_00505.png,Viral_Pneumonia,2,stage1_synthesis,DCGAN
data/processed/synthetic_dcgan/Viral_Pneumonia/images/dcgan_Viral_Pneumonia_00506.png,Viral_Pneumonia,2,stage1_synthesis,DCGAN
data/processed/synthetic_dcgan/Viral_Pneumonia/images/dcgan_Viral_Pneumonia_00507.png,Viral_Pneumonia,2,stage1_synthesis,DCGAN
data/processed/synthetic_dcgan/Viral_Pneumonia/images/dcgan_Viral_Pneumonia_00508.png,Viral_Pneumonia,2,stage1_synthesis,DCGAN
data/processed/synthetic_dcgan/Viral_Pneumonia/images/dcgan_Viral_Pneumonia_00509.png,Viral_Pneumonia,2,stage1_synthesis,DCGAN
data/processed/synthetic_dcgan/Viral_Pneumonia/images/dcgan_Viral_Pneumonia_00510.png,Viral_Pneumonia,2,stage1_synthesis,DCGAN
data/processed/synthetic_dcgan/Viral_Pneumonia/images/dcgan_Viral_Pneumonia_00511.png,Viral_Pneumonia,2,stage1_synthesis,DCGAN
data/processed/synthetic_dcgan/Viral_Pneumonia/images/dcgan_Viral_Pneumonia_00512.png,Viral_Pneumonia,2,stage1_synthesis,DCGAN
data/processed/synthetic_dcgan/Viral_Pneumonia/images/dcgan_Viral_Pneumonia_00513.png,Viral_Pneumonia,2,stage1_synthesis,DCGAN
data/processed/synthetic_dcgan/Viral_Pneumonia/images/dcgan_Viral_Pneumonia_00514.png,Viral_Pneumonia,2,stage1_synthesis,DCGAN
data/processed/synthetic_dcgan/Viral_Pneumonia/images/dcgan_Viral_Pneumonia_00515.png,Viral_Pneumonia,2,stage1_synthesis,DCGAN
data/processed/synthetic_dcgan/Viral_Pneumonia/images/dcgan_Viral_Pneumonia_00516.png,Viral_Pneumonia,2,stage1_synthesis,DCGAN
data/processed/synthetic_dcgan/Viral_Pneumonia/images/dcgan_Viral_Pneumonia_00517.png,Viral_Pneumonia,2,stage1_synthesis,DCGAN
data/processed/synthetic_dcgan/Viral_Pneumonia/images/dcgan_Viral_Pneumonia_00518.png,Viral_Pneumonia,2,stage1_synthesis,DCGAN
data/processed/synthetic_dcgan/Viral_Pneumonia/images/dcgan_Viral_Pneumonia_00519.png,Viral_Pneumonia,2,stage1_synthesis,DCGAN
data/processed/synthetic_dcgan/Viral_Pneumonia/images/dcgan_Viral_Pneumonia_00520.png,Viral_Pneumonia,2,stage1_synthesis,DCGAN
data/processed/synthetic_dcgan/Viral_Pneumonia/images/dcgan_Viral_Pneumonia_00521.png,Viral_Pneumonia,2,stage1_synthesis,DCGAN
data/processed/synthetic_dcgan/Viral_Pneumonia/images/dcgan_Viral_Pneumonia_00522.png,Viral_Pneumonia,2,stage1_synthesis,DCGAN
data/processed/synthetic_dcgan/Viral_Pneumonia/images/dcgan_Viral_Pneumonia_00523.png,Viral_Pneumonia,2,stage1_synthesis,DCGAN
data/processed/synthetic_dcgan/Viral_Pneumonia/images/dcgan_Viral_Pneumonia_00524.png,Viral_Pneumonia,2,stage1_synthesis,DCGAN
data/processed/synthetic_dcgan/Viral_Pneumonia/images/dcgan_Viral_Pneumonia_00525.png,Viral_Pneumonia,2,stage1_synthesis,DCGAN
data/processed/synthetic_dcgan/Viral_Pneumonia/images/dcgan_Viral_Pneumonia_00526.png,Viral_Pneumonia,2,stage1_synthesis,DCGAN
data/processed/synthetic_dcgan/Viral_Pneumonia/images/dcgan_Viral_Pneumonia_00527.png,Viral_Pneumonia,2,stage1_synthesis,DCGAN
data/processed/synthetic_dcgan/Viral_Pneumonia/images/dcgan_Viral_Pneumonia_00528.png,Viral_Pneumonia,2,stage1_synthesis,DCGAN
data/processed/synthetic_dcgan/Viral_Pneumonia/images/dcgan_Viral_Pneumonia_00529.png,Viral_Pneumonia,2,stage1_synthesis,DCGAN
data/processed/synthetic_dcgan/Viral_Pneumonia/images/dcgan_Viral_Pneumonia_00530.png,Viral_Pneumonia,2,stage1_synthesis,DCGAN
data/processed/synthetic_dcgan/Viral_Pneumonia/images/dcgan_Viral_Pneumonia_00531.png,Viral_Pneumonia,2,stage1_synthesis,DCGAN
data/processed/synthetic_dcgan/Viral_Pneumonia/images/dcgan_Viral_Pneumonia_00532.png,Viral_Pneumonia,2,stage1_synthesis,DCGAN
data/processed/synthetic_dcgan/Viral_Pneumonia/images/dcgan_Viral_Pneumonia_00533.png,Viral_Pneumonia,2,stage1_synthesis,DCGAN
data/processed/synthetic_dcgan/Viral_Pneumonia/images/dcgan_Viral_Pneumonia_00534.png,Viral_Pneumonia,2,stage1_synthesis,DCGAN
data/processed/synthetic_dcgan/Viral_Pneumonia/images/dcgan_Viral_Pneumonia_00535.png,Viral_Pneumonia,2,stage1_synthesis,DCGAN
data/processed/synthetic_dcgan/Viral_Pneumonia/images/dcgan_Viral_Pneumonia_00536.png,Viral_Pneumonia,2,stage1_synthesis,DCGAN
data/processed/synthetic_dcgan/Viral_Pneumonia/images/dcgan_Viral_Pneumonia_00537.png,Viral_Pneumonia,2,stage1_synthesis,DCGAN
data/processed/synthetic_dcgan/Viral_Pneumonia/images/dcgan_Viral_Pneumonia_00538.png,Viral_Pneumonia,2,stage1_synthesis,DCGAN
data/processed/synthetic_dcgan/Viral_Pneumonia/images/dcgan_Viral_Pneumonia_00539.png,Viral_Pneumonia,2,stage1_synthesis,DCGAN
data/processed/synthetic_dcgan/Viral_Pneumonia/images/dcgan_Viral_Pneumonia_00540.png,Viral_Pneumonia,2,stage1_synthesis,DCGAN
data/processed/synthetic_dcgan/Viral_Pneumonia/images/dcgan_Viral_Pneumonia_00541.png,Viral_Pneumonia,2,stage1_synthesis,DCGAN
data/processed/synthetic_dcgan/Viral_Pneumonia/images/dcgan_Viral_Pneumonia_00542.png,Viral_Pneumonia,2,stage1_synthesis,DCGAN
data/processed/synthetic_dcgan/Viral_Pneumonia/images/dcgan_Viral_Pneumonia_00543.png,Viral_Pneumonia,2,stage1_synthesis,DCGAN
data/processed/synthetic_dcgan/Viral_Pneumonia/images/dcgan_Viral_Pneumonia_00544.png,Viral_Pneumonia,2,stage1_synthesis,DCGAN
data/processed/synthetic_dcgan/Viral_Pneumonia/images/dcgan_Viral_Pneumonia_00545.png,Viral_Pneumonia,2,stage1_synthesis,DCGAN
data/processed/synthetic_dcgan/Viral_Pneumonia/images/dcgan_Viral_Pneumonia_00546.png,Viral_Pneumonia,2,stage1_synthesis,DCGAN
data/processed/synthetic_dcgan/Viral_Pneumonia/images/dcgan_Viral_Pneumonia_00547.png,Viral_Pneumonia,2,stage1_synthesis,DCGAN
data/processed/synthetic_dcgan/Viral_Pneumonia/images/dcgan_Viral_Pneumonia_00548.png,Viral_Pneumonia,2,stage1_synthesis,DCGAN
data/processed/synthetic_dcgan/Viral_Pneumonia/images/dcgan_Viral_Pneumonia_00549.png,Viral_Pneumonia,2,stage1_synthesis,DCGAN
data/processed/synthetic_dcgan/Viral_Pneumonia/images/dcgan_Viral_Pneumonia_00550.png,Viral_Pneumonia,2,stage1_synthesis,DCGAN
data/processed/synthetic_dcgan/Viral_Pneumonia/images/dcgan_Viral_Pneumonia_00551.png,Viral_Pneumonia,2,stage1_synthesis,DCGAN
data/processed/synthetic_dcgan/Viral_Pneumonia/images/dcgan_Viral_Pneumonia_00552.png,Viral_Pneumonia,2,stage1_synthesis,DCGAN
data/processed/synthetic_dcgan/Viral_Pneumonia/images/dcgan_Viral_Pneumonia_00553.png,Viral_Pneumonia,2,stage1_synthesis,DCGAN
data/processed/synthetic_dcgan/Viral_Pneumonia/images/dcgan_Viral_Pneumonia_00554.png,Viral_Pneumonia,2,stage1_synthesis,DCGAN
data/processed/synthetic_dcgan/Viral_Pneumonia/images/dcgan_Viral_Pneumonia_00555.png,Viral_Pneumonia,2,stage1_synthesis,DCGAN
data/processed/synthetic_dcgan/Viral_Pneumonia/images/dcgan_Viral_Pneumonia_00556.png,Viral_Pneumonia,2,stage1_synthesis,DCGAN
data/processed/synthetic_dcgan/Viral_Pneumonia/images/dcgan_Viral_Pneumonia_00557.png,Viral_Pneumonia,2,stage1_synthesis,DCGAN
data/processed/synthetic_dcgan/Viral_Pneumonia/images/dcgan_Viral_Pneumonia_00558.png,Viral_Pneumonia,2,stage1_synthesis,DCGAN
data/processed/synthetic_dcgan/Viral_Pneumonia/images/dcgan_Viral_Pneumonia_00559.png,Viral_Pneumonia,2,stage1_synthesis,DCGAN
data/processed/synthetic_dcgan/Viral_Pneumonia/images/dcgan_Viral_Pneumonia_00560.png,Viral_Pneumonia,2,stage1_synthesis,DCGAN
data/processed/synthetic_dcgan/Viral_Pneumonia/images/dcgan_Viral_Pneumonia_00561.png,Viral_Pneumonia,2,stage1_synthesis,DCGAN
data/processed/synthetic_dcgan/Viral_Pneumonia/images/dcgan_Viral_Pneumonia_00562.png,Viral_Pneumonia,2,stage1_synthesis,DCGAN
data/processed/synthetic_dcgan/Viral_Pneumonia/images/dcgan_Viral_Pneumonia_00563.png,Viral_Pneumonia,2,stage1_synthesis,DCGAN
data/processed/synthetic_dcgan/Viral_Pneumonia/images/dcgan_Viral_Pneumonia_00564.png,Viral_Pneumonia,2,stage1_synthesis,DCGAN
data/processed/synthetic_dcgan/Viral_Pneumonia/images/dcgan_Viral_Pneumonia_00565.png,Viral_Pneumonia,2,stage1_synthesis,DCGAN
data/processed/synthetic_dcgan/Viral_Pneumonia/images/dcgan_Viral_Pneumonia_00566.png,Viral_Pneumonia,2,stage1_synthesis,DCGAN
data/processed/synthetic_dcgan/Viral_Pneumonia/images/dcgan_Viral_Pneumonia_00567.png,Viral_Pneumonia,2,stage1_synthesis,DCGAN
data/processed/synthetic_dcgan/Viral_Pneumonia/images/dcgan_Viral_Pneumonia_00568.png,Viral_Pneumonia,2,stage1_synthesis,DCGAN
data/processed/synthetic_dcgan/Viral_Pneumonia/images/dcgan_Viral_Pneumonia_00569.png,Viral_Pneumonia,2,stage1_synthesis,DCGAN
data/processed/synthetic_dcgan/Viral_Pneumonia/images/dcgan_Viral_Pneumonia_00570.png,Viral_Pneumonia,2,stage1_synthesis,DCGAN
data/processed/synthetic_dcgan/Viral_Pneumonia/images/dcgan_Viral_Pneumonia_00571.png,Viral_Pneumonia,2,stage1_synthesis,DCGAN
data/processed/synthetic_dcgan/Viral_Pneumonia/images/dcgan_Viral_Pneumonia_00572.png,Viral_Pneumonia,2,stage1_synthesis,DCGAN
data/processed/synthetic_dcgan/Viral_Pneumonia/images/dcgan_Viral_Pneumonia_00573.png,Viral_Pneumonia,2,stage1_synthesis,DCGAN
data/processed/synthetic_dcgan/Viral_Pneumonia/images/dcgan_Viral_Pneumonia_00574.png,Viral_Pneumonia,2,stage1_synthesis,DCGAN
data/processed/synthetic_dcgan/Viral_Pneumonia/images/dcgan_Viral_Pneumonia_00575.png,Viral_Pneumonia,2,stage1_synthesis,DCGAN
data/processed/synthetic_dcgan/Viral_Pneumonia/images/dcgan_Viral_Pneumonia_00576.png,Viral_Pneumonia,2,stage1_synthesis,DCGAN
data/processed/synthetic_dcgan/Viral_Pneumonia/images/dcgan_Viral_Pneumonia_00577.png,Viral_Pneumonia,2,stage1_synthesis,DCGAN
data/processed/synthetic_dcgan/Viral_Pneumonia/images/dcgan_Viral_Pneumonia_00578.png,Viral_Pneumonia,2,stage1_synthesis,DCGAN
data/processed/synthetic_dcgan/Viral_Pneumonia/images/dcgan_Viral_Pneumonia_00579.png,Viral_Pneumonia,2,stage1_synthesis,DCGAN
data/processed/synthetic_dcgan/Viral_Pneumonia/images/dcgan_Viral_Pneumonia_00580.png,Viral_Pneumonia,2,stage1_synthesis,DCGAN
data/processed/synthetic_dcgan/Viral_Pneumonia/images/dcgan_Viral_Pneumonia_00581.png,Viral_Pneumonia,2,stage1_synthesis,DCGAN
data/processed/synthetic_dcgan/Viral_Pneumonia/images/dcgan_Viral_Pneumonia_00582.png,Viral_Pneumonia,2,stage1_synthesis,DCGAN
data/processed/synthetic_dcgan/Viral_Pneumonia/images/dcgan_Viral_Pneumonia_00583.png,Viral_Pneumonia,2,stage1_synthesis,DCGAN
data/processed/synthetic_dcgan/Viral_Pneumonia/images/dcgan_Viral_Pneumonia_00584.png,Viral_Pneumonia,2,stage1_synthesis,DCGAN
data/processed/synthetic_dcgan/Viral_Pneumonia/images/dcgan_Viral_Pneumonia_00585.png,Viral_Pneumonia,2,stage1_synthesis,DCGAN
data/processed/synthetic_dcgan/Viral_Pneumonia/images/dcgan_Viral_Pneumonia_00586.png,Viral_Pneumonia,2,stage1_synthesis,DCGAN
data/processed/synthetic_dcgan/Viral_Pneumonia/images/dcgan_Viral_Pneumonia_00587.png,Viral_Pneumonia,2,stage1_synthesis,DCGAN
data/processed/synthetic_dcgan/Viral_Pneumonia/images/dcgan_Viral_Pneumonia_00588.png,Viral_Pneumonia,2,stage1_synthesis,DCGAN
data/processed/synthetic_dcgan/Viral_Pneumonia/images/dcgan_Viral_Pneumonia_00589.png,Viral_Pneumonia,2,stage1_synthesis,DCGAN
data/processed/synthetic_dcgan/Viral_Pneumonia/images/dcgan_Viral_Pneumonia_00590.png,Viral_Pneumonia,2,stage1_synthesis,DCGAN
data/processed/synthetic_dcgan/Viral_Pneumonia/images/dcgan_Viral_Pneumonia_00591.png,Viral_Pneumonia,2,stage1_synthesis,DCGAN
data/processed/synthetic_dcgan/Viral_Pneumonia/images/dcgan_Viral_Pneumonia_00592.png,Viral_Pneumonia,2,stage1_synthesis,DCGAN
data/processed/synthetic_dcgan/Viral_Pneumonia/images/dcgan_Viral_Pneumonia_00593.png,Viral_Pneumonia,2,stage1_synthesis,DCGAN
data/processed/synthetic_dcgan/Viral_Pneumonia/images/dcgan_Viral_Pneumonia_00594.png,Viral_Pneumonia,2,stage1_synthesis,DCGAN
data/processed/synthetic_dcgan/Viral_Pneumonia/images/dcgan_Viral_Pneumonia_00595.png,Viral_Pneumonia,2,stage1_synthesis,DCGAN
data/processed/synthetic_dcgan/Viral_Pneumonia/images/dcgan_Viral_Pneumonia_00596.png,Viral_Pneumonia,2,stage1_synthesis,DCGAN
data/processed/synthetic_dcgan/Viral_Pneumonia/images/dcgan_Viral_Pneumonia_00597.png,Viral_Pneumonia,2,stage1_synthesis,DCGAN
data/processed/synthetic_dcgan/Viral_Pneumonia/images/dcgan_Viral_Pneumonia_00598.png,Viral_Pneumonia,2,stage1_synthesis,DCGAN
data/processed/synthetic_dcgan/Viral_Pneumonia/images/dcgan_Viral_Pneumonia_00599.png,Viral_Pneumonia,2,stage1_synthesis,DCGAN
data/processed/synthetic_dcgan/Viral_Pneumonia/images/dcgan_Viral_Pneumonia_00600.png,Viral_Pneumonia,2,stage1_synthesis,DCGAN
data/processed/synthetic_dcgan/Viral_Pneumonia/images/dcgan_Viral_Pneumonia_00601.png,Viral_Pneumonia,2,stage1_synthesis,DCGAN
data/processed/synthetic_dcgan/Viral_Pneumonia/images/dcgan_Viral_Pneumonia_00602.png,Viral_Pneumonia,2,stage1_synthesis,DCGAN
data/processed/synthetic_dcgan/Viral_Pneumonia/images/dcgan_Viral_Pneumonia_00603.png,Viral_Pneumonia,2,stage1_synthesis,DCGAN
data/processed/synthetic_dcgan/Viral_Pneumonia/images/dcgan_Viral_Pneumonia_00604.png,Viral_Pneumonia,2,stage1_synthesis,DCGAN
data/processed/synthetic_dcgan/Viral_Pneumonia/images/dcgan_Viral_Pneumonia_00605.png,Viral_Pneumonia,2,stage1_synthesis,DCGAN
data/processed/synthetic_dcgan/Viral_Pneumonia/images/dcgan_Viral_Pneumonia_00606.png,Viral_Pneumonia,2,stage1_synthesis,DCGAN
data/processed/synthetic_dcgan/Viral_Pneumonia/images/dcgan_Viral_Pneumonia_00607.png,Viral_Pneumonia,2,stage1_synthesis,DCGAN
data/processed/synthetic_dcgan/Viral_Pneumonia/images/dcgan_Viral_Pneumonia_00608.png,Viral_Pneumonia,2,stage1_synthesis,DCGAN
data/processed/synthetic_dcgan/Viral_Pneumonia/images/dcgan_Viral_Pneumonia_00609.png,Viral_Pneumonia,2,stage1_synthesis,DCGAN
data/processed/synthetic_dcgan/Viral_Pneumonia/images/dcgan_Viral_Pneumonia_00610.png,Viral_Pneumonia,2,stage1_synthesis,DCGAN
data/processed/synthetic_dcgan/Viral_Pneumonia/images/dcgan_Viral_Pneumonia_00611.png,Viral_Pneumonia,2,stage1_synthesis,DCGAN
data/processed/synthetic_dcgan/Viral_Pneumonia/images/dcgan_Viral_Pneumonia_00612.png,Viral_Pneumonia,2,stage1_synthesis,DCGAN
data/processed/synthetic_dcgan/Viral_Pneumonia/images/dcgan_Viral_Pneumonia_00613.png,Viral_Pneumonia,2,stage1_synthesis,DCGAN
data/processed/synthetic_dcgan/Viral_Pneumonia/images/dcgan_Viral_Pneumonia_00614.png,Viral_Pneumonia,2,stage1_synthesis,DCGAN
data/processed/synthetic_dcgan/Viral_Pneumonia/images/dcgan_Viral_Pneumonia_00615.png,Viral_Pneumonia,2,stage1_synthesis,DCGAN
data/processed/synthetic_dcgan/Viral_Pneumonia/images/dcgan_Viral_Pneumonia_00616.png,Viral_Pneumonia,2,stage1_synthesis,DCGAN
data/processed/synthetic_dcgan/Viral_Pneumonia/images/dcgan_Viral_Pneumonia_00617.png,Viral_Pneumonia,2,stage1_synthesis,DCGAN
data/processed/synthetic_dcgan/Viral_Pneumonia/images/dcgan_Viral_Pneumonia_00618.png,Viral_Pneumonia,2,stage1_synthesis,DCGAN
data/processed/synthetic_dcgan/Viral_Pneumonia/images/dcgan_Viral_Pneumonia_00619.png,Viral_Pneumonia,2,stage1_synthesis,DCGAN
data/processed/synthetic_dcgan/Viral_Pneumonia/images/dcgan_Viral_Pneumonia_00620.png,Viral_Pneumonia,2,stage1_synthesis,DCGAN
data/processed/synthetic_dcgan/Viral_Pneumonia/images/dcgan_Viral_Pneumonia_00621.png,Viral_Pneumonia,2,stage1_synthesis,DCGAN
data/processed/synthetic_dcgan/Viral_Pneumonia/images/dcgan_Viral_Pneumonia_00622.png,Viral_Pneumonia,2,stage1_synthesis,DCGAN
data/processed/synthetic_dcgan/Viral_Pneumonia/images/dcgan_Viral_Pneumonia_00623.png,Viral_Pneumonia,2,stage1_synthesis,DCGAN
data/processed/synthetic_dcgan/Viral_Pneumonia/images/dcgan_Viral_Pneumonia_00624.png,Viral_Pneumonia,2,stage1_synthesis,DCGAN
data/processed/synthetic_dcgan/Viral_Pneumonia/images/dcgan_Viral_Pneumonia_00625.png,Viral_Pneumonia,2,stage1_synthesis,DCGAN
data/processed/synthetic_dcgan/Viral_Pneumonia/images/dcgan_Viral_Pneumonia_00626.png,Viral_Pneumonia,2,stage1_synthesis,DCGAN
data/processed/synthetic_dcgan/Viral_Pneumonia/images/dcgan_Viral_Pneumonia_00627.png,Viral_Pneumonia,2,stage1_synthesis,DCGAN
data/processed/synthetic_dcgan/Viral_Pneumonia/images/dcgan_Viral_Pneumonia_00628.png,Viral_Pneumonia,2,stage1_synthesis,DCGAN
data/processed/synthetic_dcgan/Viral_Pneumonia/images/dcgan_Viral_Pneumonia_00629.png,Viral_Pneumonia,2,stage1_synthesis,DCGAN
data/processed/synthetic_dcgan/Viral_Pneumonia/images/dcgan_Viral_Pneumonia_00630.png,Viral_Pneumonia,2,stage1_synthesis,DCGAN
data/processed/synthetic_dcgan/Viral_Pneumonia/images/dcgan_Viral_Pneumonia_00631.png,Viral_Pneumonia,2,stage1_synthesis,DCGAN
data/processed/synthetic_dcgan/Viral_Pneumonia/images/dcgan_Viral_Pneumonia_00632.png,Viral_Pneumonia,2,stage1_synthesis,DCGAN
data/processed/synthetic_dcgan/Viral_Pneumonia/images/dcgan_Viral_Pneumonia_00633.png,Viral_Pneumonia,2,stage1_synthesis,DCGAN
data/processed/synthetic_dcgan/Viral_Pneumonia/images/dcgan_Viral_Pneumonia_00634.png,Viral_Pneumonia,2,stage1_synthesis,DCGAN
data/processed/synthetic_dcgan/Viral_Pneumonia/images/dcgan_Viral_Pneumonia_00635.png,Viral_Pneumonia,2,stage1_synthesis,DCGAN
data/processed/synthetic_dcgan/Viral_Pneumonia/images/dcgan_Viral_Pneumonia_00636.png,Viral_Pneumonia,2,stage1_synthesis,DCGAN
data/processed/synthetic_dcgan/Viral_Pneumonia/images/dcgan_Viral_Pneumonia_00637.png,Viral_Pneumonia,2,stage1_synthesis,DCGAN
data/processed/synthetic_dcgan/Viral_Pneumonia/images/dcgan_Viral_Pneumonia_00638.png,Viral_Pneumonia,2,stage1_synthesis,DCGAN
data/processed/synthetic_dcgan/Viral_Pneumonia/images/dcgan_Viral_Pneumonia_00639.png,Viral_Pneumonia,2,stage1_synthesis,DCGAN
data/processed/synthetic_dcgan/Viral_Pneumonia/images/dcgan_Viral_Pneumonia_00640.png,Viral_Pneumonia,2,stage1_synthesis,DCGAN
data/processed/synthetic_dcgan/Viral_Pneumonia/images/dcgan_Viral_Pneumonia_00641.png,Viral_Pneumonia,2,stage1_synthesis,DCGAN
data/processed/synthetic_dcgan/Viral_Pneumonia/images/dcgan_Viral_Pneumonia_00642.png,Viral_Pneumonia,2,stage1_synthesis,DCGAN
data/processed/synthetic_dcgan/Viral_Pneumonia/images/dcgan_Viral_Pneumonia_00643.png,Viral_Pneumonia,2,stage1_synthesis,DCGAN
data/processed/synthetic_dcgan/Viral_Pneumonia/images/dcgan_Viral_Pneumonia_00644.png,Viral_Pneumonia,2,stage1_synthesis,DCGAN
data/processed/synthetic_dcgan/Viral_Pneumonia/images/dcgan_Viral_Pneumonia_00645.png,Viral_Pneumonia,2,stage1_synthesis,DCGAN
data/processed/synthetic_dcgan/Viral_Pneumonia/images/dcgan_Viral_Pneumonia_00646.png,Viral_Pneumonia,2,stage1_synthesis,DCGAN
data/processed/synthetic_dcgan/Viral_Pneumonia/images/dcgan_Viral_Pneumonia_00647.png,Viral_Pneumonia,2,stage1_synthesis,DCGAN
data/processed/synthetic_dcgan/Viral_Pneumonia/images/dcgan_Viral_Pneumonia_00648.png,Viral_Pneumonia,2,stage1_synthesis,DCGAN
data/processed/synthetic_dcgan/Viral_Pneumonia/images/dcgan_Viral_Pneumonia_00649.png,Viral_Pneumonia,2,stage1_synthesis,DCGAN
data/processed/synthetic_dcgan/Viral_Pneumonia/images/dcgan_Viral_Pneumonia_00650.png,Viral_Pneumonia,2,stage1_synthesis,DCGAN
data/processed/synthetic_dcgan/Viral_Pneumonia/images/dcgan_Viral_Pneumonia_00651.png,Viral_Pneumonia,2,stage1_synthesis,DCGAN
data/processed/synthetic_dcgan/Viral_Pneumonia/images/dcgan_Viral_Pneumonia_00652.png,Viral_Pneumonia,2,stage1_synthesis,DCGAN
data/processed/synthetic_dcgan/Viral_Pneumonia/images/dcgan_Viral_Pneumonia_00653.png,Viral_Pneumonia,2,stage1_synthesis,DCGAN
data/processed/synthetic_dcgan/Viral_Pneumonia/images/dcgan_Viral_Pneumonia_00654.png,Viral_Pneumonia,2,stage1_synthesis,DCGAN
data/processed/synthetic_dcgan/Viral_Pneumonia/images/dcgan_Viral_Pneumonia_00655.png,Viral_Pneumonia,2,stage1_synthesis,DCGAN
data/processed/synthetic_dcgan/Viral_Pneumonia/images/dcgan_Viral_Pneumonia_00656.png,Viral_Pneumonia,2,stage1_synthesis,DCGAN
data/processed/synthetic_dcgan/Viral_Pneumonia/images/dcgan_Viral_Pneumonia_00657.png,Viral_Pneumonia,2,stage1_synthesis,DCGAN
data/processed/synthetic_dcgan/Viral_Pneumonia/images/dcgan_Viral_Pneumonia_00658.png,Viral_Pneumonia,2,stage1_synthesis,DCGAN
data/processed/synthetic_dcgan/Viral_Pneumonia/images/dcgan_Viral_Pneumonia_00659.png,Viral_Pneumonia,2,stage1_synthesis,DCGAN
data/processed/synthetic_dcgan/Viral_Pneumonia/images/dcgan_Viral_Pneumonia_00660.png,Viral_Pneumonia,2,stage1_synthesis,DCGAN
data/processed/synthetic_dcgan/Viral_Pneumonia/images/dcgan_Viral_Pneumonia_00661.png,Viral_Pneumonia,2,stage1_synthesis,DCGAN
data/processed/synthetic_dcgan/Viral_Pneumonia/images/dcgan_Viral_Pneumonia_00662.png,Viral_Pneumonia,2,stage1_synthesis,DCGAN
data/processed/synthetic_dcgan/Viral_Pneumonia/images/dcgan_Viral_Pneumonia_00663.png,Viral_Pneumonia,2,stage1_synthesis,DCGAN
data/processed/synthetic_dcgan/Viral_Pneumonia/images/dcgan_Viral_Pneumonia_00664.png,Viral_Pneumonia,2,stage1_synthesis,DCGAN
data/processed/synthetic_dcgan/Viral_Pneumonia/images/dcgan_Viral_Pneumonia_00665.png,Viral_Pneumonia,2,stage1_synthesis,DCGAN
data/processed/synthetic_dcgan/Viral_Pneumonia/images/dcgan_Viral_Pneumonia_00666.png,Viral_Pneumonia,2,stage1_synthesis,DCGAN
data/processed/synthetic_dcgan/Viral_Pneumonia/images/dcgan_Viral_Pneumonia_00667.png,Viral_Pneumonia,2,stage1_synthesis,DCGAN
data/processed/synthetic_dcgan/Viral_Pneumonia/images/dcgan_Viral_Pneumonia_00668.png,Viral_Pneumonia,2,stage1_synthesis,DCGAN
data/processed/synthetic_dcgan/Viral_Pneumonia/images/dcgan_Viral_Pneumonia_00669.png,Viral_Pneumonia,2,stage1_synthesis,DCGAN
data/processed/synthetic_dcgan/Viral_Pneumonia/images/dcgan_Viral_Pneumonia_00670.png,Viral_Pneumonia,2,stage1_synthesis,DCGAN
data/processed/synthetic_dcgan/Viral_Pneumonia/images/dcgan_Viral_Pneumonia_00671.png,Viral_Pneumonia,2,stage1_synthesis,DCGAN
data/processed/synthetic_dcgan/Viral_Pneumonia/images/dcgan_Viral_Pneumonia_00672.png,Viral_Pneumonia,2,stage1_synthesis,DCGAN
data/processed/synthetic_dcgan/Viral_Pneumonia/images/dcgan_Viral_Pneumonia_00673.png,Viral_Pneumonia,2,stage1_synthesis,DCGAN
data/processed/synthetic_dcgan/Viral_Pneumonia/images/dcgan_Viral_Pneumonia_00674.png,Viral_Pneumonia,2,stage1_synthesis,DCGAN
data/processed/synthetic_dcgan/Viral_Pneumonia/images/dcgan_Viral_Pneumonia_00675.png,Viral_Pneumonia,2,stage1_synthesis,DCGAN
data/processed/synthetic_dcgan/Viral_Pneumonia/images/dcgan_Viral_Pneumonia_00676.png,Viral_Pneumonia,2,stage1_synthesis,DCGAN
data/processed/synthetic_dcgan/Viral_Pneumonia/images/dcgan_Viral_Pneumonia_00677.png,Viral_Pneumonia,2,stage1_synthesis,DCGAN
data/processed/synthetic_dcgan/Viral_Pneumonia/images/dcgan_Viral_Pneumonia_00678.png,Viral_Pneumonia,2,stage1_synthesis,DCGAN
data/processed/synthetic_dcgan/Viral_Pneumonia/images/dcgan_Viral_Pneumonia_00679.png,Viral_Pneumonia,2,stage1_synthesis,DCGAN
data/processed/synthetic_dcgan/Viral_Pneumonia/images/dcgan_Viral_Pneumonia_00680.png,Viral_Pneumonia,2,stage1_synthesis,DCGAN
data/processed/synthetic_dcgan/Viral_Pneumonia/images/dcgan_Viral_Pneumonia_00681.png,Viral_Pneumonia,2,stage1_synthesis,DCGAN
data/processed/synthetic_dcgan/Viral_Pneumonia/images/dcgan_Viral_Pneumonia_00682.png,Viral_Pneumonia,2,stage1_synthesis,DCGAN
data/processed/synthetic_dcgan/Viral_Pneumonia/images/dcgan_Viral_Pneumonia_00683.png,Viral_Pneumonia,2,stage1_synthesis,DCGAN
data/processed/synthetic_dcgan/Viral_Pneumonia/images/dcgan_Viral_Pneumonia_00684.png,Viral_Pneumonia,2,stage1_synthesis,DCGAN
data/processed/synthetic_dcgan/Viral_Pneumonia/images/dcgan_Viral_Pneumonia_00685.png,Viral_Pneumonia,2,stage1_synthesis,DCGAN
data/processed/synthetic_dcgan/Viral_Pneumonia/images/dcgan_Viral_Pneumonia_00686.png,Viral_Pneumonia,2,stage1_synthesis,DCGAN
data/processed/synthetic_dcgan/Viral_Pneumonia/images/dcgan_Viral_Pneumonia_00687.png,Viral_Pneumonia,2,stage1_synthesis,DCGAN
data/processed/synthetic_dcgan/Viral_Pneumonia/images/dcgan_Viral_Pneumonia_00688.png,Viral_Pneumonia,2,stage1_synthesis,DCGAN
data/processed/synthetic_dcgan/Viral_Pneumonia/images/dcgan_Viral_Pneumonia_00689.png,Viral_Pneumonia,2,stage1_synthesis,DCGAN
data/processed/synthetic_dcgan/Viral_Pneumonia/images/dcgan_Viral_Pneumonia_00690.png,Viral_Pneumonia,2,stage1_synthesis,DCGAN
data/processed/synthetic_dcgan/Viral_Pneumonia/images/dcgan_Viral_Pneumonia_00691.png,Viral_Pneumonia,2,stage1_synthesis,DCGAN
data/processed/synthetic_dcgan/Viral_Pneumonia/images/dcgan_Viral_Pneumonia_00692.png,Viral_Pneumonia,2,stage1_synthesis,DCGAN
data/processed/synthetic_dcgan/Viral_Pneumonia/images/dcgan_Viral_Pneumonia_00693.png,Viral_Pneumonia,2,stage1_synthesis,DCGAN
data/processed/synthetic_dcgan/Viral_Pneumonia/images/dcgan_Viral_Pneumonia_00694.png,Viral_Pneumonia,2,stage1_synthesis,DCGAN
data/processed/synthetic_dcgan/Viral_Pneumonia/images/dcgan_Viral_Pneumonia_00695.png,Viral_Pneumonia,2,stage1_synthesis,DCGAN
data/processed/synthetic_dcgan/Viral_Pneumonia/images/dcgan_Viral_Pneumonia_00696.png,Viral_Pneumonia,2,stage1_synthesis,DCGAN
data/processed/synthetic_dcgan/Viral_Pneumonia/images/dcgan_Viral_Pneumonia_00697.png,Viral_Pneumonia,2,stage1_synthesis,DCGAN
data/processed/synthetic_dcgan/Viral_Pneumonia/images/dcgan_Viral_Pneumonia_00698.png,Viral_Pneumonia,2,stage1_synthesis,DCGAN
data/processed/synthetic_dcgan/Viral_Pneumonia/images/dcgan_Viral_Pneumonia_00699.png,Viral_Pneumonia,2,stage1_synthesis,DCGAN
data/processed/synthetic_dcgan/Viral_Pneumonia/images/dcgan_Viral_Pneumonia_00700.png,Viral_Pneumonia,2,stage1_synthesis,DCGAN
data/processed/synthetic_dcgan/Viral_Pneumonia/images/dcgan_Viral_Pneumonia_00701.png,Viral_Pneumonia,2,stage1_synthesis,DCGAN
data/processed/synthetic_dcgan/Viral_Pneumonia/images/dcgan_Viral_Pneumonia_00702.png,Viral_Pneumonia,2,stage1_synthesis,DCGAN
data/processed/synthetic_dcgan/Viral_Pneumonia/images/dcgan_Viral_Pneumonia_00703.png,Viral_Pneumonia,2,stage1_synthesis,DCGAN
data/processed/synthetic_dcgan/Viral_Pneumonia/images/dcgan_Viral_Pneumonia_00704.png,Viral_Pneumonia,2,stage1_synthesis,DCGAN
data/processed/synthetic_dcgan/Viral_Pneumonia/images/dcgan_Viral_Pneumonia_00705.png,Viral_Pneumonia,2,stage1_synthesis,DCGAN
data/processed/synthetic_dcgan/Viral_Pneumonia/images/dcgan_Viral_Pneumonia_00706.png,Viral_Pneumonia,2,stage1_synthesis,DCGAN
data/processed/synthetic_dcgan/Viral_Pneumonia/images/dcgan_Viral_Pneumonia_00707.png,Viral_Pneumonia,2,stage1_synthesis,DCGAN
data/processed/synthetic_dcgan/Viral_Pneumonia/images/dcgan_Viral_Pneumonia_00708.png,Viral_Pneumonia,2,stage1_synthesis,DCGAN
data/processed/synthetic_dcgan/Viral_Pneumonia/images/dcgan_Viral_Pneumonia_00709.png,Viral_Pneumonia,2,stage1_synthesis,DCGAN
data/processed/synthetic_dcgan/Viral_Pneumonia/images/dcgan_Viral_Pneumonia_00710.png,Viral_Pneumonia,2,stage1_synthesis,DCGAN
data/processed/synthetic_dcgan/Viral_Pneumonia/images/dcgan_Viral_Pneumonia_00711.png,Viral_Pneumonia,2,stage1_synthesis,DCGAN
data/processed/synthetic_dcgan/Viral_Pneumonia/images/dcgan_Viral_Pneumonia_00712.png,Viral_Pneumonia,2,stage1_synthesis,DCGAN
data/processed/synthetic_dcgan/Viral_Pneumonia/images/dcgan_Viral_Pneumonia_00713.png,Viral_Pneumonia,2,stage1_synthesis,DCGAN
data/processed/synthetic_dcgan/Viral_Pneumonia/images/dcgan_Viral_Pneumonia_00714.png,Viral_Pneumonia,2,stage1_synthesis,DCGAN
data/processed/synthetic_dcgan/Viral_Pneumonia/images/dcgan_Viral_Pneumonia_00715.png,Viral_Pneumonia,2,stage1_synthesis,DCGAN
data/processed/synthetic_dcgan/Viral_Pneumonia/images/dcgan_Viral_Pneumonia_00716.png,Viral_Pneumonia,2,stage1_synthesis,DCGAN
data/processed/synthetic_dcgan/Viral_Pneumonia/images/dcgan_Viral_Pneumonia_00717.png,Viral_Pneumonia,2,stage1_synthesis,DCGAN
data/processed/synthetic_dcgan/Viral_Pneumonia/images/dcgan_Viral_Pneumonia_00718.png,Viral_Pneumonia,2,stage1_synthesis,DCGAN
data/processed/synthetic_dcgan/Viral_Pneumonia/images/dcgan_Viral_Pneumonia_00719.png,Viral_Pneumonia,2,stage1_synthesis,DCGAN
data/processed/synthetic_dcgan/Viral_Pneumonia/images/dcgan_Viral_Pneumonia_00720.png,Viral_Pneumonia,2,stage1_synthesis,DCGAN
data/processed/synthetic_dcgan/Viral_Pneumonia/images/dcgan_Viral_Pneumonia_00721.png,Viral_Pneumonia,2,stage1_synthesis,DCGAN
data/processed/synthetic_dcgan/Viral_Pneumonia/images/dcgan_Viral_Pneumonia_00722.png,Viral_Pneumonia,2,stage1_synthesis,DCGAN
data/processed/synthetic_dcgan/Viral_Pneumonia/images/dcgan_Viral_Pneumonia_00723.png,Viral_Pneumonia,2,stage1_synthesis,DCGAN
data/processed/synthetic_dcgan/Viral_Pneumonia/images/dcgan_Viral_Pneumonia_00724.png,Viral_Pneumonia,2,stage1_synthesis,DCGAN
data/processed/synthetic_dcgan/Viral_Pneumonia/images/dcgan_Viral_Pneumonia_00725.png,Viral_Pneumonia,2,stage1_synthesis,DCGAN
data/processed/synthetic_dcgan/Viral_Pneumonia/images/dcgan_Viral_Pneumonia_00726.png,Viral_Pneumonia,2,stage1_synthesis,DCGAN
data/processed/synthetic_dcgan/Viral_Pneumonia/images/dcgan_Viral_Pneumonia_00727.png,Viral_Pneumonia,2,stage1_synthesis,DCGAN
data/processed/synthetic_dcgan/Viral_Pneumonia/images/dcgan_Viral_Pneumonia_00728.png,Viral_Pneumonia,2,stage1_synthesis,DCGAN
data/processed/synthetic_dcgan/Viral_Pneumonia/images/dcgan_Viral_Pneumonia_00729.png,Viral_Pneumonia,2,stage1_synthesis,DCGAN
data/processed/synthetic_dcgan/Viral_Pneumonia/images/dcgan_Viral_Pneumonia_00730.png,Viral_Pneumonia,2,stage1_synthesis,DCGAN
data/processed/synthetic_dcgan/Viral_Pneumonia/images/dcgan_Viral_Pneumonia_00731.png,Viral_Pneumonia,2,stage1_synthesis,DCGAN
data/processed/synthetic_dcgan/Viral_Pneumonia/images/dcgan_Viral_Pneumonia_00732.png,Viral_Pneumonia,2,stage1_synthesis,DCGAN
data/processed/synthetic_dcgan/Viral_Pneumonia/images/dcgan_Viral_Pneumonia_00733.png,Viral_Pneumonia,2,stage1_synthesis,DCGAN
data/processed/synthetic_dcgan/Viral_Pneumonia/images/dcgan_Viral_Pneumonia_00734.png,Viral_Pneumonia,2,stage1_synthesis,DCGAN
data/processed/synthetic_dcgan/Viral_Pneumonia/images/dcgan_Viral_Pneumonia_00735.png,Viral_Pneumonia,2,stage1_synthesis,DCGAN
data/processed/synthetic_dcgan/Viral_Pneumonia/images/dcgan_Viral_Pneumonia_00736.png,Viral_Pneumonia,2,stage1_synthesis,DCGAN
data/processed/synthetic_dcgan/Viral_Pneumonia/images/dcgan_Viral_Pneumonia_00737.png,Viral_Pneumonia,2,stage1_synthesis,DCGAN
data/processed/synthetic_dcgan/Viral_Pneumonia/images/dcgan_Viral_Pneumonia_00738.png,Viral_Pneumonia,2,stage1_synthesis,DCGAN
data/processed/synthetic_dcgan/Viral_Pneumonia/images/dcgan_Viral_Pneumonia_00739.png,Viral_Pneumonia,2,stage1_synthesis,DCGAN
data/processed/synthetic_dcgan/Viral_Pneumonia/images/dcgan_Viral_Pneumonia_00740.png,Viral_Pneumonia,2,stage1_synthesis,DCGAN
data/processed/synthetic_dcgan/Viral_Pneumonia/images/dcgan_Viral_Pneumonia_00741.png,Viral_Pneumonia,2,stage1_synthesis,DCGAN
data/processed/synthetic_dcgan/Viral_Pneumonia/images/dcgan_Viral_Pneumonia_00742.png,Viral_Pneumonia,2,stage1_synthesis,DCGAN
data/processed/synthetic_dcgan/Viral_Pneumonia/images/dcgan_Viral_Pneumonia_00743.png,Viral_Pneumonia,2,stage1_synthesis,DCGAN
data/processed/synthetic_dcgan/Viral_Pneumonia/images/dcgan_Viral_Pneumonia_00744.png,Viral_Pneumonia,2,stage1_synthesis,DCGAN
data/processed/synthetic_dcgan/Viral_Pneumonia/images/dcgan_Viral_Pneumonia_00745.png,Viral_Pneumonia,2,stage1_synthesis,DCGAN
data/processed/synthetic_dcgan/Viral_Pneumonia/images/dcgan_Viral_Pneumonia_00746.png,Viral_Pneumonia,2,stage1_synthesis,DCGAN
data/processed/synthetic_dcgan/Viral_Pneumonia/images/dcgan_Viral_Pneumonia_00747.png,Viral_Pneumonia,2,stage1_synthesis,DCGAN
data/processed/synthetic_dcgan/Viral_Pneumonia/images/dcgan_Viral_Pneumonia_00748.png,Viral_Pneumonia,2,stage1_synthesis,DCGAN
data/processed/synthetic_dcgan/Viral_Pneumonia/images/dcgan_Viral_Pneumonia_00749.png,Viral_Pneumonia,2,stage1_synthesis,DCGAN
data/processed/synthetic_dcgan/Viral_Pneumonia/images/dcgan_Viral_Pneumonia_00750.png,Viral_Pneumonia,2,stage1_synthesis,DCGAN
data/processed/synthetic_dcgan/Viral_Pneumonia/images/dcgan_Viral_Pneumonia_00751.png,Viral_Pneumonia,2,stage1_synthesis,DCGAN
data/processed/synthetic_dcgan/Viral_Pneumonia/images/dcgan_Viral_Pneumonia_00752.png,Viral_Pneumonia,2,stage1_synthesis,DCGAN
data/processed/synthetic_dcgan/Viral_Pneumonia/images/dcgan_Viral_Pneumonia_00753.png,Viral_Pneumonia,2,stage1_synthesis,DCGAN
data/processed/synthetic_dcgan/Viral_Pneumonia/images/dcgan_Viral_Pneumonia_00754.png,Viral_Pneumonia,2,stage1_synthesis,DCGAN
data/processed/synthetic_dcgan/Viral_Pneumonia/images/dcgan_Viral_Pneumonia_00755.png,Viral_Pneumonia,2,stage1_synthesis,DCGAN
data/processed/synthetic_dcgan/Viral_Pneumonia/images/dcgan_Viral_Pneumonia_00756.png,Viral_Pneumonia,2,stage1_synthesis,DCGAN
data/processed/synthetic_dcgan/Viral_Pneumonia/images/dcgan_Viral_Pneumonia_00757.png,Viral_Pneumonia,2,stage1_synthesis,DCGAN
data/processed/synthetic_dcgan/Viral_Pneumonia/images/dcgan_Viral_Pneumonia_00758.png,Viral_Pneumonia,2,stage1_synthesis,DCGAN
data/processed/synthetic_dcgan/Viral_Pneumonia/images/dcgan_Viral_Pneumonia_00759.png,Viral_Pneumonia,2,stage1_synthesis,DCGAN
data/processed/synthetic_dcgan/Viral_Pneumonia/images/dcgan_Viral_Pneumonia_00760.png,Viral_Pneumonia,2,stage1_synthesis,DCGAN
data/processed/synthetic_dcgan/Viral_Pneumonia/images/dcgan_Viral_Pneumonia_00761.png,Viral_Pneumonia,2,stage1_synthesis,DCGAN
data/processed/synthetic_dcgan/Viral_Pneumonia/images/dcgan_Viral_Pneumonia_00762.png,Viral_Pneumonia,2,stage1_synthesis,DCGAN
data/processed/synthetic_dcgan/Viral_Pneumonia/images/dcgan_Viral_Pneumonia_00763.png,Viral_Pneumonia,2,stage1_synthesis,DCGAN
data/processed/synthetic_dcgan/Viral_Pneumonia/images/dcgan_Viral_Pneumonia_00764.png,Viral_Pneumonia,2,stage1_synthesis,DCGAN
data/processed/synthetic_dcgan/Viral_Pneumonia/images/dcgan_Viral_Pneumonia_00765.png,Viral_Pneumonia,2,stage1_synthesis,DCGAN
data/processed/synthetic_dcgan/Viral_Pneumonia/images/dcgan_Viral_Pneumonia_00766.png,Viral_Pneumonia,2,stage1_synthesis,DCGAN
data/processed/synthetic_dcgan/Viral_Pneumonia/images/dcgan_Viral_Pneumonia_00767.png,Viral_Pneumonia,2,stage1_synthesis,DCGAN
data/processed/synthetic_dcgan/Viral_Pneumonia/images/dcgan_Viral_Pneumonia_00768.png,Viral_Pneumonia,2,stage1_synthesis,DCGAN
data/processed/synthetic_dcgan/Viral_Pneumonia/images/dcgan_Viral_Pneumonia_00769.png,Viral_Pneumonia,2,stage1_synthesis,DCGAN
data/processed/synthetic_dcgan/Viral_Pneumonia/images/dcgan_Viral_Pneumonia_00770.png,Viral_Pneumonia,2,stage1_synthesis,DCGAN
data/processed/synthetic_dcgan/Viral_Pneumonia/images/dcgan_Viral_Pneumonia_00771.png,Viral_Pneumonia,2,stage1_synthesis,DCGAN
data/processed/synthetic_dcgan/Viral_Pneumonia/images/dcgan_Viral_Pneumonia_00772.png,Viral_Pneumonia,2,stage1_synthesis,DCGAN
data/processed/synthetic_dcgan/Viral_Pneumonia/images/dcgan_Viral_Pneumonia_00773.png,Viral_Pneumonia,2,stage1_synthesis,DCGAN
data/processed/synthetic_dcgan/Viral_Pneumonia/images/dcgan_Viral_Pneumonia_00774.png,Viral_Pneumonia,2,stage1_synthesis,DCGAN
data/processed/synthetic_dcgan/Viral_Pneumonia/images/dcgan_Viral_Pneumonia_00775.png,Viral_Pneumonia,2,stage1_synthesis,DCGAN
data/processed/synthetic_dcgan/Viral_Pneumonia/images/dcgan_Viral_Pneumonia_00776.png,Viral_Pneumonia,2,stage1_synthesis,DCGAN
data/processed/synthetic_dcgan/Viral_Pneumonia/images/dcgan_Viral_Pneumonia_00777.png,Viral_Pneumonia,2,stage1_synthesis,DCGAN
data/processed/synthetic_dcgan/Viral_Pneumonia/images/dcgan_Viral_Pneumonia_00778.png,Viral_Pneumonia,2,stage1_synthesis,DCGAN
data/processed/synthetic_dcgan/Viral_Pneumonia/images/dcgan_Viral_Pneumonia_00779.png,Viral_Pneumonia,2,stage1_synthesis,DCGAN
data/processed/synthetic_dcgan/Viral_Pneumonia/images/dcgan_Viral_Pneumonia_00780.png,Viral_Pneumonia,2,stage1_synthesis,DCGAN
data/processed/synthetic_dcgan/Viral_Pneumonia/images/dcgan_Viral_Pneumonia_00781.png,Viral_Pneumonia,2,stage1_synthesis,DCGAN
data/processed/synthetic_dcgan/Viral_Pneumonia/images/dcgan_Viral_Pneumonia_00782.png,Viral_Pneumonia,2,stage1_synthesis,DCGAN
data/processed/synthetic_dcgan/Viral_Pneumonia/images/dcgan_Viral_Pneumonia_00783.png,Viral_Pneumonia,2,stage1_synthesis,DCGAN
data/processed/synthetic_dcgan/Viral_Pneumonia/images/dcgan_Viral_Pneumonia_00784.png,Viral_Pneumonia,2,stage1_synthesis,DCGAN
data/processed/synthetic_dcgan/Viral_Pneumonia/images/dcgan_Viral_Pneumonia_00785.png,Viral_Pneumonia,2,stage1_synthesis,DCGAN
data/processed/synthetic_dcgan/Viral_Pneumonia/images/dcgan_Viral_Pneumonia_00786.png,Viral_Pneumonia,2,stage1_synthesis,DCGAN
data/processed/synthetic_dcgan/Viral_Pneumonia/images/dcgan_Viral_Pneumonia_00787.png,Viral_Pneumonia,2,stage1_synthesis,DCGAN
data/processed/synthetic_dcgan/Viral_Pneumonia/images/dcgan_Viral_Pneumonia_00788.png,Viral_Pneumonia,2,stage1_synthesis,DCGAN
data/processed/synthetic_dcgan/Viral_Pneumonia/images/dcgan_Viral_Pneumonia_00789.png,Viral_Pneumonia,2,stage1_synthesis,DCGAN
data/processed/synthetic_dcgan/Viral_Pneumonia/images/dcgan_Viral_Pneumonia_00790.png,Viral_Pneumonia,2,stage1_synthesis,DCGAN
data/processed/synthetic_dcgan/Viral_Pneumonia/images/dcgan_Viral_Pneumonia_00791.png,Viral_Pneumonia,2,stage1_synthesis,DCGAN
data/processed/synthetic_dcgan/Viral_Pneumonia/images/dcgan_Viral_Pneumonia_00792.png,Viral_Pneumonia,2,stage1_synthesis,DCGAN
data/processed/synthetic_dcgan/Viral_Pneumonia/images/dcgan_Viral_Pneumonia_00793.png,Viral_Pneumonia,2,stage1_synthesis,DCGAN
data/processed/synthetic_dcgan/Viral_Pneumonia/images/dcgan_Viral_Pneumonia_00794.png,Viral_Pneumonia,2,stage1_synthesis,DCGAN
data/processed/synthetic_dcgan/Viral_Pneumonia/images/dcgan_Viral_Pneumonia_00795.png,Viral_Pneumonia,2,stage1_synthesis,DCGAN
data/processed/synthetic_dcgan/Viral_Pneumonia/images/dcgan_Viral_Pneumonia_00796.png,Viral_Pneumonia,2,stage1_synthesis,DCGAN
data/processed/synthetic_dcgan/Viral_Pneumonia/images/dcgan_Viral_Pneumonia_00797.png,Viral_Pneumonia,2,stage1_synthesis,DCGAN
data/processed/synthetic_dcgan/Viral_Pneumonia/images/dcgan_Viral_Pneumonia_00798.png,Viral_Pneumonia,2,stage1_synthesis,DCGAN
data/processed/synthetic_dcgan/Viral_Pneumonia/images/dcgan_Viral_Pneumonia_00799.png,Viral_Pneumonia,2,stage1_synthesis,DCGAN
data/processed/synthetic_dcgan/Viral_Pneumonia/images/dcgan_Viral_Pneumonia_00800.png,Viral_Pneumonia,2,stage1_synthesis,DCGAN
data/processed/synthetic_dcgan/Viral_Pneumonia/images/dcgan_Viral_Pneumonia_00801.png,Viral_Pneumonia,2,stage1_synthesis,DCGAN
data/processed/synthetic_dcgan/Viral_Pneumonia/images/dcgan_Viral_Pneumonia_00802.png,Viral_Pneumonia,2,stage1_synthesis,DCGAN
data/processed/synthetic_dcgan/Viral_Pneumonia/images/dcgan_Viral_Pneumonia_00803.png,Viral_Pneumonia,2,stage1_synthesis,DCGAN
data/processed/synthetic_dcgan/Viral_Pneumonia/images/dcgan_Viral_Pneumonia_00804.png,Viral_Pneumonia,2,stage1_synthesis,DCGAN
data/processed/synthetic_dcgan/Viral_Pneumonia/images/dcgan_Viral_Pneumonia_00805.png,Viral_Pneumonia,2,stage1_synthesis,DCGAN
data/processed/synthetic_dcgan/Viral_Pneumonia/images/dcgan_Viral_Pneumonia_00806.png,Viral_Pneumonia,2,stage1_synthesis,DCGAN
data/processed/synthetic_dcgan/Viral_Pneumonia/images/dcgan_Viral_Pneumonia_00807.png,Viral_Pneumonia,2,stage1_synthesis,DCGAN
data/processed/synthetic_dcgan/Viral_Pneumonia/images/dcgan_Viral_Pneumonia_00808.png,Viral_Pneumonia,2,stage1_synthesis,DCGAN
data/processed/synthetic_dcgan/Viral_Pneumonia/images/dcgan_Viral_Pneumonia_00809.png,Viral_Pneumonia,2,stage1_synthesis,DCGAN
data/processed/synthetic_dcgan/Viral_Pneumonia/images/dcgan_Viral_Pneumonia_00810.png,Viral_Pneumonia,2,stage1_synthesis,DCGAN
data/processed/synthetic_dcgan/Viral_Pneumonia/images/dcgan_Viral_Pneumonia_00811.png,Viral_Pneumonia,2,stage1_synthesis,DCGAN
data/processed/synthetic_dcgan/Viral_Pneumonia/images/dcgan_Viral_Pneumonia_00812.png,Viral_Pneumonia,2,stage1_synthesis,DCGAN
data/processed/synthetic_dcgan/Viral_Pneumonia/images/dcgan_Viral_Pneumonia_00813.png,Viral_Pneumonia,2,stage1_synthesis,DCGAN
data/processed/synthetic_dcgan/Viral_Pneumonia/images/dcgan_Viral_Pneumonia_00814.png,Viral_Pneumonia,2,stage1_synthesis,DCGAN
data/processed/synthetic_dcgan/Viral_Pneumonia/images/dcgan_Viral_Pneumonia_00815.png,Viral_Pneumonia,2,stage1_synthesis,DCGAN
data/processed/synthetic_dcgan/Viral_Pneumonia/images/dcgan_Viral_Pneumonia_00816.png,Viral_Pneumonia,2,stage1_synthesis,DCGAN
data/processed/synthetic_dcgan/Viral_Pneumonia/images/dcgan_Viral_Pneumonia_00817.png,Viral_Pneumonia,2,stage1_synthesis,DCGAN
data/processed/synthetic_dcgan/Viral_Pneumonia/images/dcgan_Viral_Pneumonia_00818.png,Viral_Pneumonia,2,stage1_synthesis,DCGAN
data/processed/synthetic_dcgan/Viral_Pneumonia/images/dcgan_Viral_Pneumonia_00819.png,Viral_Pneumonia,2,stage1_synthesis,DCGAN
data/processed/synthetic_dcgan/Viral_Pneumonia/images/dcgan_Viral_Pneumonia_00820.png,Viral_Pneumonia,2,stage1_synthesis,DCGAN
data/processed/synthetic_dcgan/Viral_Pneumonia/images/dcgan_Viral_Pneumonia_00821.png,Viral_Pneumonia,2,stage1_synthesis,DCGAN
data/processed/synthetic_dcgan/Viral_Pneumonia/images/dcgan_Viral_Pneumonia_00822.png,Viral_Pneumonia,2,stage1_synthesis,DCGAN
data/processed/synthetic_dcgan/Viral_Pneumonia/images/dcgan_Viral_Pneumonia_00823.png,Viral_Pneumonia,2,stage1_synthesis,DCGAN
data/processed/synthetic_dcgan/Viral_Pneumonia/images/dcgan_Viral_Pneumonia_00824.png,Viral_Pneumonia,2,stage1_synthesis,DCGAN
data/processed/synthetic_dcgan/Viral_Pneumonia/images/dcgan_Viral_Pneumonia_00825.png,Viral_Pneumonia,2,stage1_synthesis,DCGAN
data/processed/synthetic_dcgan/Viral_Pneumonia/images/dcgan_Viral_Pneumonia_00826.png,Viral_Pneumonia,2,stage1_synthesis,DCGAN
data/processed/synthetic_dcgan/Viral_Pneumonia/images/dcgan_Viral_Pneumonia_00827.png,Viral_Pneumonia,2,stage1_synthesis,DCGAN
data/processed/synthetic_dcgan/Viral_Pneumonia/images/dcgan_Viral_Pneumonia_00828.png,Viral_Pneumonia,2,stage1_synthesis,DCGAN
data/processed/synthetic_dcgan/Viral_Pneumonia/images/dcgan_Viral_Pneumonia_00829.png,Viral_Pneumonia,2,stage1_synthesis,DCGAN
data/processed/synthetic_dcgan/Viral_Pneumonia/images/dcgan_Viral_Pneumonia_00830.png,Viral_Pneumonia,2,stage1_synthesis,DCGAN
data/processed/synthetic_dcgan/Viral_Pneumonia/images/dcgan_Viral_Pneumonia_00831.png,Viral_Pneumonia,2,stage1_synthesis,DCGAN
data/processed/synthetic_dcgan/Viral_Pneumonia/images/dcgan_Viral_Pneumonia_00832.png,Viral_Pneumonia,2,stage1_synthesis,DCGAN
data/processed/synthetic_dcgan/Viral_Pneumonia/images/dcgan_Viral_Pneumonia_00833.png,Viral_Pneumonia,2,stage1_synthesis,DCGAN
data/processed/synthetic_dcgan/Viral_Pneumonia/images/dcgan_Viral_Pneumonia_00834.png,Viral_Pneumonia,2,stage1_synthesis,DCGAN
data/processed/synthetic_dcgan/Viral_Pneumonia/images/dcgan_Viral_Pneumonia_00835.png,Viral_Pneumonia,2,stage1_synthesis,DCGAN
data/processed/synthetic_dcgan/Viral_Pneumonia/images/dcgan_Viral_Pneumonia_00836.png,Viral_Pneumonia,2,stage1_synthesis,DCGAN
data/processed/synthetic_dcgan/Viral_Pneumonia/images/dcgan_Viral_Pneumonia_00837.png,Viral_Pneumonia,2,stage1_synthesis,DCGAN
data/processed/synthetic_dcgan/Viral_Pneumonia/images/dcgan_Viral_Pneumonia_00838.png,Viral_Pneumonia,2,stage1_synthesis,DCGAN
data/processed/synthetic_dcgan/Viral_Pneumonia/images/dcgan_Viral_Pneumonia_00839.png,Viral_Pneumonia,2,stage1_synthesis,DCGAN
data/processed/synthetic_dcgan/Viral_Pneumonia/images/dcgan_Viral_Pneumonia_00840.png,Viral_Pneumonia,2,stage1_synthesis,DCGAN
data/processed/synthetic_dcgan/Viral_Pneumonia/images/dcgan_Viral_Pneumonia_00841.png,Viral_Pneumonia,2,stage1_synthesis,DCGAN
data/processed/synthetic_dcgan/Viral_Pneumonia/images/dcgan_Viral_Pneumonia_00842.png,Viral_Pneumonia,2,stage1_synthesis,DCGAN
data/processed/synthetic_dcgan/Viral_Pneumonia/images/dcgan_Viral_Pneumonia_00843.png,Viral_Pneumonia,2,stage1_synthesis,DCGAN
data/processed/synthetic_dcgan/Viral_Pneumonia/images/dcgan_Viral_Pneumonia_00844.png,Viral_Pneumonia,2,stage1_synthesis,DCGAN
data/processed/synthetic_dcgan/Viral_Pneumonia/images/dcgan_Viral_Pneumonia_00845.png,Viral_Pneumonia,2,stage1_synthesis,DCGAN
data/processed/synthetic_dcgan/Viral_Pneumonia/images/dcgan_Viral_Pneumonia_00846.png,Viral_Pneumonia,2,stage1_synthesis,DCGAN
data/processed/synthetic_dcgan/Viral_Pneumonia/images/dcgan_Viral_Pneumonia_00847.png,Viral_Pneumonia,2,stage1_synthesis,DCGAN
data/processed/synthetic_dcgan/Viral_Pneumonia/images/dcgan_Viral_Pneumonia_00848.png,Viral_Pneumonia,2,stage1_synthesis,DCGAN
data/processed/synthetic_dcgan/Viral_Pneumonia/images/dcgan_Viral_Pneumonia_00849.png,Viral_Pneumonia,2,stage1_synthesis,DCGAN
data/processed/synthetic_dcgan/Viral_Pneumonia/images/dcgan_Viral_Pneumonia_00850.png,Viral_Pneumonia,2,stage1_synthesis,DCGAN
data/processed/synthetic_dcgan/Viral_Pneumonia/images/dcgan_Viral_Pneumonia_00851.png,Viral_Pneumonia,2,stage1_synthesis,DCGAN
data/processed/synthetic_dcgan/Viral_Pneumonia/images/dcgan_Viral_Pneumonia_00852.png,Viral_Pneumonia,2,stage1_synthesis,DCGAN
data/processed/synthetic_dcgan/Viral_Pneumonia/images/dcgan_Viral_Pneumonia_00853.png,Viral_Pneumonia,2,stage1_synthesis,DCGAN
data/processed/synthetic_dcgan/Viral_Pneumonia/images/dcgan_Viral_Pneumonia_00854.png,Viral_Pneumonia,2,stage1_synthesis,DCGAN
data/processed/synthetic_dcgan/Viral_Pneumonia/images/dcgan_Viral_Pneumonia_00855.png,Viral_Pneumonia,2,stage1_synthesis,DCGAN
data/processed/synthetic_dcgan/Viral_Pneumonia/images/dcgan_Viral_Pneumonia_00856.png,Viral_Pneumonia,2,stage1_synthesis,DCGAN
data/processed/synthetic_dcgan/Viral_Pneumonia/images/dcgan_Viral_Pneumonia_00857.png,Viral_Pneumonia,2,stage1_synthesis,DCGAN
data/processed/synthetic_dcgan/Viral_Pneumonia/images/dcgan_Viral_Pneumonia_00858.png,Viral_Pneumonia,2,stage1_synthesis,DCGAN
data/processed/synthetic_dcgan/Viral_Pneumonia/images/dcgan_Viral_Pneumonia_00859.png,Viral_Pneumonia,2,stage1_synthesis,DCGAN
data/processed/synthetic_dcgan/Viral_Pneumonia/images/dcgan_Viral_Pneumonia_00860.png,Viral_Pneumonia,2,stage1_synthesis,DCGAN
data/processed/synthetic_dcgan/Viral_Pneumonia/images/dcgan_Viral_Pneumonia_00861.png,Viral_Pneumonia,2,stage1_synthesis,DCGAN
data/processed/synthetic_dcgan/Viral_Pneumonia/images/dcgan_Viral_Pneumonia_00862.png,Viral_Pneumonia,2,stage1_synthesis,DCGAN
data/processed/synthetic_dcgan/Viral_Pneumonia/images/dcgan_Viral_Pneumonia_00863.png,Viral_Pneumonia,2,stage1_synthesis,DCGAN
data/processed/synthetic_dcgan/Viral_Pneumonia/images/dcgan_Viral_Pneumonia_00864.png,Viral_Pneumonia,2,stage1_synthesis,DCGAN
data/processed/synthetic_dcgan/Viral_Pneumonia/images/dcgan_Viral_Pneumonia_00865.png,Viral_Pneumonia,2,stage1_synthesis,DCGAN
data/processed/synthetic_dcgan/Viral_Pneumonia/images/dcgan_Viral_Pneumonia_00866.png,Viral_Pneumonia,2,stage1_synthesis,DCGAN
data/processed/synthetic_dcgan/Viral_Pneumonia/images/dcgan_Viral_Pneumonia_00867.png,Viral_Pneumonia,2,stage1_synthesis,DCGAN
data/processed/synthetic_dcgan/Viral_Pneumonia/images/dcgan_Viral_Pneumonia_00868.png,Viral_Pneumonia,2,stage1_synthesis,DCGAN
data/processed/synthetic_dcgan/Viral_Pneumonia/images/dcgan_Viral_Pneumonia_00869.png,Viral_Pneumonia,2,stage1_synthesis,DCGAN
data/processed/synthetic_dcgan/Viral_Pneumonia/images/dcgan_Viral_Pneumonia_00870.png,Viral_Pneumonia,2,stage1_synthesis,DCGAN
data/processed/synthetic_dcgan/Viral_Pneumonia/images/dcgan_Viral_Pneumonia_00871.png,Viral_Pneumonia,2,stage1_synthesis,DCGAN
data/processed/synthetic_dcgan/Viral_Pneumonia/images/dcgan_Viral_Pneumonia_00872.png,Viral_Pneumonia,2,stage1_synthesis,DCGAN
data/processed/synthetic_dcgan/Viral_Pneumonia/images/dcgan_Viral_Pneumonia_00873.png,Viral_Pneumonia,2,stage1_synthesis,DCGAN
data/processed/synthetic_dcgan/Viral_Pneumonia/images/dcgan_Viral_Pneumonia_00874.png,Viral_Pneumonia,2,stage1_synthesis,DCGAN
data/processed/synthetic_dcgan/Viral_Pneumonia/images/dcgan_Viral_Pneumonia_00875.png,Viral_Pneumonia,2,stage1_synthesis,DCGAN
data/processed/synthetic_dcgan/Viral_Pneumonia/images/dcgan_Viral_Pneumonia_00876.png,Viral_Pneumonia,2,stage1_synthesis,DCGAN
data/processed/synthetic_dcgan/Viral_Pneumonia/images/dcgan_Viral_Pneumonia_00877.png,Viral_Pneumonia,2,stage1_synthesis,DCGAN
data/processed/synthetic_dcgan/Viral_Pneumonia/images/dcgan_Viral_Pneumonia_00878.png,Viral_Pneumonia,2,stage1_synthesis,DCGAN
data/processed/synthetic_dcgan/Viral_Pneumonia/images/dcgan_Viral_Pneumonia_00879.png,Viral_Pneumonia,2,stage1_synthesis,DCGAN
data/processed/synthetic_dcgan/Viral_Pneumonia/images/dcgan_Viral_Pneumonia_00880.png,Viral_Pneumonia,2,stage1_synthesis,DCGAN
data/processed/synthetic_dcgan/Viral_Pneumonia/images/dcgan_Viral_Pneumonia_00881.png,Viral_Pneumonia,2,stage1_synthesis,DCGAN
data/processed/synthetic_dcgan/Viral_Pneumonia/images/dcgan_Viral_Pneumonia_00882.png,Viral_Pneumonia,2,stage1_synthesis,DCGAN
data/processed/synthetic_dcgan/Viral_Pneumonia/images/dcgan_Viral_Pneumonia_00883.png,Viral_Pneumonia,2,stage1_synthesis,DCGAN
data/processed/synthetic_dcgan/Viral_Pneumonia/images/dcgan_Viral_Pneumonia_00884.png,Viral_Pneumonia,2,stage1_synthesis,DCGAN
data/processed/synthetic_dcgan/Viral_Pneumonia/images/dcgan_Viral_Pneumonia_00885.png,Viral_Pneumonia,2,stage1_synthesis,DCGAN
data/processed/synthetic_dcgan/Viral_Pneumonia/images/dcgan_Viral_Pneumonia_00886.png,Viral_Pneumonia,2,stage1_synthesis,DCGAN
data/processed/synthetic_dcgan/Viral_Pneumonia/images/dcgan_Viral_Pneumonia_00887.png,Viral_Pneumonia,2,stage1_synthesis,DCGAN
data/processed/synthetic_dcgan/Viral_Pneumonia/images/dcgan_Viral_Pneumonia_00888.png,Viral_Pneumonia,2,stage1_synthesis,DCGAN
data/processed/synthetic_dcgan/Viral_Pneumonia/images/dcgan_Viral_Pneumonia_00889.png,Viral_Pneumonia,2,stage1_synthesis,DCGAN
data/processed/synthetic_dcgan/Viral_Pneumonia/images/dcgan_Viral_Pneumonia_00890.png,Viral_Pneumonia,2,stage1_synthesis,DCGAN
data/processed/synthetic_dcgan/Viral_Pneumonia/images/dcgan_Viral_Pneumonia_00891.png,Viral_Pneumonia,2,stage1_synthesis,DCGAN
data/processed/synthetic_dcgan/Viral_Pneumonia/images/dcgan_Viral_Pneumonia_00892.png,Viral_Pneumonia,2,stage1_synthesis,DCGAN
data/processed/synthetic_dcgan/Viral_Pneumonia/images/dcgan_Viral_Pneumonia_00893.png,Viral_Pneumonia,2,stage1_synthesis,DCGAN
data/processed/synthetic_dcgan/Viral_Pneumonia/images/dcgan_Viral_Pneumonia_00894.png,Viral_Pneumonia,2,stage1_synthesis,DCGAN
data/processed/synthetic_dcgan/Viral_Pneumonia/images/dcgan_Viral_Pneumonia_00895.png,Viral_Pneumonia,2,stage1_synthesis,DCGAN
data/processed/synthetic_dcgan/Viral_Pneumonia/images/dcgan_Viral_Pneumonia_00896.png,Viral_Pneumonia,2,stage1_synthesis,DCGAN
data/processed/synthetic_dcgan/Viral_Pneumonia/images/dcgan_Viral_Pneumonia_00897.png,Viral_Pneumonia,2,stage1_synthesis,DCGAN
data/processed/synthetic_dcgan/Viral_Pneumonia/images/dcgan_Viral_Pneumonia_00898.png,Viral_Pneumonia,2,stage1_synthesis,DCGAN
data/processed/synthetic_dcgan/Viral_Pneumonia/images/dcgan_Viral_Pneumonia_00899.png,Viral_Pneumonia,2,stage1_synthesis,DCGAN
data/processed/synthetic_dcgan/Viral_Pneumonia/images/dcgan_Viral_Pneumonia_00900.png,Viral_Pneumonia,2,stage1_synthesis,DCGAN
data/processed/synthetic_dcgan/Viral_Pneumonia/images/dcgan_Viral_Pneumonia_00901.png,Viral_Pneumonia,2,stage1_synthesis,DCGAN
data/processed/synthetic_dcgan/Viral_Pneumonia/images/dcgan_Viral_Pneumonia_00902.png,Viral_Pneumonia,2,stage1_synthesis,DCGAN
data/processed/synthetic_dcgan/Viral_Pneumonia/images/dcgan_Viral_Pneumonia_00903.png,Viral_Pneumonia,2,stage1_synthesis,DCGAN
data/processed/synthetic_dcgan/Viral_Pneumonia/images/dcgan_Viral_Pneumonia_00904.png,Viral_Pneumonia,2,stage1_synthesis,DCGAN
data/processed/synthetic_dcgan/Viral_Pneumonia/images/dcgan_Viral_Pneumonia_00905.png,Viral_Pneumonia,2,stage1_synthesis,DCGAN
data/processed/synthetic_dcgan/Viral_Pneumonia/images/dcgan_Viral_Pneumonia_00906.png,Viral_Pneumonia,2,stage1_synthesis,DCGAN
data/processed/synthetic_dcgan/Viral_Pneumonia/images/dcgan_Viral_Pneumonia_00907.png,Viral_Pneumonia,2,stage1_synthesis,DCGAN
data/processed/synthetic_dcgan/Viral_Pneumonia/images/dcgan_Viral_Pneumonia_00908.png,Viral_Pneumonia,2,stage1_synthesis,DCGAN
data/processed/synthetic_dcgan/Viral_Pneumonia/images/dcgan_Viral_Pneumonia_00909.png,Viral_Pneumonia,2,stage1_synthesis,DCGAN
data/processed/synthetic_dcgan/Viral_Pneumonia/images/dcgan_Viral_Pneumonia_00910.png,Viral_Pneumonia,2,stage1_synthesis,DCGAN
data/processed/synthetic_dcgan/Viral_Pneumonia/images/dcgan_Viral_Pneumonia_00911.png,Viral_Pneumonia,2,stage1_synthesis,DCGAN
data/processed/synthetic_dcgan/Viral_Pneumonia/images/dcgan_Viral_Pneumonia_00912.png,Viral_Pneumonia,2,stage1_synthesis,DCGAN
data/processed/synthetic_dcgan/Viral_Pneumonia/images/dcgan_Viral_Pneumonia_00913.png,Viral_Pneumonia,2,stage1_synthesis,DCGAN
data/processed/synthetic_dcgan/Viral_Pneumonia/images/dcgan_Viral_Pneumonia_00914.png,Viral_Pneumonia,2,stage1_synthesis,DCGAN
data/processed/synthetic_dcgan/Viral_Pneumonia/images/dcgan_Viral_Pneumonia_00915.png,Viral_Pneumonia,2,stage1_synthesis,DCGAN
data/processed/synthetic_dcgan/Viral_Pneumonia/images/dcgan_Viral_Pneumonia_00916.png,Viral_Pneumonia,2,stage1_synthesis,DCGAN
data/processed/synthetic_dcgan/Viral_Pneumonia/images/dcgan_Viral_Pneumonia_00917.png,Viral_Pneumonia,2,stage1_synthesis,DCGAN
data/processed/synthetic_dcgan/Viral_Pneumonia/images/dcgan_Viral_Pneumonia_00918.png,Viral_Pneumonia,2,stage1_synthesis,DCGAN
data/processed/synthetic_dcgan/Viral_Pneumonia/images/dcgan_Viral_Pneumonia_00919.png,Viral_Pneumonia,2,stage1_synthesis,DCGAN
data/processed/synthetic_dcgan/Viral_Pneumonia/images/dcgan_Viral_Pneumonia_00920.png,Viral_Pneumonia,2,stage1_synthesis,DCGAN
data/processed/synthetic_dcgan/Viral_Pneumonia/images/dcgan_Viral_Pneumonia_00921.png,Viral_Pneumonia,2,stage1_synthesis,DCGAN
data/processed/synthetic_dcgan/Viral_Pneumonia/images/dcgan_Viral_Pneumonia_00922.png,Viral_Pneumonia,2,stage1_synthesis,DCGAN
data/processed/synthetic_dcgan/Viral_Pneumonia/images/dcgan_Viral_Pneumonia_00923.png,Viral_Pneumonia,2,stage1_synthesis,DCGAN
data/processed/synthetic_dcgan/Viral_Pneumonia/images/dcgan_Viral_Pneumonia_00924.png,Viral_Pneumonia,2,stage1_synthesis,DCGAN
data/processed/synthetic_dcgan/Viral_Pneumonia/images/dcgan_Viral_Pneumonia_00925.png,Viral_Pneumonia,2,stage1_synthesis,DCGAN
data/processed/synthetic_dcgan/Viral_Pneumonia/images/dcgan_Viral_Pneumonia_00926.png,Viral_Pneumonia,2,stage1_synthesis,DCGAN
data/processed/synthetic_dcgan/Viral_Pneumonia/images/dcgan_Viral_Pneumonia_00927.png,Viral_Pneumonia,2,stage1_synthesis,DCGAN
data/processed/synthetic_dcgan/Viral_Pneumonia/images/dcgan_Viral_Pneumonia_00928.png,Viral_Pneumonia,2,stage1_synthesis,DCGAN
data/processed/synthetic_dcgan/Viral_Pneumonia/images/dcgan_Viral_Pneumonia_00929.png,Viral_Pneumonia,2,stage1_synthesis,DCGAN
data/processed/synthetic_dcgan/Viral_Pneumonia/images/dcgan_Viral_Pneumonia_00930.png,Viral_Pneumonia,2,stage1_synthesis,DCGAN
data/processed/synthetic_dcgan/Viral_Pneumonia/images/dcgan_Viral_Pneumonia_00931.png,Viral_Pneumonia,2,stage1_synthesis,DCGAN
data/processed/synthetic_dcgan/Viral_Pneumonia/images/dcgan_Viral_Pneumonia_00932.png,Viral_Pneumonia,2,stage1_synthesis,DCGAN
data/processed/synthetic_dcgan/Viral_Pneumonia/images/dcgan_Viral_Pneumonia_00933.png,Viral_Pneumonia,2,stage1_synthesis,DCGAN
data/processed/synthetic_dcgan/Viral_Pneumonia/images/dcgan_Viral_Pneumonia_00934.png,Viral_Pneumonia,2,stage1_synthesis,DCGAN
data/processed/synthetic_dcgan/Viral_Pneumonia/images/dcgan_Viral_Pneumonia_00935.png,Viral_Pneumonia,2,stage1_synthesis,DCGAN
data/processed/synthetic_dcgan/Viral_Pneumonia/images/dcgan_Viral_Pneumonia_00936.png,Viral_Pneumonia,2,stage1_synthesis,DCGAN
data/processed/synthetic_dcgan/Viral_Pneumonia/images/dcgan_Viral_Pneumonia_00937.png,Viral_Pneumonia,2,stage1_synthesis,DCGAN
data/processed/synthetic_dcgan/Viral_Pneumonia/images/dcgan_Viral_Pneumonia_00938.png,Viral_Pneumonia,2,stage1_synthesis,DCGAN
data/processed/synthetic_dcgan/Viral_Pneumonia/images/dcgan_Viral_Pneumonia_00939.png,Viral_Pneumonia,2,stage1_synthesis,DCGAN
data/processed/synthetic_dcgan/Viral_Pneumonia/images/dcgan_Viral_Pneumonia_00940.png,Viral_Pneumonia,2,stage1_synthesis,DCGAN
data/processed/synthetic_dcgan/Viral_Pneumonia/images/dcgan_Viral_Pneumonia_00941.png,Viral_Pneumonia,2,stage1_synthesis,DCGAN
data/processed/synthetic_dcgan/Viral_Pneumonia/images/dcgan_Viral_Pneumonia_00942.png,Viral_Pneumonia,2,stage1_synthesis,DCGAN
data/processed/synthetic_dcgan/Viral_Pneumonia/images/dcgan_Viral_Pneumonia_00943.png,Viral_Pneumonia,2,stage1_synthesis,DCGAN
data/processed/synthetic_dcgan/Viral_Pneumonia/images/dcgan_Viral_Pneumonia_00944.png,Viral_Pneumonia,2,stage1_synthesis,DCGAN
data/processed/synthetic_dcgan/Viral_Pneumonia/images/dcgan_Viral_Pneumonia_00945.png,Viral_Pneumonia,2,stage1_synthesis,DCGAN
data/processed/synthetic_dcgan/Viral_Pneumonia/images/dcgan_Viral_Pneumonia_00946.png,Viral_Pneumonia,2,stage1_synthesis,DCGAN
data/processed/synthetic_dcgan/Viral_Pneumonia/images/dcgan_Viral_Pneumonia_00947.png,Viral_Pneumonia,2,stage1_synthesis,DCGAN
data/processed/synthetic_dcgan/Viral_Pneumonia/images/dcgan_Viral_Pneumonia_00948.png,Viral_Pneumonia,2,stage1_synthesis,DCGAN
data/processed/synthetic_dcgan/Viral_Pneumonia/images/dcgan_Viral_Pneumonia_00949.png,Viral_Pneumonia,2,stage1_synthesis,DCGAN
data/processed/synthetic_dcgan/Viral_Pneumonia/images/dcgan_Viral_Pneumonia_00950.png,Viral_Pneumonia,2,stage1_synthesis,DCGAN
data/processed/synthetic_dcgan/Viral_Pneumonia/images/dcgan_Viral_Pneumonia_00951.png,Viral_Pneumonia,2,stage1_synthesis,DCGAN
data/processed/synthetic_dcgan/Viral_Pneumonia/images/dcgan_Viral_Pneumonia_00952.png,Viral_Pneumonia,2,stage1_synthesis,DCGAN
data/processed/synthetic_dcgan/Viral_Pneumonia/images/dcgan_Viral_Pneumonia_00953.png,Viral_Pneumonia,2,stage1_synthesis,DCGAN
data/processed/synthetic_dcgan/Viral_Pneumonia/images/dcgan_Viral_Pneumonia_00954.png,Viral_Pneumonia,2,stage1_synthesis,DCGAN
data/processed/synthetic_dcgan/Viral_Pneumonia/images/dcgan_Viral_Pneumonia_00955.png,Viral_Pneumonia,2,stage1_synthesis,DCGAN
data/processed/synthetic_dcgan/Viral_Pneumonia/images/dcgan_Viral_Pneumonia_00956.png,Viral_Pneumonia,2,stage1_synthesis,DCGAN
data/processed/synthetic_dcgan/Viral_Pneumonia/images/dcgan_Viral_Pneumonia_00957.png,Viral_Pneumonia,2,stage1_synthesis,DCGAN
data/processed/synthetic_dcgan/Viral_Pneumonia/images/dcgan_Viral_Pneumonia_00958.png,Viral_Pneumonia,2,stage1_synthesis,DCGAN
data/processed/synthetic_dcgan/Viral_Pneumonia/images/dcgan_Viral_Pneumonia_00959.png,Viral_Pneumonia,2,stage1_synthesis,DCGAN
data/processed/synthetic_dcgan/Viral_Pneumonia/images/dcgan_Viral_Pneumonia_00960.png,Viral_Pneumonia,2,stage1_synthesis,DCGAN
data/processed/synthetic_dcgan/Viral_Pneumonia/images/dcgan_Viral_Pneumonia_00961.png,Viral_Pneumonia,2,stage1_synthesis,DCGAN
data/processed/synthetic_dcgan/Viral_Pneumonia/images/dcgan_Viral_Pneumonia_00962.png,Viral_Pneumonia,2,stage1_synthesis,DCGAN
data/processed/synthetic_dcgan/Viral_Pneumonia/images/dcgan_Viral_Pneumonia_00963.png,Viral_Pneumonia,2,stage1_synthesis,DCGAN
data/processed/synthetic_dcgan/Viral_Pneumonia/images/dcgan_Viral_Pneumonia_00964.png,Viral_Pneumonia,2,stage1_synthesis,DCGAN
data/processed/synthetic_dcgan/Viral_Pneumonia/images/dcgan_Viral_Pneumonia_00965.png,Viral_Pneumonia,2,stage1_synthesis,DCGAN
data/processed/synthetic_dcgan/Viral_Pneumonia/images/dcgan_Viral_Pneumonia_00966.png,Viral_Pneumonia,2,stage1_synthesis,DCGAN
data/processed/synthetic_dcgan/Viral_Pneumonia/images/dcgan_Viral_Pneumonia_00967.png,Viral_Pneumonia,2,stage1_synthesis,DCGAN
data/processed/synthetic_dcgan/Viral_Pneumonia/images/dcgan_Viral_Pneumonia_00968.png,Viral_Pneumonia,2,stage1_synthesis,DCGAN
data/processed/synthetic_dcgan/Viral_Pneumonia/images/dcgan_Viral_Pneumonia_00969.png,Viral_Pneumonia,2,stage1_synthesis,DCGAN
data/processed/synthetic_dcgan/Viral_Pneumonia/images/dcgan_Viral_Pneumonia_00970.png,Viral_Pneumonia,2,stage1_synthesis,DCGAN
data/processed/synthetic_dcgan/Viral_Pneumonia/images/dcgan_Viral_Pneumonia_00971.png,Viral_Pneumonia,2,stage1_synthesis,DCGAN
data/processed/synthetic_dcgan/Viral_Pneumonia/images/dcgan_Viral_Pneumonia_00972.png,Viral_Pneumonia,2,stage1_synthesis,DCGAN
data/processed/synthetic_dcgan/Viral_Pneumonia/images/dcgan_Viral_Pneumonia_00973.png,Viral_Pneumonia,2,stage1_synthesis,DCGAN
data/processed/synthetic_dcgan/Viral_Pneumonia/images/dcgan_Viral_Pneumonia_00974.png,Viral_Pneumonia,2,stage1_synthesis,DCGAN
data/processed/synthetic_dcgan/Viral_Pneumonia/images/dcgan_Viral_Pneumonia_00975.png,Viral_Pneumonia,2,stage1_synthesis,DCGAN
data/processed/synthetic_dcgan/Viral_Pneumonia/images/dcgan_Viral_Pneumonia_00976.png,Viral_Pneumonia,2,stage1_synthesis,DCGAN
data/processed/synthetic_dcgan/Viral_Pneumonia/images/dcgan_Viral_Pneumonia_00977.png,Viral_Pneumonia,2,stage1_synthesis,DCGAN
data/processed/synthetic_dcgan/Viral_Pneumonia/images/dcgan_Viral_Pneumonia_00978.png,Viral_Pneumonia,2,stage1_synthesis,DCGAN
data/processed/synthetic_dcgan/Viral_Pneumonia/images/dcgan_Viral_Pneumonia_00979.png,Viral_Pneumonia,2,stage1_synthesis,DCGAN
data/processed/synthetic_dcgan/Viral_Pneumonia/images/dcgan_Viral_Pneumonia_00980.png,Viral_Pneumonia,2,stage1_synthesis,DCGAN
data/processed/synthetic_dcgan/Viral_Pneumonia/images/dcgan_Viral_Pneumonia_00981.png,Viral_Pneumonia,2,stage1_synthesis,DCGAN
data/processed/synthetic_dcgan/Viral_Pneumonia/images/dcgan_Viral_Pneumonia_00982.png,Viral_Pneumonia,2,stage1_synthesis,DCGAN
data/processed/synthetic_dcgan/Viral_Pneumonia/images/dcgan_Viral_Pneumonia_00983.png,Viral_Pneumonia,2,stage1_synthesis,DCGAN
data/processed/synthetic_dcgan/Viral_Pneumonia/images/dcgan_Viral_Pneumonia_00984.png,Viral_Pneumonia,2,stage1_synthesis,DCGAN
data/processed/synthetic_dcgan/Viral_Pneumonia/images/dcgan_Viral_Pneumonia_00985.png,Viral_Pneumonia,2,stage1_synthesis,DCGAN
data/processed/synthetic_dcgan/Viral_Pneumonia/images/dcgan_Viral_Pneumonia_00986.png,Viral_Pneumonia,2,stage1_synthesis,DCGAN
data/processed/synthetic_dcgan/Viral_Pneumonia/images/dcgan_Viral_Pneumonia_00987.png,Viral_Pneumonia,2,stage1_synthesis,DCGAN
data/processed/synthetic_dcgan/Viral_Pneumonia/images/dcgan_Viral_Pneumonia_00988.png,Viral_Pneumonia,2,stage1_synthesis,DCGAN
data/processed/synthetic_dcgan/Viral_Pneumonia/images/dcgan_Viral_Pneumonia_00989.png,Viral_Pneumonia,2,stage1_synthesis,DCGAN
data/processed/synthetic_dcgan/Viral_Pneumonia/images/dcgan_Viral_Pneumonia_00990.png,Viral_Pneumonia,2,stage1_synthesis,DCGAN
data/processed/synthetic_dcgan/Viral_Pneumonia/images/dcgan_Viral_Pneumonia_00991.png,Viral_Pneumonia,2,stage1_synthesis,DCGAN
data/processed/synthetic_dcgan/Viral_Pneumonia/images/dcgan_Viral_Pneumonia_00992.png,Viral_Pneumonia,2,stage1_synthesis,DCGAN
data/processed/synthetic_dcgan/Viral_Pneumonia/images/dcgan_Viral_Pneumonia_00993.png,Viral_Pneumonia,2,stage1_synthesis,DCGAN
data/processed/synthetic_dcgan/Viral_Pneumonia/images/dcgan_Viral_Pneumonia_00994.png,Viral_Pneumonia,2,stage1_synthesis,DCGAN
data/processed/synthetic_dcgan/Viral_Pneumonia/images/dcgan_Viral_Pneumonia_00995.png,Viral_Pneumonia,2,stage1_synthesis,DCGAN
data/processed/synthetic_dcgan/Viral_Pneumonia/images/dcgan_Viral_Pneumonia_00996.png,Viral_Pneumonia,2,stage1_synthesis,DCGAN
data/processed/synthetic_dcgan/Viral_Pneumonia/images/dcgan_Viral_Pneumonia_00997.png,Viral_Pneumonia,2,stage1_synthesis,DCGAN
data/processed/synthetic_dcgan/Viral_Pneumonia/images/dcgan_Viral_Pneumonia_00998.png,Viral_Pneumonia,2,stage1_synthesis,DCGAN
data/processed/synthetic_dcgan/Viral_Pneumonia/images/dcgan_Viral_Pneumonia_00999.png,Viral_Pneumonia,2,stage1_synthesis,DCGAN
data/processed/synthetic_dcgan/Normal/images/dcgan_Normal_00000.png,Normal,3,stage1_synthesis,DCGAN
data/processed/synthetic_dcgan/Normal/images/dcgan_Normal_00001.png,Normal,3,stage1_synthesis,DCGAN
data/processed/synthetic_dcgan/Normal/images/dcgan_Normal_00002.png,Normal,3,stage1_synthesis,DCGAN
data/processed/synthetic_dcgan/Normal/images/dcgan_Normal_00003.png,Normal,3,stage1_synthesis,DCGAN
data/processed/synthetic_dcgan/Normal/images/dcgan_Normal_00004.png,Normal,3,stage1_synthesis,DCGAN
data/processed/synthetic_dcgan/Normal/images/dcgan_Normal_00005.png,Normal,3,stage1_synthesis,DCGAN
data/processed/synthetic_dcgan/Normal/images/dcgan_Normal_00006.png,Normal,3,stage1_synthesis,DCGAN
data/processed/synthetic_dcgan/Normal/images/dcgan_Normal_00007.png,Normal,3,stage1_synthesis,DCGAN
data/processed/synthetic_dcgan/Normal/images/dcgan_Normal_00008.png,Normal,3,stage1_synthesis,DCGAN
data/processed/synthetic_dcgan/Normal/images/dcgan_Normal_00009.png,Normal,3,stage1_synthesis,DCGAN
data/processed/synthetic_dcgan/Normal/images/dcgan_Normal_00010.png,Normal,3,stage1_synthesis,DCGAN
data/processed/synthetic_dcgan/Normal/images/dcgan_Normal_00011.png,Normal,3,stage1_synthesis,DCGAN
data/processed/synthetic_dcgan/Normal/images/dcgan_Normal_00012.png,Normal,3,stage1_synthesis,DCGAN
data/processed/synthetic_dcgan/Normal/images/dcgan_Normal_00013.png,Normal,3,stage1_synthesis,DCGAN
data/processed/synthetic_dcgan/Normal/images/dcgan_Normal_00014.png,Normal,3,stage1_synthesis,DCGAN
data/processed/synthetic_dcgan/Normal/images/dcgan_Normal_00015.png,Normal,3,stage1_synthesis,DCGAN
data/processed/synthetic_dcgan/Normal/images/dcgan_Normal_00016.png,Normal,3,stage1_synthesis,DCGAN
data/processed/synthetic_dcgan/Normal/images/dcgan_Normal_00017.png,Normal,3,stage1_synthesis,DCGAN
data/processed/synthetic_dcgan/Normal/images/dcgan_Normal_00018.png,Normal,3,stage1_synthesis,DCGAN
data/processed/synthetic_dcgan/Normal/images/dcgan_Normal_00019.png,Normal,3,stage1_synthesis,DCGAN
data/processed/synthetic_dcgan/Normal/images/dcgan_Normal_00020.png,Normal,3,stage1_synthesis,DCGAN
data/processed/synthetic_dcgan/Normal/images/dcgan_Normal_00021.png,Normal,3,stage1_synthesis,DCGAN
data/processed/synthetic_dcgan/Normal/images/dcgan_Normal_00022.png,Normal,3,stage1_synthesis,DCGAN
data/processed/synthetic_dcgan/Normal/images/dcgan_Normal_00023.png,Normal,3,stage1_synthesis,DCGAN
data/processed/synthetic_dcgan/Normal/images/dcgan_Normal_00024.png,Normal,3,stage1_synthesis,DCGAN
data/processed/synthetic_dcgan/Normal/images/dcgan_Normal_00025.png,Normal,3,stage1_synthesis,DCGAN
data/processed/synthetic_dcgan/Normal/images/dcgan_Normal_00026.png,Normal,3,stage1_synthesis,DCGAN
data/processed/synthetic_dcgan/Normal/images/dcgan_Normal_00027.png,Normal,3,stage1_synthesis,DCGAN
data/processed/synthetic_dcgan/Normal/images/dcgan_Normal_00028.png,Normal,3,stage1_synthesis,DCGAN
data/processed/synthetic_dcgan/Normal/images/dcgan_Normal_00029.png,Normal,3,stage1_synthesis,DCGAN
data/processed/synthetic_dcgan/Normal/images/dcgan_Normal_00030.png,Normal,3,stage1_synthesis,DCGAN
data/processed/synthetic_dcgan/Normal/images/dcgan_Normal_00031.png,Normal,3,stage1_synthesis,DCGAN
data/processed/synthetic_dcgan/Normal/images/dcgan_Normal_00032.png,Normal,3,stage1_synthesis,DCGAN
data/processed/synthetic_dcgan/Normal/images/dcgan_Normal_00033.png,Normal,3,stage1_synthesis,DCGAN
data/processed/synthetic_dcgan/Normal/images/dcgan_Normal_00034.png,Normal,3,stage1_synthesis,DCGAN
data/processed/synthetic_dcgan/Normal/images/dcgan_Normal_00035.png,Normal,3,stage1_synthesis,DCGAN
data/processed/synthetic_dcgan/Normal/images/dcgan_Normal_00036.png,Normal,3,stage1_synthesis,DCGAN
data/processed/synthetic_dcgan/Normal/images/dcgan_Normal_00037.png,Normal,3,stage1_synthesis,DCGAN
data/processed/synthetic_dcgan/Normal/images/dcgan_Normal_00038.png,Normal,3,stage1_synthesis,DCGAN
data/processed/synthetic_dcgan/Normal/images/dcgan_Normal_00039.png,Normal,3,stage1_synthesis,DCGAN
data/processed/synthetic_dcgan/Normal/images/dcgan_Normal_00040.png,Normal,3,stage1_synthesis,DCGAN
data/processed/synthetic_dcgan/Normal/images/dcgan_Normal_00041.png,Normal,3,stage1_synthesis,DCGAN
data/processed/synthetic_dcgan/Normal/images/dcgan_Normal_00042.png,Normal,3,stage1_synthesis,DCGAN
data/processed/synthetic_dcgan/Normal/images/dcgan_Normal_00043.png,Normal,3,stage1_synthesis,DCGAN
data/processed/synthetic_dcgan/Normal/images/dcgan_Normal_00044.png,Normal,3,stage1_synthesis,DCGAN
data/processed/synthetic_dcgan/Normal/images/dcgan_Normal_00045.png,Normal,3,stage1_synthesis,DCGAN
data/processed/synthetic_dcgan/Normal/images/dcgan_Normal_00046.png,Normal,3,stage1_synthesis,DCGAN
data/processed/synthetic_dcgan/Normal/images/dcgan_Normal_00047.png,Normal,3,stage1_synthesis,DCGAN
data/processed/synthetic_dcgan/Normal/images/dcgan_Normal_00048.png,Normal,3,stage1_synthesis,DCGAN
data/processed/synthetic_dcgan/Normal/images/dcgan_Normal_00049.png,Normal,3,stage1_synthesis,DCGAN
data/processed/synthetic_dcgan/Normal/images/dcgan_Normal_00050.png,Normal,3,stage1_synthesis,DCGAN
data/processed/synthetic_dcgan/Normal/images/dcgan_Normal_00051.png,Normal,3,stage1_synthesis,DCGAN
data/processed/synthetic_dcgan/Normal/images/dcgan_Normal_00052.png,Normal,3,stage1_synthesis,DCGAN
data/processed/synthetic_dcgan/Normal/images/dcgan_Normal_00053.png,Normal,3,stage1_synthesis,DCGAN
data/processed/synthetic_dcgan/Normal/images/dcgan_Normal_00054.png,Normal,3,stage1_synthesis,DCGAN
data/processed/synthetic_dcgan/Normal/images/dcgan_Normal_00055.png,Normal,3,stage1_synthesis,DCGAN
data/processed/synthetic_dcgan/Normal/images/dcgan_Normal_00056.png,Normal,3,stage1_synthesis,DCGAN
data/processed/synthetic_dcgan/Normal/images/dcgan_Normal_00057.png,Normal,3,stage1_synthesis,DCGAN
data/processed/synthetic_dcgan/Normal/images/dcgan_Normal_00058.png,Normal,3,stage1_synthesis,DCGAN
data/processed/synthetic_dcgan/Normal/images/dcgan_Normal_00059.png,Normal,3,stage1_synthesis,DCGAN
data/processed/synthetic_dcgan/Normal/images/dcgan_Normal_00060.png,Normal,3,stage1_synthesis,DCGAN
data/processed/synthetic_dcgan/Normal/images/dcgan_Normal_00061.png,Normal,3,stage1_synthesis,DCGAN
data/processed/synthetic_dcgan/Normal/images/dcgan_Normal_00062.png,Normal,3,stage1_synthesis,DCGAN
data/processed/synthetic_dcgan/Normal/images/dcgan_Normal_00063.png,Normal,3,stage1_synthesis,DCGAN
data/processed/synthetic_dcgan/Normal/images/dcgan_Normal_00064.png,Normal,3,stage1_synthesis,DCGAN
data/processed/synthetic_dcgan/Normal/images/dcgan_Normal_00065.png,Normal,3,stage1_synthesis,DCGAN
data/processed/synthetic_dcgan/Normal/images/dcgan_Normal_00066.png,Normal,3,stage1_synthesis,DCGAN
data/processed/synthetic_dcgan/Normal/images/dcgan_Normal_00067.png,Normal,3,stage1_synthesis,DCGAN
data/processed/synthetic_dcgan/Normal/images/dcgan_Normal_00068.png,Normal,3,stage1_synthesis,DCGAN
data/processed/synthetic_dcgan/Normal/images/dcgan_Normal_00069.png,Normal,3,stage1_synthesis,DCGAN
data/processed/synthetic_dcgan/Normal/images/dcgan_Normal_00070.png,Normal,3,stage1_synthesis,DCGAN
data/processed/synthetic_dcgan/Normal/images/dcgan_Normal_00071.png,Normal,3,stage1_synthesis,DCGAN
data/processed/synthetic_dcgan/Normal/images/dcgan_Normal_00072.png,Normal,3,stage1_synthesis,DCGAN
data/processed/synthetic_dcgan/Normal/images/dcgan_Normal_00073.png,Normal,3,stage1_synthesis,DCGAN
data/processed/synthetic_dcgan/Normal/images/dcgan_Normal_00074.png,Normal,3,stage1_synthesis,DCGAN
data/processed/synthetic_dcgan/Normal/images/dcgan_Normal_00075.png,Normal,3,stage1_synthesis,DCGAN
data/processed/synthetic_dcgan/Normal/images/dcgan_Normal_00076.png,Normal,3,stage1_synthesis,DCGAN
data/processed/synthetic_dcgan/Normal/images/dcgan_Normal_00077.png,Normal,3,stage1_synthesis,DCGAN
data/processed/synthetic_dcgan/Normal/images/dcgan_Normal_00078.png,Normal,3,stage1_synthesis,DCGAN
data/processed/synthetic_dcgan/Normal/images/dcgan_Normal_00079.png,Normal,3,stage1_synthesis,DCGAN
data/processed/synthetic_dcgan/Normal/images/dcgan_Normal_00080.png,Normal,3,stage1_synthesis,DCGAN
data/processed/synthetic_dcgan/Normal/images/dcgan_Normal_00081.png,Normal,3,stage1_synthesis,DCGAN
data/processed/synthetic_dcgan/Normal/images/dcgan_Normal_00082.png,Normal,3,stage1_synthesis,DCGAN
data/processed/synthetic_dcgan/Normal/images/dcgan_Normal_00083.png,Normal,3,stage1_synthesis,DCGAN
data/processed/synthetic_dcgan/Normal/images/dcgan_Normal_00084.png,Normal,3,stage1_synthesis,DCGAN
data/processed/synthetic_dcgan/Normal/images/dcgan_Normal_00085.png,Normal,3,stage1_synthesis,DCGAN
data/processed/synthetic_dcgan/Normal/images/dcgan_Normal_00086.png,Normal,3,stage1_synthesis,DCGAN
data/processed/synthetic_dcgan/Normal/images/dcgan_Normal_00087.png,Normal,3,stage1_synthesis,DCGAN
data/processed/synthetic_dcgan/Normal/images/dcgan_Normal_00088.png,Normal,3,stage1_synthesis,DCGAN
data/processed/synthetic_dcgan/Normal/images/dcgan_Normal_00089.png,Normal,3,stage1_synthesis,DCGAN
data/processed/synthetic_dcgan/Normal/images/dcgan_Normal_00090.png,Normal,3,stage1_synthesis,DCGAN
data/processed/synthetic_dcgan/Normal/images/dcgan_Normal_00091.png,Normal,3,stage1_synthesis,DCGAN
data/processed/synthetic_dcgan/Normal/images/dcgan_Normal_00092.png,Normal,3,stage1_synthesis,DCGAN
data/processed/synthetic_dcgan/Normal/images/dcgan_Normal_00093.png,Normal,3,stage1_synthesis,DCGAN
data/processed/synthetic_dcgan/Normal/images/dcgan_Normal_00094.png,Normal,3,stage1_synthesis,DCGAN
data/processed/synthetic_dcgan/Normal/images/dcgan_Normal_00095.png,Normal,3,stage1_synthesis,DCGAN
data/processed/synthetic_dcgan/Normal/images/dcgan_Normal_00096.png,Normal,3,stage1_synthesis,DCGAN
data/processed/synthetic_dcgan/Normal/images/dcgan_Normal_00097.png,Normal,3,stage1_synthesis,DCGAN
data/processed/synthetic_dcgan/Normal/images/dcgan_Normal_00098.png,Normal,3,stage1_synthesis,DCGAN
data/processed/synthetic_dcgan/Normal/images/dcgan_Normal_00099.png,Normal,3,stage1_synthesis,DCGAN
data/processed/synthetic_dcgan/Normal/images/dcgan_Normal_00100.png,Normal,3,stage1_synthesis,DCGAN
data/processed/synthetic_dcgan/Normal/images/dcgan_Normal_00101.png,Normal,3,stage1_synthesis,DCGAN
data/processed/synthetic_dcgan/Normal/images/dcgan_Normal_00102.png,Normal,3,stage1_synthesis,DCGAN
data/processed/synthetic_dcgan/Normal/images/dcgan_Normal_00103.png,Normal,3,stage1_synthesis,DCGAN
data/processed/synthetic_dcgan/Normal/images/dcgan_Normal_00104.png,Normal,3,stage1_synthesis,DCGAN
data/processed/synthetic_dcgan/Normal/images/dcgan_Normal_00105.png,Normal,3,stage1_synthesis,DCGAN
data/processed/synthetic_dcgan/Normal/images/dcgan_Normal_00106.png,Normal,3,stage1_synthesis,DCGAN
data/processed/synthetic_dcgan/Normal/images/dcgan_Normal_00107.png,Normal,3,stage1_synthesis,DCGAN
data/processed/synthetic_dcgan/Normal/images/dcgan_Normal_00108.png,Normal,3,stage1_synthesis,DCGAN
data/processed/synthetic_dcgan/Normal/images/dcgan_Normal_00109.png,Normal,3,stage1_synthesis,DCGAN
data/processed/synthetic_dcgan/Normal/images/dcgan_Normal_00110.png,Normal,3,stage1_synthesis,DCGAN
data/processed/synthetic_dcgan/Normal/images/dcgan_Normal_00111.png,Normal,3,stage1_synthesis,DCGAN
data/processed/synthetic_dcgan/Normal/images/dcgan_Normal_00112.png,Normal,3,stage1_synthesis,DCGAN
data/processed/synthetic_dcgan/Normal/images/dcgan_Normal_00113.png,Normal,3,stage1_synthesis,DCGAN
data/processed/synthetic_dcgan/Normal/images/dcgan_Normal_00114.png,Normal,3,stage1_synthesis,DCGAN
data/processed/synthetic_dcgan/Normal/images/dcgan_Normal_00115.png,Normal,3,stage1_synthesis,DCGAN
data/processed/synthetic_dcgan/Normal/images/dcgan_Normal_00116.png,Normal,3,stage1_synthesis,DCGAN
data/processed/synthetic_dcgan/Normal/images/dcgan_Normal_00117.png,Normal,3,stage1_synthesis,DCGAN
data/processed/synthetic_dcgan/Normal/images/dcgan_Normal_00118.png,Normal,3,stage1_synthesis,DCGAN
data/processed/synthetic_dcgan/Normal/images/dcgan_Normal_00119.png,Normal,3,stage1_synthesis,DCGAN
data/processed/synthetic_dcgan/Normal/images/dcgan_Normal_00120.png,Normal,3,stage1_synthesis,DCGAN
data/processed/synthetic_dcgan/Normal/images/dcgan_Normal_00121.png,Normal,3,stage1_synthesis,DCGAN
data/processed/synthetic_dcgan/Normal/images/dcgan_Normal_00122.png,Normal,3,stage1_synthesis,DCGAN
data/processed/synthetic_dcgan/Normal/images/dcgan_Normal_00123.png,Normal,3,stage1_synthesis,DCGAN
data/processed/synthetic_dcgan/Normal/images/dcgan_Normal_00124.png,Normal,3,stage1_synthesis,DCGAN
data/processed/synthetic_dcgan/Normal/images/dcgan_Normal_00125.png,Normal,3,stage1_synthesis,DCGAN
data/processed/synthetic_dcgan/Normal/images/dcgan_Normal_00126.png,Normal,3,stage1_synthesis,DCGAN
data/processed/synthetic_dcgan/Normal/images/dcgan_Normal_00127.png,Normal,3,stage1_synthesis,DCGAN
data/processed/synthetic_dcgan/Normal/images/dcgan_Normal_00128.png,Normal,3,stage1_synthesis,DCGAN
data/processed/synthetic_dcgan/Normal/images/dcgan_Normal_00129.png,Normal,3,stage1_synthesis,DCGAN
data/processed/synthetic_dcgan/Normal/images/dcgan_Normal_00130.png,Normal,3,stage1_synthesis,DCGAN
data/processed/synthetic_dcgan/Normal/images/dcgan_Normal_00131.png,Normal,3,stage1_synthesis,DCGAN
data/processed/synthetic_dcgan/Normal/images/dcgan_Normal_00132.png,Normal,3,stage1_synthesis,DCGAN
data/processed/synthetic_dcgan/Normal/images/dcgan_Normal_00133.png,Normal,3,stage1_synthesis,DCGAN
data/processed/synthetic_dcgan/Normal/images/dcgan_Normal_00134.png,Normal,3,stage1_synthesis,DCGAN
data/processed/synthetic_dcgan/Normal/images/dcgan_Normal_00135.png,Normal,3,stage1_synthesis,DCGAN
data/processed/synthetic_dcgan/Normal/images/dcgan_Normal_00136.png,Normal,3,stage1_synthesis,DCGAN
data/processed/synthetic_dcgan/Normal/images/dcgan_Normal_00137.png,Normal,3,stage1_synthesis,DCGAN
data/processed/synthetic_dcgan/Normal/images/dcgan_Normal_00138.png,Normal,3,stage1_synthesis,DCGAN
data/processed/synthetic_dcgan/Normal/images/dcgan_Normal_00139.png,Normal,3,stage1_synthesis,DCGAN
data/processed/synthetic_dcgan/Normal/images/dcgan_Normal_00140.png,Normal,3,stage1_synthesis,DCGAN
data/processed/synthetic_dcgan/Normal/images/dcgan_Normal_00141.png,Normal,3,stage1_synthesis,DCGAN
data/processed/synthetic_dcgan/Normal/images/dcgan_Normal_00142.png,Normal,3,stage1_synthesis,DCGAN
data/processed/synthetic_dcgan/Normal/images/dcgan_Normal_00143.png,Normal,3,stage1_synthesis,DCGAN
data/processed/synthetic_dcgan/Normal/images/dcgan_Normal_00144.png,Normal,3,stage1_synthesis,DCGAN
data/processed/synthetic_dcgan/Normal/images/dcgan_Normal_00145.png,Normal,3,stage1_synthesis,DCGAN
data/processed/synthetic_dcgan/Normal/images/dcgan_Normal_00146.png,Normal,3,stage1_synthesis,DCGAN
data/processed/synthetic_dcgan/Normal/images/dcgan_Normal_00147.png,Normal,3,stage1_synthesis,DCGAN
data/processed/synthetic_dcgan/Normal/images/dcgan_Normal_00148.png,Normal,3,stage1_synthesis,DCGAN
data/processed/synthetic_dcgan/Normal/images/dcgan_Normal_00149.png,Normal,3,stage1_synthesis,DCGAN
data/processed/synthetic_dcgan/Normal/images/dcgan_Normal_00150.png,Normal,3,stage1_synthesis,DCGAN
data/processed/synthetic_dcgan/Normal/images/dcgan_Normal_00151.png,Normal,3,stage1_synthesis,DCGAN
data/processed/synthetic_dcgan/Normal/images/dcgan_Normal_00152.png,Normal,3,stage1_synthesis,DCGAN
data/processed/synthetic_dcgan/Normal/images/dcgan_Normal_00153.png,Normal,3,stage1_synthesis,DCGAN
data/processed/synthetic_dcgan/Normal/images/dcgan_Normal_00154.png,Normal,3,stage1_synthesis,DCGAN
data/processed/synthetic_dcgan/Normal/images/dcgan_Normal_00155.png,Normal,3,stage1_synthesis,DCGAN
data/processed/synthetic_dcgan/Normal/images/dcgan_Normal_00156.png,Normal,3,stage1_synthesis,DCGAN
data/processed/synthetic_dcgan/Normal/images/dcgan_Normal_00157.png,Normal,3,stage1_synthesis,DCGAN
data/processed/synthetic_dcgan/Normal/images/dcgan_Normal_00158.png,Normal,3,stage1_synthesis,DCGAN
data/processed/synthetic_dcgan/Normal/images/dcgan_Normal_00159.png,Normal,3,stage1_synthesis,DCGAN
data/processed/synthetic_dcgan/Normal/images/dcgan_Normal_00160.png,Normal,3,stage1_synthesis,DCGAN
data/processed/synthetic_dcgan/Normal/images/dcgan_Normal_00161.png,Normal,3,stage1_synthesis,DCGAN
data/processed/synthetic_dcgan/Normal/images/dcgan_Normal_00162.png,Normal,3,stage1_synthesis,DCGAN
data/processed/synthetic_dcgan/Normal/images/dcgan_Normal_00163.png,Normal,3,stage1_synthesis,DCGAN
data/processed/synthetic_dcgan/Normal/images/dcgan_Normal_00164.png,Normal,3,stage1_synthesis,DCGAN
data/processed/synthetic_dcgan/Normal/images/dcgan_Normal_00165.png,Normal,3,stage1_synthesis,DCGAN
data/processed/synthetic_dcgan/Normal/images/dcgan_Normal_00166.png,Normal,3,stage1_synthesis,DCGAN
data/processed/synthetic_dcgan/Normal/images/dcgan_Normal_00167.png,Normal,3,stage1_synthesis,DCGAN
data/processed/synthetic_dcgan/Normal/images/dcgan_Normal_00168.png,Normal,3,stage1_synthesis,DCGAN
data/processed/synthetic_dcgan/Normal/images/dcgan_Normal_00169.png,Normal,3,stage1_synthesis,DCGAN
data/processed/synthetic_dcgan/Normal/images/dcgan_Normal_00170.png,Normal,3,stage1_synthesis,DCGAN
data/processed/synthetic_dcgan/Normal/images/dcgan_Normal_00171.png,Normal,3,stage1_synthesis,DCGAN
data/processed/synthetic_dcgan/Normal/images/dcgan_Normal_00172.png,Normal,3,stage1_synthesis,DCGAN
data/processed/synthetic_dcgan/Normal/images/dcgan_Normal_00173.png,Normal,3,stage1_synthesis,DCGAN
data/processed/synthetic_dcgan/Normal/images/dcgan_Normal_00174.png,Normal,3,stage1_synthesis,DCGAN
data/processed/synthetic_dcgan/Normal/images/dcgan_Normal_00175.png,Normal,3,stage1_synthesis,DCGAN
data/processed/synthetic_dcgan/Normal/images/dcgan_Normal_00176.png,Normal,3,stage1_synthesis,DCGAN
data/processed/synthetic_dcgan/Normal/images/dcgan_Normal_00177.png,Normal,3,stage1_synthesis,DCGAN
data/processed/synthetic_dcgan/Normal/images/dcgan_Normal_00178.png,Normal,3,stage1_synthesis,DCGAN
data/processed/synthetic_dcgan/Normal/images/dcgan_Normal_00179.png,Normal,3,stage1_synthesis,DCGAN
data/processed/synthetic_dcgan/Normal/images/dcgan_Normal_00180.png,Normal,3,stage1_synthesis,DCGAN
data/processed/synthetic_dcgan/Normal/images/dcgan_Normal_00181.png,Normal,3,stage1_synthesis,DCGAN
data/processed/synthetic_dcgan/Normal/images/dcgan_Normal_00182.png,Normal,3,stage1_synthesis,DCGAN
data/processed/synthetic_dcgan/Normal/images/dcgan_Normal_00183.png,Normal,3,stage1_synthesis,DCGAN
data/processed/synthetic_dcgan/Normal/images/dcgan_Normal_00184.png,Normal,3,stage1_synthesis,DCGAN
data/processed/synthetic_dcgan/Normal/images/dcgan_Normal_00185.png,Normal,3,stage1_synthesis,DCGAN
data/processed/synthetic_dcgan/Normal/images/dcgan_Normal_00186.png,Normal,3,stage1_synthesis,DCGAN
data/processed/synthetic_dcgan/Normal/images/dcgan_Normal_00187.png,Normal,3,stage1_synthesis,DCGAN
data/processed/synthetic_dcgan/Normal/images/dcgan_Normal_00188.png,Normal,3,stage1_synthesis,DCGAN
data/processed/synthetic_dcgan/Normal/images/dcgan_Normal_00189.png,Normal,3,stage1_synthesis,DCGAN
data/processed/synthetic_dcgan/Normal/images/dcgan_Normal_00190.png,Normal,3,stage1_synthesis,DCGAN
data/processed/synthetic_dcgan/Normal/images/dcgan_Normal_00191.png,Normal,3,stage1_synthesis,DCGAN
data/processed/synthetic_dcgan/Normal/images/dcgan_Normal_00192.png,Normal,3,stage1_synthesis,DCGAN
data/processed/synthetic_dcgan/Normal/images/dcgan_Normal_00193.png,Normal,3,stage1_synthesis,DCGAN
data/processed/synthetic_dcgan/Normal/images/dcgan_Normal_00194.png,Normal,3,stage1_synthesis,DCGAN
data/processed/synthetic_dcgan/Normal/images/dcgan_Normal_00195.png,Normal,3,stage1_synthesis,DCGAN
data/processed/synthetic_dcgan/Normal/images/dcgan_Normal_00196.png,Normal,3,stage1_synthesis,DCGAN
data/processed/synthetic_dcgan/Normal/images/dcgan_Normal_00197.png,Normal,3,stage1_synthesis,DCGAN
data/processed/synthetic_dcgan/Normal/images/dcgan_Normal_00198.png,Normal,3,stage1_synthesis,DCGAN
data/processed/synthetic_dcgan/Normal/images/dcgan_Normal_00199.png,Normal,3,stage1_synthesis,DCGAN
data/processed/synthetic_dcgan/Normal/images/dcgan_Normal_00200.png,Normal,3,stage1_synthesis,DCGAN
data/processed/synthetic_dcgan/Normal/images/dcgan_Normal_00201.png,Normal,3,stage1_synthesis,DCGAN
data/processed/synthetic_dcgan/Normal/images/dcgan_Normal_00202.png,Normal,3,stage1_synthesis,DCGAN
data/processed/synthetic_dcgan/Normal/images/dcgan_Normal_00203.png,Normal,3,stage1_synthesis,DCGAN
data/processed/synthetic_dcgan/Normal/images/dcgan_Normal_00204.png,Normal,3,stage1_synthesis,DCGAN
data/processed/synthetic_dcgan/Normal/images/dcgan_Normal_00205.png,Normal,3,stage1_synthesis,DCGAN
data/processed/synthetic_dcgan/Normal/images/dcgan_Normal_00206.png,Normal,3,stage1_synthesis,DCGAN
data/processed/synthetic_dcgan/Normal/images/dcgan_Normal_00207.png,Normal,3,stage1_synthesis,DCGAN
data/processed/synthetic_dcgan/Normal/images/dcgan_Normal_00208.png,Normal,3,stage1_synthesis,DCGAN
data/processed/synthetic_dcgan/Normal/images/dcgan_Normal_00209.png,Normal,3,stage1_synthesis,DCGAN
data/processed/synthetic_dcgan/Normal/images/dcgan_Normal_00210.png,Normal,3,stage1_synthesis,DCGAN
data/processed/synthetic_dcgan/Normal/images/dcgan_Normal_00211.png,Normal,3,stage1_synthesis,DCGAN
data/processed/synthetic_dcgan/Normal/images/dcgan_Normal_00212.png,Normal,3,stage1_synthesis,DCGAN
data/processed/synthetic_dcgan/Normal/images/dcgan_Normal_00213.png,Normal,3,stage1_synthesis,DCGAN
data/processed/synthetic_dcgan/Normal/images/dcgan_Normal_00214.png,Normal,3,stage1_synthesis,DCGAN
data/processed/synthetic_dcgan/Normal/images/dcgan_Normal_00215.png,Normal,3,stage1_synthesis,DCGAN
data/processed/synthetic_dcgan/Normal/images/dcgan_Normal_00216.png,Normal,3,stage1_synthesis,DCGAN
data/processed/synthetic_dcgan/Normal/images/dcgan_Normal_00217.png,Normal,3,stage1_synthesis,DCGAN
data/processed/synthetic_dcgan/Normal/images/dcgan_Normal_00218.png,Normal,3,stage1_synthesis,DCGAN
data/processed/synthetic_dcgan/Normal/images/dcgan_Normal_00219.png,Normal,3,stage1_synthesis,DCGAN
data/processed/synthetic_dcgan/Normal/images/dcgan_Normal_00220.png,Normal,3,stage1_synthesis,DCGAN
data/processed/synthetic_dcgan/Normal/images/dcgan_Normal_00221.png,Normal,3,stage1_synthesis,DCGAN
data/processed/synthetic_dcgan/Normal/images/dcgan_Normal_00222.png,Normal,3,stage1_synthesis,DCGAN
data/processed/synthetic_dcgan/Normal/images/dcgan_Normal_00223.png,Normal,3,stage1_synthesis,DCGAN
data/processed/synthetic_dcgan/Normal/images/dcgan_Normal_00224.png,Normal,3,stage1_synthesis,DCGAN
data/processed/synthetic_dcgan/Normal/images/dcgan_Normal_00225.png,Normal,3,stage1_synthesis,DCGAN
data/processed/synthetic_dcgan/Normal/images/dcgan_Normal_00226.png,Normal,3,stage1_synthesis,DCGAN
data/processed/synthetic_dcgan/Normal/images/dcgan_Normal_00227.png,Normal,3,stage1_synthesis,DCGAN
data/processed/synthetic_dcgan/Normal/images/dcgan_Normal_00228.png,Normal,3,stage1_synthesis,DCGAN
data/processed/synthetic_dcgan/Normal/images/dcgan_Normal_00229.png,Normal,3,stage1_synthesis,DCGAN
data/processed/synthetic_dcgan/Normal/images/dcgan_Normal_00230.png,Normal,3,stage1_synthesis,DCGAN
data/processed/synthetic_dcgan/Normal/images/dcgan_Normal_00231.png,Normal,3,stage1_synthesis,DCGAN
data/processed/synthetic_dcgan/Normal/images/dcgan_Normal_00232.png,Normal,3,stage1_synthesis,DCGAN
data/processed/synthetic_dcgan/Normal/images/dcgan_Normal_00233.png,Normal,3,stage1_synthesis,DCGAN
data/processed/synthetic_dcgan/Normal/images/dcgan_Normal_00234.png,Normal,3,stage1_synthesis,DCGAN
data/processed/synthetic_dcgan/Normal/images/dcgan_Normal_00235.png,Normal,3,stage1_synthesis,DCGAN
data/processed/synthetic_dcgan/Normal/images/dcgan_Normal_00236.png,Normal,3,stage1_synthesis,DCGAN
data/processed/synthetic_dcgan/Normal/images/dcgan_Normal_00237.png,Normal,3,stage1_synthesis,DCGAN
data/processed/synthetic_dcgan/Normal/images/dcgan_Normal_00238.png,Normal,3,stage1_synthesis,DCGAN
data/processed/synthetic_dcgan/Normal/images/dcgan_Normal_00239.png,Normal,3,stage1_synthesis,DCGAN
data/processed/synthetic_dcgan/Normal/images/dcgan_Normal_00240.png,Normal,3,stage1_synthesis,DCGAN
data/processed/synthetic_dcgan/Normal/images/dcgan_Normal_00241.png,Normal,3,stage1_synthesis,DCGAN
data/processed/synthetic_dcgan/Normal/images/dcgan_Normal_00242.png,Normal,3,stage1_synthesis,DCGAN
data/processed/synthetic_dcgan/Normal/images/dcgan_Normal_00243.png,Normal,3,stage1_synthesis,DCGAN
data/processed/synthetic_dcgan/Normal/images/dcgan_Normal_00244.png,Normal,3,stage1_synthesis,DCGAN
data/processed/synthetic_dcgan/Normal/images/dcgan_Normal_00245.png,Normal,3,stage1_synthesis,DCGAN
data/processed/synthetic_dcgan/Normal/images/dcgan_Normal_00246.png,Normal,3,stage1_synthesis,DCGAN
data/processed/synthetic_dcgan/Normal/images/dcgan_Normal_00247.png,Normal,3,stage1_synthesis,DCGAN
data/processed/synthetic_dcgan/Normal/images/dcgan_Normal_00248.png,Normal,3,stage1_synthesis,DCGAN
data/processed/synthetic_dcgan/Normal/images/dcgan_Normal_00249.png,Normal,3,stage1_synthesis,DCGAN
data/processed/synthetic_dcgan/Normal/images/dcgan_Normal_00250.png,Normal,3,stage1_synthesis,DCGAN
data/processed/synthetic_dcgan/Normal/images/dcgan_Normal_00251.png,Normal,3,stage1_synthesis,DCGAN
data/processed/synthetic_dcgan/Normal/images/dcgan_Normal_00252.png,Normal,3,stage1_synthesis,DCGAN
data/processed/synthetic_dcgan/Normal/images/dcgan_Normal_00253.png,Normal,3,stage1_synthesis,DCGAN
data/processed/synthetic_dcgan/Normal/images/dcgan_Normal_00254.png,Normal,3,stage1_synthesis,DCGAN
data/processed/synthetic_dcgan/Normal/images/dcgan_Normal_00255.png,Normal,3,stage1_synthesis,DCGAN
data/processed/synthetic_dcgan/Normal/images/dcgan_Normal_00256.png,Normal,3,stage1_synthesis,DCGAN
data/processed/synthetic_dcgan/Normal/images/dcgan_Normal_00257.png,Normal,3,stage1_synthesis,DCGAN
data/processed/synthetic_dcgan/Normal/images/dcgan_Normal_00258.png,Normal,3,stage1_synthesis,DCGAN
data/processed/synthetic_dcgan/Normal/images/dcgan_Normal_00259.png,Normal,3,stage1_synthesis,DCGAN
data/processed/synthetic_dcgan/Normal/images/dcgan_Normal_00260.png,Normal,3,stage1_synthesis,DCGAN
data/processed/synthetic_dcgan/Normal/images/dcgan_Normal_00261.png,Normal,3,stage1_synthesis,DCGAN
data/processed/synthetic_dcgan/Normal/images/dcgan_Normal_00262.png,Normal,3,stage1_synthesis,DCGAN
data/processed/synthetic_dcgan/Normal/images/dcgan_Normal_00263.png,Normal,3,stage1_synthesis,DCGAN
data/processed/synthetic_dcgan/Normal/images/dcgan_Normal_00264.png,Normal,3,stage1_synthesis,DCGAN
data/processed/synthetic_dcgan/Normal/images/dcgan_Normal_00265.png,Normal,3,stage1_synthesis,DCGAN
data/processed/synthetic_dcgan/Normal/images/dcgan_Normal_00266.png,Normal,3,stage1_synthesis,DCGAN
data/processed/synthetic_dcgan/Normal/images/dcgan_Normal_00267.png,Normal,3,stage1_synthesis,DCGAN
data/processed/synthetic_dcgan/Normal/images/dcgan_Normal_00268.png,Normal,3,stage1_synthesis,DCGAN
data/processed/synthetic_dcgan/Normal/images/dcgan_Normal_00269.png,Normal,3,stage1_synthesis,DCGAN
data/processed/synthetic_dcgan/Normal/images/dcgan_Normal_00270.png,Normal,3,stage1_synthesis,DCGAN
data/processed/synthetic_dcgan/Normal/images/dcgan_Normal_00271.png,Normal,3,stage1_synthesis,DCGAN
data/processed/synthetic_dcgan/Normal/images/dcgan_Normal_00272.png,Normal,3,stage1_synthesis,DCGAN
data/processed/synthetic_dcgan/Normal/images/dcgan_Normal_00273.png,Normal,3,stage1_synthesis,DCGAN
data/processed/synthetic_dcgan/Normal/images/dcgan_Normal_00274.png,Normal,3,stage1_synthesis,DCGAN
data/processed/synthetic_dcgan/Normal/images/dcgan_Normal_00275.png,Normal,3,stage1_synthesis,DCGAN
data/processed/synthetic_dcgan/Normal/images/dcgan_Normal_00276.png,Normal,3,stage1_synthesis,DCGAN
data/processed/synthetic_dcgan/Normal/images/dcgan_Normal_00277.png,Normal,3,stage1_synthesis,DCGAN
data/processed/synthetic_dcgan/Normal/images/dcgan_Normal_00278.png,Normal,3,stage1_synthesis,DCGAN
data/processed/synthetic_dcgan/Normal/images/dcgan_Normal_00279.png,Normal,3,stage1_synthesis,DCGAN
data/processed/synthetic_dcgan/Normal/images/dcgan_Normal_00280.png,Normal,3,stage1_synthesis,DCGAN
data/processed/synthetic_dcgan/Normal/images/dcgan_Normal_00281.png,Normal,3,stage1_synthesis,DCGAN
data/processed/synthetic_dcgan/Normal/images/dcgan_Normal_00282.png,Normal,3,stage1_synthesis,DCGAN
data/processed/synthetic_dcgan/Normal/images/dcgan_Normal_00283.png,Normal,3,stage1_synthesis,DCGAN
data/processed/synthetic_dcgan/Normal/images/dcgan_Normal_00284.png,Normal,3,stage1_synthesis,DCGAN
data/processed/synthetic_dcgan/Normal/images/dcgan_Normal_00285.png,Normal,3,stage1_synthesis,DCGAN
data/processed/synthetic_dcgan/Normal/images/dcgan_Normal_00286.png,Normal,3,stage1_synthesis,DCGAN
data/processed/synthetic_dcgan/Normal/images/dcgan_Normal_00287.png,Normal,3,stage1_synthesis,DCGAN
data/processed/synthetic_dcgan/Normal/images/dcgan_Normal_00288.png,Normal,3,stage1_synthesis,DCGAN
data/processed/synthetic_dcgan/Normal/images/dcgan_Normal_00289.png,Normal,3,stage1_synthesis,DCGAN
data/processed/synthetic_dcgan/Normal/images/dcgan_Normal_00290.png,Normal,3,stage1_synthesis,DCGAN
data/processed/synthetic_dcgan/Normal/images/dcgan_Normal_00291.png,Normal,3,stage1_synthesis,DCGAN
data/processed/synthetic_dcgan/Normal/images/dcgan_Normal_00292.png,Normal,3,stage1_synthesis,DCGAN
data/processed/synthetic_dcgan/Normal/images/dcgan_Normal_00293.png,Normal,3,stage1_synthesis,DCGAN
data/processed/synthetic_dcgan/Normal/images/dcgan_Normal_00294.png,Normal,3,stage1_synthesis,DCGAN
data/processed/synthetic_dcgan/Normal/images/dcgan_Normal_00295.png,Normal,3,stage1_synthesis,DCGAN
data/processed/synthetic_dcgan/Normal/images/dcgan_Normal_00296.png,Normal,3,stage1_synthesis,DCGAN
data/processed/synthetic_dcgan/Normal/images/dcgan_Normal_00297.png,Normal,3,stage1_synthesis,DCGAN
data/processed/synthetic_dcgan/Normal/images/dcgan_Normal_00298.png,Normal,3,stage1_synthesis,DCGAN
data/processed/synthetic_dcgan/Normal/images/dcgan_Normal_00299.png,Normal,3,stage1_synthesis,DCGAN
data/processed/synthetic_dcgan/Normal/images/dcgan_Normal_00300.png,Normal,3,stage1_synthesis,DCGAN
data/processed/synthetic_dcgan/Normal/images/dcgan_Normal_00301.png,Normal,3,stage1_synthesis,DCGAN
data/processed/synthetic_dcgan/Normal/images/dcgan_Normal_00302.png,Normal,3,stage1_synthesis,DCGAN
data/processed/synthetic_dcgan/Normal/images/dcgan_Normal_00303.png,Normal,3,stage1_synthesis,DCGAN
data/processed/synthetic_dcgan/Normal/images/dcgan_Normal_00304.png,Normal,3,stage1_synthesis,DCGAN
data/processed/synthetic_dcgan/Normal/images/dcgan_Normal_00305.png,Normal,3,stage1_synthesis,DCGAN
data/processed/synthetic_dcgan/Normal/images/dcgan_Normal_00306.png,Normal,3,stage1_synthesis,DCGAN
data/processed/synthetic_dcgan/Normal/images/dcgan_Normal_00307.png,Normal,3,stage1_synthesis,DCGAN
data/processed/synthetic_dcgan/Normal/images/dcgan_Normal_00308.png,Normal,3,stage1_synthesis,DCGAN
data/processed/synthetic_dcgan/Normal/images/dcgan_Normal_00309.png,Normal,3,stage1_synthesis,DCGAN
data/processed/synthetic_dcgan/Normal/images/dcgan_Normal_00310.png,Normal,3,stage1_synthesis,DCGAN
data/processed/synthetic_dcgan/Normal/images/dcgan_Normal_00311.png,Normal,3,stage1_synthesis,DCGAN
data/processed/synthetic_dcgan/Normal/images/dcgan_Normal_00312.png,Normal,3,stage1_synthesis,DCGAN
data/processed/synthetic_dcgan/Normal/images/dcgan_Normal_00313.png,Normal,3,stage1_synthesis,DCGAN
data/processed/synthetic_dcgan/Normal/images/dcgan_Normal_00314.png,Normal,3,stage1_synthesis,DCGAN
data/processed/synthetic_dcgan/Normal/images/dcgan_Normal_00315.png,Normal,3,stage1_synthesis,DCGAN
data/processed/synthetic_dcgan/Normal/images/dcgan_Normal_00316.png,Normal,3,stage1_synthesis,DCGAN
data/processed/synthetic_dcgan/Normal/images/dcgan_Normal_00317.png,Normal,3,stage1_synthesis,DCGAN
data/processed/synthetic_dcgan/Normal/images/dcgan_Normal_00318.png,Normal,3,stage1_synthesis,DCGAN
data/processed/synthetic_dcgan/Normal/images/dcgan_Normal_00319.png,Normal,3,stage1_synthesis,DCGAN
data/processed/synthetic_dcgan/Normal/images/dcgan_Normal_00320.png,Normal,3,stage1_synthesis,DCGAN
data/processed/synthetic_dcgan/Normal/images/dcgan_Normal_00321.png,Normal,3,stage1_synthesis,DCGAN
data/processed/synthetic_dcgan/Normal/images/dcgan_Normal_00322.png,Normal,3,stage1_synthesis,DCGAN
data/processed/synthetic_dcgan/Normal/images/dcgan_Normal_00323.png,Normal,3,stage1_synthesis,DCGAN
data/processed/synthetic_dcgan/Normal/images/dcgan_Normal_00324.png,Normal,3,stage1_synthesis,DCGAN
data/processed/synthetic_dcgan/Normal/images/dcgan_Normal_00325.png,Normal,3,stage1_synthesis,DCGAN
data/processed/synthetic_dcgan/Normal/images/dcgan_Normal_00326.png,Normal,3,stage1_synthesis,DCGAN
data/processed/synthetic_dcgan/Normal/images/dcgan_Normal_00327.png,Normal,3,stage1_synthesis,DCGAN
data/processed/synthetic_dcgan/Normal/images/dcgan_Normal_00328.png,Normal,3,stage1_synthesis,DCGAN
data/processed/synthetic_dcgan/Normal/images/dcgan_Normal_00329.png,Normal,3,stage1_synthesis,DCGAN
data/processed/synthetic_dcgan/Normal/images/dcgan_Normal_00330.png,Normal,3,stage1_synthesis,DCGAN
data/processed/synthetic_dcgan/Normal/images/dcgan_Normal_00331.png,Normal,3,stage1_synthesis,DCGAN
data/processed/synthetic_dcgan/Normal/images/dcgan_Normal_00332.png,Normal,3,stage1_synthesis,DCGAN
data/processed/synthetic_dcgan/Normal/images/dcgan_Normal_00333.png,Normal,3,stage1_synthesis,DCGAN
data/processed/synthetic_dcgan/Normal/images/dcgan_Normal_00334.png,Normal,3,stage1_synthesis,DCGAN
data/processed/synthetic_dcgan/Normal/images/dcgan_Normal_00335.png,Normal,3,stage1_synthesis,DCGAN
data/processed/synthetic_dcgan/Normal/images/dcgan_Normal_00336.png,Normal,3,stage1_synthesis,DCGAN
data/processed/synthetic_dcgan/Normal/images/dcgan_Normal_00337.png,Normal,3,stage1_synthesis,DCGAN
data/processed/synthetic_dcgan/Normal/images/dcgan_Normal_00338.png,Normal,3,stage1_synthesis,DCGAN
data/processed/synthetic_dcgan/Normal/images/dcgan_Normal_00339.png,Normal,3,stage1_synthesis,DCGAN
data/processed/synthetic_dcgan/Normal/images/dcgan_Normal_00340.png,Normal,3,stage1_synthesis,DCGAN
data/processed/synthetic_dcgan/Normal/images/dcgan_Normal_00341.png,Normal,3,stage1_synthesis,DCGAN
data/processed/synthetic_dcgan/Normal/images/dcgan_Normal_00342.png,Normal,3,stage1_synthesis,DCGAN
data/processed/synthetic_dcgan/Normal/images/dcgan_Normal_00343.png,Normal,3,stage1_synthesis,DCGAN
data/processed/synthetic_dcgan/Normal/images/dcgan_Normal_00344.png,Normal,3,stage1_synthesis,DCGAN
data/processed/synthetic_dcgan/Normal/images/dcgan_Normal_00345.png,Normal,3,stage1_synthesis,DCGAN
data/processed/synthetic_dcgan/Normal/images/dcgan_Normal_00346.png,Normal,3,stage1_synthesis,DCGAN
data/processed/synthetic_dcgan/Normal/images/dcgan_Normal_00347.png,Normal,3,stage1_synthesis,DCGAN
data/processed/synthetic_dcgan/Normal/images/dcgan_Normal_00348.png,Normal,3,stage1_synthesis,DCGAN
data/processed/synthetic_dcgan/Normal/images/dcgan_Normal_00349.png,Normal,3,stage1_synthesis,DCGAN
data/processed/synthetic_dcgan/Normal/images/dcgan_Normal_00350.png,Normal,3,stage1_synthesis,DCGAN
data/processed/synthetic_dcgan/Normal/images/dcgan_Normal_00351.png,Normal,3,stage1_synthesis,DCGAN
data/processed/synthetic_dcgan/Normal/images/dcgan_Normal_00352.png,Normal,3,stage1_synthesis,DCGAN
data/processed/synthetic_dcgan/Normal/images/dcgan_Normal_00353.png,Normal,3,stage1_synthesis,DCGAN
data/processed/synthetic_dcgan/Normal/images/dcgan_Normal_00354.png,Normal,3,stage1_synthesis,DCGAN
data/processed/synthetic_dcgan/Normal/images/dcgan_Normal_00355.png,Normal,3,stage1_synthesis,DCGAN
data/processed/synthetic_dcgan/Normal/images/dcgan_Normal_00356.png,Normal,3,stage1_synthesis,DCGAN
data/processed/synthetic_dcgan/Normal/images/dcgan_Normal_00357.png,Normal,3,stage1_synthesis,DCGAN
data/processed/synthetic_dcgan/Normal/images/dcgan_Normal_00358.png,Normal,3,stage1_synthesis,DCGAN
data/processed/synthetic_dcgan/Normal/images/dcgan_Normal_00359.png,Normal,3,stage1_synthesis,DCGAN
data/processed/synthetic_dcgan/Normal/images/dcgan_Normal_00360.png,Normal,3,stage1_synthesis,DCGAN
data/processed/synthetic_dcgan/Normal/images/dcgan_Normal_00361.png,Normal,3,stage1_synthesis,DCGAN
data/processed/synthetic_dcgan/Normal/images/dcgan_Normal_00362.png,Normal,3,stage1_synthesis,DCGAN
data/processed/synthetic_dcgan/Normal/images/dcgan_Normal_00363.png,Normal,3,stage1_synthesis,DCGAN
data/processed/synthetic_dcgan/Normal/images/dcgan_Normal_00364.png,Normal,3,stage1_synthesis,DCGAN
data/processed/synthetic_dcgan/Normal/images/dcgan_Normal_00365.png,Normal,3,stage1_synthesis,DCGAN
data/processed/synthetic_dcgan/Normal/images/dcgan_Normal_00366.png,Normal,3,stage1_synthesis,DCGAN
data/processed/synthetic_dcgan/Normal/images/dcgan_Normal_00367.png,Normal,3,stage1_synthesis,DCGAN
data/processed/synthetic_dcgan/Normal/images/dcgan_Normal_00368.png,Normal,3,stage1_synthesis,DCGAN
data/processed/synthetic_dcgan/Normal/images/dcgan_Normal_00369.png,Normal,3,stage1_synthesis,DCGAN
data/processed/synthetic_dcgan/Normal/images/dcgan_Normal_00370.png,Normal,3,stage1_synthesis,DCGAN
data/processed/synthetic_dcgan/Normal/images/dcgan_Normal_00371.png,Normal,3,stage1_synthesis,DCGAN
data/processed/synthetic_dcgan/Normal/images/dcgan_Normal_00372.png,Normal,3,stage1_synthesis,DCGAN
data/processed/synthetic_dcgan/Normal/images/dcgan_Normal_00373.png,Normal,3,stage1_synthesis,DCGAN
data/processed/synthetic_dcgan/Normal/images/dcgan_Normal_00374.png,Normal,3,stage1_synthesis,DCGAN
data/processed/synthetic_dcgan/Normal/images/dcgan_Normal_00375.png,Normal,3,stage1_synthesis,DCGAN
data/processed/synthetic_dcgan/Normal/images/dcgan_Normal_00376.png,Normal,3,stage1_synthesis,DCGAN
data/processed/synthetic_dcgan/Normal/images/dcgan_Normal_00377.png,Normal,3,stage1_synthesis,DCGAN
data/processed/synthetic_dcgan/Normal/images/dcgan_Normal_00378.png,Normal,3,stage1_synthesis,DCGAN
data/processed/synthetic_dcgan/Normal/images/dcgan_Normal_00379.png,Normal,3,stage1_synthesis,DCGAN
data/processed/synthetic_dcgan/Normal/images/dcgan_Normal_00380.png,Normal,3,stage1_synthesis,DCGAN
data/processed/synthetic_dcgan/Normal/images/dcgan_Normal_00381.png,Normal,3,stage1_synthesis,DCGAN
data/processed/synthetic_dcgan/Normal/images/dcgan_Normal_00382.png,Normal,3,stage1_synthesis,DCGAN
data/processed/synthetic_dcgan/Normal/images/dcgan_Normal_00383.png,Normal,3,stage1_synthesis,DCGAN
data/processed/synthetic_dcgan/Normal/images/dcgan_Normal_00384.png,Normal,3,stage1_synthesis,DCGAN
data/processed/synthetic_dcgan/Normal/images/dcgan_Normal_00385.png,Normal,3,stage1_synthesis,DCGAN
data/processed/synthetic_dcgan/Normal/images/dcgan_Normal_00386.png,Normal,3,stage1_synthesis,DCGAN
data/processed/synthetic_dcgan/Normal/images/dcgan_Normal_00387.png,Normal,3,stage1_synthesis,DCGAN
data/processed/synthetic_dcgan/Normal/images/dcgan_Normal_00388.png,Normal,3,stage1_synthesis,DCGAN
data/processed/synthetic_dcgan/Normal/images/dcgan_Normal_00389.png,Normal,3,stage1_synthesis,DCGAN
data/processed/synthetic_dcgan/Normal/images/dcgan_Normal_00390.png,Normal,3,stage1_synthesis,DCGAN
data/processed/synthetic_dcgan/Normal/images/dcgan_Normal_00391.png,Normal,3,stage1_synthesis,DCGAN
data/processed/synthetic_dcgan/Normal/images/dcgan_Normal_00392.png,Normal,3,stage1_synthesis,DCGAN
data/processed/synthetic_dcgan/Normal/images/dcgan_Normal_00393.png,Normal,3,stage1_synthesis,DCGAN
data/processed/synthetic_dcgan/Normal/images/dcgan_Normal_00394.png,Normal,3,stage1_synthesis,DCGAN
data/processed/synthetic_dcgan/Normal/images/dcgan_Normal_00395.png,Normal,3,stage1_synthesis,DCGAN
data/processed/synthetic_dcgan/Normal/images/dcgan_Normal_00396.png,Normal,3,stage1_synthesis,DCGAN
data/processed/synthetic_dcgan/Normal/images/dcgan_Normal_00397.png,Normal,3,stage1_synthesis,DCGAN
data/processed/synthetic_dcgan/Normal/images/dcgan_Normal_00398.png,Normal,3,stage1_synthesis,DCGAN
data/processed/synthetic_dcgan/Normal/images/dcgan_Normal_00399.png,Normal,3,stage1_synthesis,DCGAN
data/processed/synthetic_dcgan/Normal/images/dcgan_Normal_00400.png,Normal,3,stage1_synthesis,DCGAN
data/processed/synthetic_dcgan/Normal/images/dcgan_Normal_00401.png,Normal,3,stage1_synthesis,DCGAN
data/processed/synthetic_dcgan/Normal/images/dcgan_Normal_00402.png,Normal,3,stage1_synthesis,DCGAN
data/processed/synthetic_dcgan/Normal/images/dcgan_Normal_00403.png,Normal,3,stage1_synthesis,DCGAN
data/processed/synthetic_dcgan/Normal/images/dcgan_Normal_00404.png,Normal,3,stage1_synthesis,DCGAN
data/processed/synthetic_dcgan/Normal/images/dcgan_Normal_00405.png,Normal,3,stage1_synthesis,DCGAN
data/processed/synthetic_dcgan/Normal/images/dcgan_Normal_00406.png,Normal,3,stage1_synthesis,DCGAN
data/processed/synthetic_dcgan/Normal/images/dcgan_Normal_00407.png,Normal,3,stage1_synthesis,DCGAN
data/processed/synthetic_dcgan/Normal/images/dcgan_Normal_00408.png,Normal,3,stage1_synthesis,DCGAN
data/processed/synthetic_dcgan/Normal/images/dcgan_Normal_00409.png,Normal,3,stage1_synthesis,DCGAN
data/processed/synthetic_dcgan/Normal/images/dcgan_Normal_00410.png,Normal,3,stage1_synthesis,DCGAN
data/processed/synthetic_dcgan/Normal/images/dcgan_Normal_00411.png,Normal,3,stage1_synthesis,DCGAN
data/processed/synthetic_dcgan/Normal/images/dcgan_Normal_00412.png,Normal,3,stage1_synthesis,DCGAN
data/processed/synthetic_dcgan/Normal/images/dcgan_Normal_00413.png,Normal,3,stage1_synthesis,DCGAN
data/processed/synthetic_dcgan/Normal/images/dcgan_Normal_00414.png,Normal,3,stage1_synthesis,DCGAN
data/processed/synthetic_dcgan/Normal/images/dcgan_Normal_00415.png,Normal,3,stage1_synthesis,DCGAN
data/processed/synthetic_dcgan/Normal/images/dcgan_Normal_00416.png,Normal,3,stage1_synthesis,DCGAN
data/processed/synthetic_dcgan/Normal/images/dcgan_Normal_00417.png,Normal,3,stage1_synthesis,DCGAN
data/processed/synthetic_dcgan/Normal/images/dcgan_Normal_00418.png,Normal,3,stage1_synthesis,DCGAN
data/processed/synthetic_dcgan/Normal/images/dcgan_Normal_00419.png,Normal,3,stage1_synthesis,DCGAN
data/processed/synthetic_dcgan/Normal/images/dcgan_Normal_00420.png,Normal,3,stage1_synthesis,DCGAN
data/processed/synthetic_dcgan/Normal/images/dcgan_Normal_00421.png,Normal,3,stage1_synthesis,DCGAN
data/processed/synthetic_dcgan/Normal/images/dcgan_Normal_00422.png,Normal,3,stage1_synthesis,DCGAN
data/processed/synthetic_dcgan/Normal/images/dcgan_Normal_00423.png,Normal,3,stage1_synthesis,DCGAN
data/processed/synthetic_dcgan/Normal/images/dcgan_Normal_00424.png,Normal,3,stage1_synthesis,DCGAN
data/processed/synthetic_dcgan/Normal/images/dcgan_Normal_00425.png,Normal,3,stage1_synthesis,DCGAN
data/processed/synthetic_dcgan/Normal/images/dcgan_Normal_00426.png,Normal,3,stage1_synthesis,DCGAN
data/processed/synthetic_dcgan/Normal/images/dcgan_Normal_00427.png,Normal,3,stage1_synthesis,DCGAN
data/processed/synthetic_dcgan/Normal/images/dcgan_Normal_00428.png,Normal,3,stage1_synthesis,DCGAN
data/processed/synthetic_dcgan/Normal/images/dcgan_Normal_00429.png,Normal,3,stage1_synthesis,DCGAN
data/processed/synthetic_dcgan/Normal/images/dcgan_Normal_00430.png,Normal,3,stage1_synthesis,DCGAN
data/processed/synthetic_dcgan/Normal/images/dcgan_Normal_00431.png,Normal,3,stage1_synthesis,DCGAN
data/processed/synthetic_dcgan/Normal/images/dcgan_Normal_00432.png,Normal,3,stage1_synthesis,DCGAN
data/processed/synthetic_dcgan/Normal/images/dcgan_Normal_00433.png,Normal,3,stage1_synthesis,DCGAN
data/processed/synthetic_dcgan/Normal/images/dcgan_Normal_00434.png,Normal,3,stage1_synthesis,DCGAN
data/processed/synthetic_dcgan/Normal/images/dcgan_Normal_00435.png,Normal,3,stage1_synthesis,DCGAN
data/processed/synthetic_dcgan/Normal/images/dcgan_Normal_00436.png,Normal,3,stage1_synthesis,DCGAN
data/processed/synthetic_dcgan/Normal/images/dcgan_Normal_00437.png,Normal,3,stage1_synthesis,DCGAN
data/processed/synthetic_dcgan/Normal/images/dcgan_Normal_00438.png,Normal,3,stage1_synthesis,DCGAN
data/processed/synthetic_dcgan/Normal/images/dcgan_Normal_00439.png,Normal,3,stage1_synthesis,DCGAN
data/processed/synthetic_dcgan/Normal/images/dcgan_Normal_00440.png,Normal,3,stage1_synthesis,DCGAN
data/processed/synthetic_dcgan/Normal/images/dcgan_Normal_00441.png,Normal,3,stage1_synthesis,DCGAN
data/processed/synthetic_dcgan/Normal/images/dcgan_Normal_00442.png,Normal,3,stage1_synthesis,DCGAN
data/processed/synthetic_dcgan/Normal/images/dcgan_Normal_00443.png,Normal,3,stage1_synthesis,DCGAN
data/processed/synthetic_dcgan/Normal/images/dcgan_Normal_00444.png,Normal,3,stage1_synthesis,DCGAN
data/processed/synthetic_dcgan/Normal/images/dcgan_Normal_00445.png,Normal,3,stage1_synthesis,DCGAN
data/processed/synthetic_dcgan/Normal/images/dcgan_Normal_00446.png,Normal,3,stage1_synthesis,DCGAN
data/processed/synthetic_dcgan/Normal/images/dcgan_Normal_00447.png,Normal,3,stage1_synthesis,DCGAN
data/processed/synthetic_dcgan/Normal/images/dcgan_Normal_00448.png,Normal,3,stage1_synthesis,DCGAN
data/processed/synthetic_dcgan/Normal/images/dcgan_Normal_00449.png,Normal,3,stage1_synthesis,DCGAN
data/processed/synthetic_dcgan/Normal/images/dcgan_Normal_00450.png,Normal,3,stage1_synthesis,DCGAN
data/processed/synthetic_dcgan/Normal/images/dcgan_Normal_00451.png,Normal,3,stage1_synthesis,DCGAN
data/processed/synthetic_dcgan/Normal/images/dcgan_Normal_00452.png,Normal,3,stage1_synthesis,DCGAN
data/processed/synthetic_dcgan/Normal/images/dcgan_Normal_00453.png,Normal,3,stage1_synthesis,DCGAN
data/processed/synthetic_dcgan/Normal/images/dcgan_Normal_00454.png,Normal,3,stage1_synthesis,DCGAN
data/processed/synthetic_dcgan/Normal/images/dcgan_Normal_00455.png,Normal,3,stage1_synthesis,DCGAN
data/processed/synthetic_dcgan/Normal/images/dcgan_Normal_00456.png,Normal,3,stage1_synthesis,DCGAN
data/processed/synthetic_dcgan/Normal/images/dcgan_Normal_00457.png,Normal,3,stage1_synthesis,DCGAN
data/processed/synthetic_dcgan/Normal/images/dcgan_Normal_00458.png,Normal,3,stage1_synthesis,DCGAN
data/processed/synthetic_dcgan/Normal/images/dcgan_Normal_00459.png,Normal,3,stage1_synthesis,DCGAN
data/processed/synthetic_dcgan/Normal/images/dcgan_Normal_00460.png,Normal,3,stage1_synthesis,DCGAN
data/processed/synthetic_dcgan/Normal/images/dcgan_Normal_00461.png,Normal,3,stage1_synthesis,DCGAN
data/processed/synthetic_dcgan/Normal/images/dcgan_Normal_00462.png,Normal,3,stage1_synthesis,DCGAN
data/processed/synthetic_dcgan/Normal/images/dcgan_Normal_00463.png,Normal,3,stage1_synthesis,DCGAN
data/processed/synthetic_dcgan/Normal/images/dcgan_Normal_00464.png,Normal,3,stage1_synthesis,DCGAN
data/processed/synthetic_dcgan/Normal/images/dcgan_Normal_00465.png,Normal,3,stage1_synthesis,DCGAN
data/processed/synthetic_dcgan/Normal/images/dcgan_Normal_00466.png,Normal,3,stage1_synthesis,DCGAN
data/processed/synthetic_dcgan/Normal/images/dcgan_Normal_00467.png,Normal,3,stage1_synthesis,DCGAN
data/processed/synthetic_dcgan/Normal/images/dcgan_Normal_00468.png,Normal,3,stage1_synthesis,DCGAN
data/processed/synthetic_dcgan/Normal/images/dcgan_Normal_00469.png,Normal,3,stage1_synthesis,DCGAN
data/processed/synthetic_dcgan/Normal/images/dcgan_Normal_00470.png,Normal,3,stage1_synthesis,DCGAN
data/processed/synthetic_dcgan/Normal/images/dcgan_Normal_00471.png,Normal,3,stage1_synthesis,DCGAN
data/processed/synthetic_dcgan/Normal/images/dcgan_Normal_00472.png,Normal,3,stage1_synthesis,DCGAN
data/processed/synthetic_dcgan/Normal/images/dcgan_Normal_00473.png,Normal,3,stage1_synthesis,DCGAN
data/processed/synthetic_dcgan/Normal/images/dcgan_Normal_00474.png,Normal,3,stage1_synthesis,DCGAN
data/processed/synthetic_dcgan/Normal/images/dcgan_Normal_00475.png,Normal,3,stage1_synthesis,DCGAN
data/processed/synthetic_dcgan/Normal/images/dcgan_Normal_00476.png,Normal,3,stage1_synthesis,DCGAN
data/processed/synthetic_dcgan/Normal/images/dcgan_Normal_00477.png,Normal,3,stage1_synthesis,DCGAN
data/processed/synthetic_dcgan/Normal/images/dcgan_Normal_00478.png,Normal,3,stage1_synthesis,DCGAN
data/processed/synthetic_dcgan/Normal/images/dcgan_Normal_00479.png,Normal,3,stage1_synthesis,DCGAN
data/processed/synthetic_dcgan/Normal/images/dcgan_Normal_00480.png,Normal,3,stage1_synthesis,DCGAN
data/processed/synthetic_dcgan/Normal/images/dcgan_Normal_00481.png,Normal,3,stage1_synthesis,DCGAN
data/processed/synthetic_dcgan/Normal/images/dcgan_Normal_00482.png,Normal,3,stage1_synthesis,DCGAN
data/processed/synthetic_dcgan/Normal/images/dcgan_Normal_00483.png,Normal,3,stage1_synthesis,DCGAN
data/processed/synthetic_dcgan/Normal/images/dcgan_Normal_00484.png,Normal,3,stage1_synthesis,DCGAN
data/processed/synthetic_dcgan/Normal/images/dcgan_Normal_00485.png,Normal,3,stage1_synthesis,DCGAN
data/processed/synthetic_dcgan/Normal/images/dcgan_Normal_00486.png,Normal,3,stage1_synthesis,DCGAN
data/processed/synthetic_dcgan/Normal/images/dcgan_Normal_00487.png,Normal,3,stage1_synthesis,DCGAN
data/processed/synthetic_dcgan/Normal/images/dcgan_Normal_00488.png,Normal,3,stage1_synthesis,DCGAN
data/processed/synthetic_dcgan/Normal/images/dcgan_Normal_00489.png,Normal,3,stage1_synthesis,DCGAN
data/processed/synthetic_dcgan/Normal/images/dcgan_Normal_00490.png,Normal,3,stage1_synthesis,DCGAN
data/processed/synthetic_dcgan/Normal/images/dcgan_Normal_00491.png,Normal,3,stage1_synthesis,DCGAN
data/processed/synthetic_dcgan/Normal/images/dcgan_Normal_00492.png,Normal,3,stage1_synthesis,DCGAN
data/processed/synthetic_dcgan/Normal/images/dcgan_Normal_00493.png,Normal,3,stage1_synthesis,DCGAN
data/processed/synthetic_dcgan/Normal/images/dcgan_Normal_00494.png,Normal,3,stage1_synthesis,DCGAN
data/processed/synthetic_dcgan/Normal/images/dcgan_Normal_00495.png,Normal,3,stage1_synthesis,DCGAN
data/processed/synthetic_dcgan/Normal/images/dcgan_Normal_00496.png,Normal,3,stage1_synthesis,DCGAN
data/processed/synthetic_dcgan/Normal/images/dcgan_Normal_00497.png,Normal,3,stage1_synthesis,DCGAN
data/processed/synthetic_dcgan/Normal/images/dcgan_Normal_00498.png,Normal,3,stage1_synthesis,DCGAN
data/processed/synthetic_dcgan/Normal/images/dcgan_Normal_00499.png,Normal,3,stage1_synthesis,DCGAN
data/processed/synthetic_dcgan/Normal/images/dcgan_Normal_00500.png,Normal,3,stage1_synthesis,DCGAN
data/processed/synthetic_dcgan/Normal/images/dcgan_Normal_00501.png,Normal,3,stage1_synthesis,DCGAN
data/processed/synthetic_dcgan/Normal/images/dcgan_Normal_00502.png,Normal,3,stage1_synthesis,DCGAN
data/processed/synthetic_dcgan/Normal/images/dcgan_Normal_00503.png,Normal,3,stage1_synthesis,DCGAN
data/processed/synthetic_dcgan/Normal/images/dcgan_Normal_00504.png,Normal,3,stage1_synthesis,DCGAN
data/processed/synthetic_dcgan/Normal/images/dcgan_Normal_00505.png,Normal,3,stage1_synthesis,DCGAN
data/processed/synthetic_dcgan/Normal/images/dcgan_Normal_00506.png,Normal,3,stage1_synthesis,DCGAN
data/processed/synthetic_dcgan/Normal/images/dcgan_Normal_00507.png,Normal,3,stage1_synthesis,DCGAN
data/processed/synthetic_dcgan/Normal/images/dcgan_Normal_00508.png,Normal,3,stage1_synthesis,DCGAN
data/processed/synthetic_dcgan/Normal/images/dcgan_Normal_00509.png,Normal,3,stage1_synthesis,DCGAN
data/processed/synthetic_dcgan/Normal/images/dcgan_Normal_00510.png,Normal,3,stage1_synthesis,DCGAN
data/processed/synthetic_dcgan/Normal/images/dcgan_Normal_00511.png,Normal,3,stage1_synthesis,DCGAN
data/processed/synthetic_dcgan/Normal/images/dcgan_Normal_00512.png,Normal,3,stage1_synthesis,DCGAN
data/processed/synthetic_dcgan/Normal/images/dcgan_Normal_00513.png,Normal,3,stage1_synthesis,DCGAN
data/processed/synthetic_dcgan/Normal/images/dcgan_Normal_00514.png,Normal,3,stage1_synthesis,DCGAN
data/processed/synthetic_dcgan/Normal/images/dcgan_Normal_00515.png,Normal,3,stage1_synthesis,DCGAN
data/processed/synthetic_dcgan/Normal/images/dcgan_Normal_00516.png,Normal,3,stage1_synthesis,DCGAN
data/processed/synthetic_dcgan/Normal/images/dcgan_Normal_00517.png,Normal,3,stage1_synthesis,DCGAN
data/processed/synthetic_dcgan/Normal/images/dcgan_Normal_00518.png,Normal,3,stage1_synthesis,DCGAN
data/processed/synthetic_dcgan/Normal/images/dcgan_Normal_00519.png,Normal,3,stage1_synthesis,DCGAN
data/processed/synthetic_dcgan/Normal/images/dcgan_Normal_00520.png,Normal,3,stage1_synthesis,DCGAN
data/processed/synthetic_dcgan/Normal/images/dcgan_Normal_00521.png,Normal,3,stage1_synthesis,DCGAN
data/processed/synthetic_dcgan/Normal/images/dcgan_Normal_00522.png,Normal,3,stage1_synthesis,DCGAN
data/processed/synthetic_dcgan/Normal/images/dcgan_Normal_00523.png,Normal,3,stage1_synthesis,DCGAN
data/processed/synthetic_dcgan/Normal/images/dcgan_Normal_00524.png,Normal,3,stage1_synthesis,DCGAN
data/processed/synthetic_dcgan/Normal/images/dcgan_Normal_00525.png,Normal,3,stage1_synthesis,DCGAN
data/processed/synthetic_dcgan/Normal/images/dcgan_Normal_00526.png,Normal,3,stage1_synthesis,DCGAN
data/processed/synthetic_dcgan/Normal/images/dcgan_Normal_00527.png,Normal,3,stage1_synthesis,DCGAN
data/processed/synthetic_dcgan/Normal/images/dcgan_Normal_00528.png,Normal,3,stage1_synthesis,DCGAN
data/processed/synthetic_dcgan/Normal/images/dcgan_Normal_00529.png,Normal,3,stage1_synthesis,DCGAN
data/processed/synthetic_dcgan/Normal/images/dcgan_Normal_00530.png,Normal,3,stage1_synthesis,DCGAN
data/processed/synthetic_dcgan/Normal/images/dcgan_Normal_00531.png,Normal,3,stage1_synthesis,DCGAN
data/processed/synthetic_dcgan/Normal/images/dcgan_Normal_00532.png,Normal,3,stage1_synthesis,DCGAN
data/processed/synthetic_dcgan/Normal/images/dcgan_Normal_00533.png,Normal,3,stage1_synthesis,DCGAN
data/processed/synthetic_dcgan/Normal/images/dcgan_Normal_00534.png,Normal,3,stage1_synthesis,DCGAN
data/processed/synthetic_dcgan/Normal/images/dcgan_Normal_00535.png,Normal,3,stage1_synthesis,DCGAN
data/processed/synthetic_dcgan/Normal/images/dcgan_Normal_00536.png,Normal,3,stage1_synthesis,DCGAN
data/processed/synthetic_dcgan/Normal/images/dcgan_Normal_00537.png,Normal,3,stage1_synthesis,DCGAN
data/processed/synthetic_dcgan/Normal/images/dcgan_Normal_00538.png,Normal,3,stage1_synthesis,DCGAN
data/processed/synthetic_dcgan/Normal/images/dcgan_Normal_00539.png,Normal,3,stage1_synthesis,DCGAN
data/processed/synthetic_dcgan/Normal/images/dcgan_Normal_00540.png,Normal,3,stage1_synthesis,DCGAN
data/processed/synthetic_dcgan/Normal/images/dcgan_Normal_00541.png,Normal,3,stage1_synthesis,DCGAN
data/processed/synthetic_dcgan/Normal/images/dcgan_Normal_00542.png,Normal,3,stage1_synthesis,DCGAN
data/processed/synthetic_dcgan/Normal/images/dcgan_Normal_00543.png,Normal,3,stage1_synthesis,DCGAN
data/processed/synthetic_dcgan/Normal/images/dcgan_Normal_00544.png,Normal,3,stage1_synthesis,DCGAN
data/processed/synthetic_dcgan/Normal/images/dcgan_Normal_00545.png,Normal,3,stage1_synthesis,DCGAN
data/processed/synthetic_dcgan/Normal/images/dcgan_Normal_00546.png,Normal,3,stage1_synthesis,DCGAN
data/processed/synthetic_dcgan/Normal/images/dcgan_Normal_00547.png,Normal,3,stage1_synthesis,DCGAN
data/processed/synthetic_dcgan/Normal/images/dcgan_Normal_00548.png,Normal,3,stage1_synthesis,DCGAN
data/processed/synthetic_dcgan/Normal/images/dcgan_Normal_00549.png,Normal,3,stage1_synthesis,DCGAN
data/processed/synthetic_dcgan/Normal/images/dcgan_Normal_00550.png,Normal,3,stage1_synthesis,DCGAN
data/processed/synthetic_dcgan/Normal/images/dcgan_Normal_00551.png,Normal,3,stage1_synthesis,DCGAN
data/processed/synthetic_dcgan/Normal/images/dcgan_Normal_00552.png,Normal,3,stage1_synthesis,DCGAN
data/processed/synthetic_dcgan/Normal/images/dcgan_Normal_00553.png,Normal,3,stage1_synthesis,DCGAN
data/processed/synthetic_dcgan/Normal/images/dcgan_Normal_00554.png,Normal,3,stage1_synthesis,DCGAN
data/processed/synthetic_dcgan/Normal/images/dcgan_Normal_00555.png,Normal,3,stage1_synthesis,DCGAN
data/processed/synthetic_dcgan/Normal/images/dcgan_Normal_00556.png,Normal,3,stage1_synthesis,DCGAN
data/processed/synthetic_dcgan/Normal/images/dcgan_Normal_00557.png,Normal,3,stage1_synthesis,DCGAN
data/processed/synthetic_dcgan/Normal/images/dcgan_Normal_00558.png,Normal,3,stage1_synthesis,DCGAN
data/processed/synthetic_dcgan/Normal/images/dcgan_Normal_00559.png,Normal,3,stage1_synthesis,DCGAN
data/processed/synthetic_dcgan/Normal/images/dcgan_Normal_00560.png,Normal,3,stage1_synthesis,DCGAN
data/processed/synthetic_dcgan/Normal/images/dcgan_Normal_00561.png,Normal,3,stage1_synthesis,DCGAN
data/processed/synthetic_dcgan/Normal/images/dcgan_Normal_00562.png,Normal,3,stage1_synthesis,DCGAN
data/processed/synthetic_dcgan/Normal/images/dcgan_Normal_00563.png,Normal,3,stage1_synthesis,DCGAN
data/processed/synthetic_dcgan/Normal/images/dcgan_Normal_00564.png,Normal,3,stage1_synthesis,DCGAN
data/processed/synthetic_dcgan/Normal/images/dcgan_Normal_00565.png,Normal,3,stage1_synthesis,DCGAN
data/processed/synthetic_dcgan/Normal/images/dcgan_Normal_00566.png,Normal,3,stage1_synthesis,DCGAN
data/processed/synthetic_dcgan/Normal/images/dcgan_Normal_00567.png,Normal,3,stage1_synthesis,DCGAN
data/processed/synthetic_dcgan/Normal/images/dcgan_Normal_00568.png,Normal,3,stage1_synthesis,DCGAN
data/processed/synthetic_dcgan/Normal/images/dcgan_Normal_00569.png,Normal,3,stage1_synthesis,DCGAN
data/processed/synthetic_dcgan/Normal/images/dcgan_Normal_00570.png,Normal,3,stage1_synthesis,DCGAN
data/processed/synthetic_dcgan/Normal/images/dcgan_Normal_00571.png,Normal,3,stage1_synthesis,DCGAN
data/processed/synthetic_dcgan/Normal/images/dcgan_Normal_00572.png,Normal,3,stage1_synthesis,DCGAN
data/processed/synthetic_dcgan/Normal/images/dcgan_Normal_00573.png,Normal,3,stage1_synthesis,DCGAN
data/processed/synthetic_dcgan/Normal/images/dcgan_Normal_00574.png,Normal,3,stage1_synthesis,DCGAN
data/processed/synthetic_dcgan/Normal/images/dcgan_Normal_00575.png,Normal,3,stage1_synthesis,DCGAN
data/processed/synthetic_dcgan/Normal/images/dcgan_Normal_00576.png,Normal,3,stage1_synthesis,DCGAN
data/processed/synthetic_dcgan/Normal/images/dcgan_Normal_00577.png,Normal,3,stage1_synthesis,DCGAN
data/processed/synthetic_dcgan/Normal/images/dcgan_Normal_00578.png,Normal,3,stage1_synthesis,DCGAN
data/processed/synthetic_dcgan/Normal/images/dcgan_Normal_00579.png,Normal,3,stage1_synthesis,DCGAN
data/processed/synthetic_dcgan/Normal/images/dcgan_Normal_00580.png,Normal,3,stage1_synthesis,DCGAN
data/processed/synthetic_dcgan/Normal/images/dcgan_Normal_00581.png,Normal,3,stage1_synthesis,DCGAN
data/processed/synthetic_dcgan/Normal/images/dcgan_Normal_00582.png,Normal,3,stage1_synthesis,DCGAN
data/processed/synthetic_dcgan/Normal/images/dcgan_Normal_00583.png,Normal,3,stage1_synthesis,DCGAN
data/processed/synthetic_dcgan/Normal/images/dcgan_Normal_00584.png,Normal,3,stage1_synthesis,DCGAN
data/processed/synthetic_dcgan/Normal/images/dcgan_Normal_00585.png,Normal,3,stage1_synthesis,DCGAN
data/processed/synthetic_dcgan/Normal/images/dcgan_Normal_00586.png,Normal,3,stage1_synthesis,DCGAN
data/processed/synthetic_dcgan/Normal/images/dcgan_Normal_00587.png,Normal,3,stage1_synthesis,DCGAN
data/processed/synthetic_dcgan/Normal/images/dcgan_Normal_00588.png,Normal,3,stage1_synthesis,DCGAN
data/processed/synthetic_dcgan/Normal/images/dcgan_Normal_00589.png,Normal,3,stage1_synthesis,DCGAN
data/processed/synthetic_dcgan/Normal/images/dcgan_Normal_00590.png,Normal,3,stage1_synthesis,DCGAN
data/processed/synthetic_dcgan/Normal/images/dcgan_Normal_00591.png,Normal,3,stage1_synthesis,DCGAN
data/processed/synthetic_dcgan/Normal/images/dcgan_Normal_00592.png,Normal,3,stage1_synthesis,DCGAN
data/processed/synthetic_dcgan/Normal/images/dcgan_Normal_00593.png,Normal,3,stage1_synthesis,DCGAN
data/processed/synthetic_dcgan/Normal/images/dcgan_Normal_00594.png,Normal,3,stage1_synthesis,DCGAN
data/processed/synthetic_dcgan/Normal/images/dcgan_Normal_00595.png,Normal,3,stage1_synthesis,DCGAN
data/processed/synthetic_dcgan/Normal/images/dcgan_Normal_00596.png,Normal,3,stage1_synthesis,DCGAN
data/processed/synthetic_dcgan/Normal/images/dcgan_Normal_00597.png,Normal,3,stage1_synthesis,DCGAN
data/processed/synthetic_dcgan/Normal/images/dcgan_Normal_00598.png,Normal,3,stage1_synthesis,DCGAN
data/processed/synthetic_dcgan/Normal/images/dcgan_Normal_00599.png,Normal,3,stage1_synthesis,DCGAN
data/processed/synthetic_dcgan/Normal/images/dcgan_Normal_00600.png,Normal,3,stage1_synthesis,DCGAN
data/processed/synthetic_dcgan/Normal/images/dcgan_Normal_00601.png,Normal,3,stage1_synthesis,DCGAN
data/processed/synthetic_dcgan/Normal/images/dcgan_Normal_00602.png,Normal,3,stage1_synthesis,DCGAN
data/processed/synthetic_dcgan/Normal/images/dcgan_Normal_00603.png,Normal,3,stage1_synthesis,DCGAN
data/processed/synthetic_dcgan/Normal/images/dcgan_Normal_00604.png,Normal,3,stage1_synthesis,DCGAN
data/processed/synthetic_dcgan/Normal/images/dcgan_Normal_00605.png,Normal,3,stage1_synthesis,DCGAN
data/processed/synthetic_dcgan/Normal/images/dcgan_Normal_00606.png,Normal,3,stage1_synthesis,DCGAN
data/processed/synthetic_dcgan/Normal/images/dcgan_Normal_00607.png,Normal,3,stage1_synthesis,DCGAN
data/processed/synthetic_dcgan/Normal/images/dcgan_Normal_00608.png,Normal,3,stage1_synthesis,DCGAN
data/processed/synthetic_dcgan/Normal/images/dcgan_Normal_00609.png,Normal,3,stage1_synthesis,DCGAN
data/processed/synthetic_dcgan/Normal/images/dcgan_Normal_00610.png,Normal,3,stage1_synthesis,DCGAN
data/processed/synthetic_dcgan/Normal/images/dcgan_Normal_00611.png,Normal,3,stage1_synthesis,DCGAN
data/processed/synthetic_dcgan/Normal/images/dcgan_Normal_00612.png,Normal,3,stage1_synthesis,DCGAN
data/processed/synthetic_dcgan/Normal/images/dcgan_Normal_00613.png,Normal,3,stage1_synthesis,DCGAN
data/processed/synthetic_dcgan/Normal/images/dcgan_Normal_00614.png,Normal,3,stage1_synthesis,DCGAN
data/processed/synthetic_dcgan/Normal/images/dcgan_Normal_00615.png,Normal,3,stage1_synthesis,DCGAN
data/processed/synthetic_dcgan/Normal/images/dcgan_Normal_00616.png,Normal,3,stage1_synthesis,DCGAN
data/processed/synthetic_dcgan/Normal/images/dcgan_Normal_00617.png,Normal,3,stage1_synthesis,DCGAN
data/processed/synthetic_dcgan/Normal/images/dcgan_Normal_00618.png,Normal,3,stage1_synthesis,DCGAN
data/processed/synthetic_dcgan/Normal/images/dcgan_Normal_00619.png,Normal,3,stage1_synthesis,DCGAN
data/processed/synthetic_dcgan/Normal/images/dcgan_Normal_00620.png,Normal,3,stage1_synthesis,DCGAN
data/processed/synthetic_dcgan/Normal/images/dcgan_Normal_00621.png,Normal,3,stage1_synthesis,DCGAN
data/processed/synthetic_dcgan/Normal/images/dcgan_Normal_00622.png,Normal,3,stage1_synthesis,DCGAN
data/processed/synthetic_dcgan/Normal/images/dcgan_Normal_00623.png,Normal,3,stage1_synthesis,DCGAN
data/processed/synthetic_dcgan/Normal/images/dcgan_Normal_00624.png,Normal,3,stage1_synthesis,DCGAN
data/processed/synthetic_dcgan/Normal/images/dcgan_Normal_00625.png,Normal,3,stage1_synthesis,DCGAN
data/processed/synthetic_dcgan/Normal/images/dcgan_Normal_00626.png,Normal,3,stage1_synthesis,DCGAN
data/processed/synthetic_dcgan/Normal/images/dcgan_Normal_00627.png,Normal,3,stage1_synthesis,DCGAN
data/processed/synthetic_dcgan/Normal/images/dcgan_Normal_00628.png,Normal,3,stage1_synthesis,DCGAN
data/processed/synthetic_dcgan/Normal/images/dcgan_Normal_00629.png,Normal,3,stage1_synthesis,DCGAN
data/processed/synthetic_dcgan/Normal/images/dcgan_Normal_00630.png,Normal,3,stage1_synthesis,DCGAN
data/processed/synthetic_dcgan/Normal/images/dcgan_Normal_00631.png,Normal,3,stage1_synthesis,DCGAN
data/processed/synthetic_dcgan/Normal/images/dcgan_Normal_00632.png,Normal,3,stage1_synthesis,DCGAN
data/processed/synthetic_dcgan/Normal/images/dcgan_Normal_00633.png,Normal,3,stage1_synthesis,DCGAN
data/processed/synthetic_dcgan/Normal/images/dcgan_Normal_00634.png,Normal,3,stage1_synthesis,DCGAN
data/processed/synthetic_dcgan/Normal/images/dcgan_Normal_00635.png,Normal,3,stage1_synthesis,DCGAN
data/processed/synthetic_dcgan/Normal/images/dcgan_Normal_00636.png,Normal,3,stage1_synthesis,DCGAN
data/processed/synthetic_dcgan/Normal/images/dcgan_Normal_00637.png,Normal,3,stage1_synthesis,DCGAN
data/processed/synthetic_dcgan/Normal/images/dcgan_Normal_00638.png,Normal,3,stage1_synthesis,DCGAN
data/processed/synthetic_dcgan/Normal/images/dcgan_Normal_00639.png,Normal,3,stage1_synthesis,DCGAN
data/processed/synthetic_dcgan/Normal/images/dcgan_Normal_00640.png,Normal,3,stage1_synthesis,DCGAN
data/processed/synthetic_dcgan/Normal/images/dcgan_Normal_00641.png,Normal,3,stage1_synthesis,DCGAN
data/processed/synthetic_dcgan/Normal/images/dcgan_Normal_00642.png,Normal,3,stage1_synthesis,DCGAN
data/processed/synthetic_dcgan/Normal/images/dcgan_Normal_00643.png,Normal,3,stage1_synthesis,DCGAN
data/processed/synthetic_dcgan/Normal/images/dcgan_Normal_00644.png,Normal,3,stage1_synthesis,DCGAN
data/processed/synthetic_dcgan/Normal/images/dcgan_Normal_00645.png,Normal,3,stage1_synthesis,DCGAN
data/processed/synthetic_dcgan/Normal/images/dcgan_Normal_00646.png,Normal,3,stage1_synthesis,DCGAN
data/processed/synthetic_dcgan/Normal/images/dcgan_Normal_00647.png,Normal,3,stage1_synthesis,DCGAN
data/processed/synthetic_dcgan/Normal/images/dcgan_Normal_00648.png,Normal,3,stage1_synthesis,DCGAN
data/processed/synthetic_dcgan/Normal/images/dcgan_Normal_00649.png,Normal,3,stage1_synthesis,DCGAN
data/processed/synthetic_dcgan/Normal/images/dcgan_Normal_00650.png,Normal,3,stage1_synthesis,DCGAN
data/processed/synthetic_dcgan/Normal/images/dcgan_Normal_00651.png,Normal,3,stage1_synthesis,DCGAN
data/processed/synthetic_dcgan/Normal/images/dcgan_Normal_00652.png,Normal,3,stage1_synthesis,DCGAN
data/processed/synthetic_dcgan/Normal/images/dcgan_Normal_00653.png,Normal,3,stage1_synthesis,DCGAN
data/processed/synthetic_dcgan/Normal/images/dcgan_Normal_00654.png,Normal,3,stage1_synthesis,DCGAN
data/processed/synthetic_dcgan/Normal/images/dcgan_Normal_00655.png,Normal,3,stage1_synthesis,DCGAN
data/processed/synthetic_dcgan/Normal/images/dcgan_Normal_00656.png,Normal,3,stage1_synthesis,DCGAN
data/processed/synthetic_dcgan/Normal/images/dcgan_Normal_00657.png,Normal,3,stage1_synthesis,DCGAN
data/processed/synthetic_dcgan/Normal/images/dcgan_Normal_00658.png,Normal,3,stage1_synthesis,DCGAN
data/processed/synthetic_dcgan/Normal/images/dcgan_Normal_00659.png,Normal,3,stage1_synthesis,DCGAN
data/processed/synthetic_dcgan/Normal/images/dcgan_Normal_00660.png,Normal,3,stage1_synthesis,DCGAN
data/processed/synthetic_dcgan/Normal/images/dcgan_Normal_00661.png,Normal,3,stage1_synthesis,DCGAN
data/processed/synthetic_dcgan/Normal/images/dcgan_Normal_00662.png,Normal,3,stage1_synthesis,DCGAN
data/processed/synthetic_dcgan/Normal/images/dcgan_Normal_00663.png,Normal,3,stage1_synthesis,DCGAN
data/processed/synthetic_dcgan/Normal/images/dcgan_Normal_00664.png,Normal,3,stage1_synthesis,DCGAN
data/processed/synthetic_dcgan/Normal/images/dcgan_Normal_00665.png,Normal,3,stage1_synthesis,DCGAN
data/processed/synthetic_dcgan/Normal/images/dcgan_Normal_00666.png,Normal,3,stage1_synthesis,DCGAN
data/processed/synthetic_dcgan/Normal/images/dcgan_Normal_00667.png,Normal,3,stage1_synthesis,DCGAN
data/processed/synthetic_dcgan/Normal/images/dcgan_Normal_00668.png,Normal,3,stage1_synthesis,DCGAN
data/processed/synthetic_dcgan/Normal/images/dcgan_Normal_00669.png,Normal,3,stage1_synthesis,DCGAN
data/processed/synthetic_dcgan/Normal/images/dcgan_Normal_00670.png,Normal,3,stage1_synthesis,DCGAN
data/processed/synthetic_dcgan/Normal/images/dcgan_Normal_00671.png,Normal,3,stage1_synthesis,DCGAN
data/processed/synthetic_dcgan/Normal/images/dcgan_Normal_00672.png,Normal,3,stage1_synthesis,DCGAN
data/processed/synthetic_dcgan/Normal/images/dcgan_Normal_00673.png,Normal,3,stage1_synthesis,DCGAN
data/processed/synthetic_dcgan/Normal/images/dcgan_Normal_00674.png,Normal,3,stage1_synthesis,DCGAN
data/processed/synthetic_dcgan/Normal/images/dcgan_Normal_00675.png,Normal,3,stage1_synthesis,DCGAN
data/processed/synthetic_dcgan/Normal/images/dcgan_Normal_00676.png,Normal,3,stage1_synthesis,DCGAN
data/processed/synthetic_dcgan/Normal/images/dcgan_Normal_00677.png,Normal,3,stage1_synthesis,DCGAN
data/processed/synthetic_dcgan/Normal/images/dcgan_Normal_00678.png,Normal,3,stage1_synthesis,DCGAN
data/processed/synthetic_dcgan/Normal/images/dcgan_Normal_00679.png,Normal,3,stage1_synthesis,DCGAN
data/processed/synthetic_dcgan/Normal/images/dcgan_Normal_00680.png,Normal,3,stage1_synthesis,DCGAN
data/processed/synthetic_dcgan/Normal/images/dcgan_Normal_00681.png,Normal,3,stage1_synthesis,DCGAN
data/processed/synthetic_dcgan/Normal/images/dcgan_Normal_00682.png,Normal,3,stage1_synthesis,DCGAN
data/processed/synthetic_dcgan/Normal/images/dcgan_Normal_00683.png,Normal,3,stage1_synthesis,DCGAN
data/processed/synthetic_dcgan/Normal/images/dcgan_Normal_00684.png,Normal,3,stage1_synthesis,DCGAN
data/processed/synthetic_dcgan/Normal/images/dcgan_Normal_00685.png,Normal,3,stage1_synthesis,DCGAN
data/processed/synthetic_dcgan/Normal/images/dcgan_Normal_00686.png,Normal,3,stage1_synthesis,DCGAN
data/processed/synthetic_dcgan/Normal/images/dcgan_Normal_00687.png,Normal,3,stage1_synthesis,DCGAN
data/processed/synthetic_dcgan/Normal/images/dcgan_Normal_00688.png,Normal,3,stage1_synthesis,DCGAN
data/processed/synthetic_dcgan/Normal/images/dcgan_Normal_00689.png,Normal,3,stage1_synthesis,DCGAN
data/processed/synthetic_dcgan/Normal/images/dcgan_Normal_00690.png,Normal,3,stage1_synthesis,DCGAN
data/processed/synthetic_dcgan/Normal/images/dcgan_Normal_00691.png,Normal,3,stage1_synthesis,DCGAN
data/processed/synthetic_dcgan/Normal/images/dcgan_Normal_00692.png,Normal,3,stage1_synthesis,DCGAN
data/processed/synthetic_dcgan/Normal/images/dcgan_Normal_00693.png,Normal,3,stage1_synthesis,DCGAN
data/processed/synthetic_dcgan/Normal/images/dcgan_Normal_00694.png,Normal,3,stage1_synthesis,DCGAN
data/processed/synthetic_dcgan/Normal/images/dcgan_Normal_00695.png,Normal,3,stage1_synthesis,DCGAN
data/processed/synthetic_dcgan/Normal/images/dcgan_Normal_00696.png,Normal,3,stage1_synthesis,DCGAN
data/processed/synthetic_dcgan/Normal/images/dcgan_Normal_00697.png,Normal,3,stage1_synthesis,DCGAN
data/processed/synthetic_dcgan/Normal/images/dcgan_Normal_00698.png,Normal,3,stage1_synthesis,DCGAN
data/processed/synthetic_dcgan/Normal/images/dcgan_Normal_00699.png,Normal,3,stage1_synthesis,DCGAN
data/processed/synthetic_dcgan/Normal/images/dcgan_Normal_00700.png,Normal,3,stage1_synthesis,DCGAN
data/processed/synthetic_dcgan/Normal/images/dcgan_Normal_00701.png,Normal,3,stage1_synthesis,DCGAN
data/processed/synthetic_dcgan/Normal/images/dcgan_Normal_00702.png,Normal,3,stage1_synthesis,DCGAN
data/processed/synthetic_dcgan/Normal/images/dcgan_Normal_00703.png,Normal,3,stage1_synthesis,DCGAN
data/processed/synthetic_dcgan/Normal/images/dcgan_Normal_00704.png,Normal,3,stage1_synthesis,DCGAN
data/processed/synthetic_dcgan/Normal/images/dcgan_Normal_00705.png,Normal,3,stage1_synthesis,DCGAN
data/processed/synthetic_dcgan/Normal/images/dcgan_Normal_00706.png,Normal,3,stage1_synthesis,DCGAN
data/processed/synthetic_dcgan/Normal/images/dcgan_Normal_00707.png,Normal,3,stage1_synthesis,DCGAN
data/processed/synthetic_dcgan/Normal/images/dcgan_Normal_00708.png,Normal,3,stage1_synthesis,DCGAN
data/processed/synthetic_dcgan/Normal/images/dcgan_Normal_00709.png,Normal,3,stage1_synthesis,DCGAN
data/processed/synthetic_dcgan/Normal/images/dcgan_Normal_00710.png,Normal,3,stage1_synthesis,DCGAN
data/processed/synthetic_dcgan/Normal/images/dcgan_Normal_00711.png,Normal,3,stage1_synthesis,DCGAN
data/processed/synthetic_dcgan/Normal/images/dcgan_Normal_00712.png,Normal,3,stage1_synthesis,DCGAN
data/processed/synthetic_dcgan/Normal/images/dcgan_Normal_00713.png,Normal,3,stage1_synthesis,DCGAN
data/processed/synthetic_dcgan/Normal/images/dcgan_Normal_00714.png,Normal,3,stage1_synthesis,DCGAN
data/processed/synthetic_dcgan/Normal/images/dcgan_Normal_00715.png,Normal,3,stage1_synthesis,DCGAN
data/processed/synthetic_dcgan/Normal/images/dcgan_Normal_00716.png,Normal,3,stage1_synthesis,DCGAN
data/processed/synthetic_dcgan/Normal/images/dcgan_Normal_00717.png,Normal,3,stage1_synthesis,DCGAN
data/processed/synthetic_dcgan/Normal/images/dcgan_Normal_00718.png,Normal,3,stage1_synthesis,DCGAN
data/processed/synthetic_dcgan/Normal/images/dcgan_Normal_00719.png,Normal,3,stage1_synthesis,DCGAN
data/processed/synthetic_dcgan/Normal/images/dcgan_Normal_00720.png,Normal,3,stage1_synthesis,DCGAN
data/processed/synthetic_dcgan/Normal/images/dcgan_Normal_00721.png,Normal,3,stage1_synthesis,DCGAN
data/processed/synthetic_dcgan/Normal/images/dcgan_Normal_00722.png,Normal,3,stage1_synthesis,DCGAN
data/processed/synthetic_dcgan/Normal/images/dcgan_Normal_00723.png,Normal,3,stage1_synthesis,DCGAN
data/processed/synthetic_dcgan/Normal/images/dcgan_Normal_00724.png,Normal,3,stage1_synthesis,DCGAN
data/processed/synthetic_dcgan/Normal/images/dcgan_Normal_00725.png,Normal,3,stage1_synthesis,DCGAN
data/processed/synthetic_dcgan/Normal/images/dcgan_Normal_00726.png,Normal,3,stage1_synthesis,DCGAN
data/processed/synthetic_dcgan/Normal/images/dcgan_Normal_00727.png,Normal,3,stage1_synthesis,DCGAN
data/processed/synthetic_dcgan/Normal/images/dcgan_Normal_00728.png,Normal,3,stage1_synthesis,DCGAN
data/processed/synthetic_dcgan/Normal/images/dcgan_Normal_00729.png,Normal,3,stage1_synthesis,DCGAN
data/processed/synthetic_dcgan/Normal/images/dcgan_Normal_00730.png,Normal,3,stage1_synthesis,DCGAN
data/processed/synthetic_dcgan/Normal/images/dcgan_Normal_00731.png,Normal,3,stage1_synthesis,DCGAN
data/processed/synthetic_dcgan/Normal/images/dcgan_Normal_00732.png,Normal,3,stage1_synthesis,DCGAN
data/processed/synthetic_dcgan/Normal/images/dcgan_Normal_00733.png,Normal,3,stage1_synthesis,DCGAN
data/processed/synthetic_dcgan/Normal/images/dcgan_Normal_00734.png,Normal,3,stage1_synthesis,DCGAN
data/processed/synthetic_dcgan/Normal/images/dcgan_Normal_00735.png,Normal,3,stage1_synthesis,DCGAN
data/processed/synthetic_dcgan/Normal/images/dcgan_Normal_00736.png,Normal,3,stage1_synthesis,DCGAN
data/processed/synthetic_dcgan/Normal/images/dcgan_Normal_00737.png,Normal,3,stage1_synthesis,DCGAN
data/processed/synthetic_dcgan/Normal/images/dcgan_Normal_00738.png,Normal,3,stage1_synthesis,DCGAN
data/processed/synthetic_dcgan/Normal/images/dcgan_Normal_00739.png,Normal,3,stage1_synthesis,DCGAN
data/processed/synthetic_dcgan/Normal/images/dcgan_Normal_00740.png,Normal,3,stage1_synthesis,DCGAN
data/processed/synthetic_dcgan/Normal/images/dcgan_Normal_00741.png,Normal,3,stage1_synthesis,DCGAN
data/processed/synthetic_dcgan/Normal/images/dcgan_Normal_00742.png,Normal,3,stage1_synthesis,DCGAN
data/processed/synthetic_dcgan/Normal/images/dcgan_Normal_00743.png,Normal,3,stage1_synthesis,DCGAN
data/processed/synthetic_dcgan/Normal/images/dcgan_Normal_00744.png,Normal,3,stage1_synthesis,DCGAN
data/processed/synthetic_dcgan/Normal/images/dcgan_Normal_00745.png,Normal,3,stage1_synthesis,DCGAN
data/processed/synthetic_dcgan/Normal/images/dcgan_Normal_00746.png,Normal,3,stage1_synthesis,DCGAN
data/processed/synthetic_dcgan/Normal/images/dcgan_Normal_00747.png,Normal,3,stage1_synthesis,DCGAN
data/processed/synthetic_dcgan/Normal/images/dcgan_Normal_00748.png,Normal,3,stage1_synthesis,DCGAN
data/processed/synthetic_dcgan/Normal/images/dcgan_Normal_00749.png,Normal,3,stage1_synthesis,DCGAN
data/processed/synthetic_dcgan/Normal/images/dcgan_Normal_00750.png,Normal,3,stage1_synthesis,DCGAN
data/processed/synthetic_dcgan/Normal/images/dcgan_Normal_00751.png,Normal,3,stage1_synthesis,DCGAN
data/processed/synthetic_dcgan/Normal/images/dcgan_Normal_00752.png,Normal,3,stage1_synthesis,DCGAN
data/processed/synthetic_dcgan/Normal/images/dcgan_Normal_00753.png,Normal,3,stage1_synthesis,DCGAN
data/processed/synthetic_dcgan/Normal/images/dcgan_Normal_00754.png,Normal,3,stage1_synthesis,DCGAN
data/processed/synthetic_dcgan/Normal/images/dcgan_Normal_00755.png,Normal,3,stage1_synthesis,DCGAN
data/processed/synthetic_dcgan/Normal/images/dcgan_Normal_00756.png,Normal,3,stage1_synthesis,DCGAN
data/processed/synthetic_dcgan/Normal/images/dcgan_Normal_00757.png,Normal,3,stage1_synthesis,DCGAN
data/processed/synthetic_dcgan/Normal/images/dcgan_Normal_00758.png,Normal,3,stage1_synthesis,DCGAN
data/processed/synthetic_dcgan/Normal/images/dcgan_Normal_00759.png,Normal,3,stage1_synthesis,DCGAN
data/processed/synthetic_dcgan/Normal/images/dcgan_Normal_00760.png,Normal,3,stage1_synthesis,DCGAN
data/processed/synthetic_dcgan/Normal/images/dcgan_Normal_00761.png,Normal,3,stage1_synthesis,DCGAN
data/processed/synthetic_dcgan/Normal/images/dcgan_Normal_00762.png,Normal,3,stage1_synthesis,DCGAN
data/processed/synthetic_dcgan/Normal/images/dcgan_Normal_00763.png,Normal,3,stage1_synthesis,DCGAN
data/processed/synthetic_dcgan/Normal/images/dcgan_Normal_00764.png,Normal,3,stage1_synthesis,DCGAN
data/processed/synthetic_dcgan/Normal/images/dcgan_Normal_00765.png,Normal,3,stage1_synthesis,DCGAN
data/processed/synthetic_dcgan/Normal/images/dcgan_Normal_00766.png,Normal,3,stage1_synthesis,DCGAN
data/processed/synthetic_dcgan/Normal/images/dcgan_Normal_00767.png,Normal,3,stage1_synthesis,DCGAN
data/processed/synthetic_dcgan/Normal/images/dcgan_Normal_00768.png,Normal,3,stage1_synthesis,DCGAN
data/processed/synthetic_dcgan/Normal/images/dcgan_Normal_00769.png,Normal,3,stage1_synthesis,DCGAN
data/processed/synthetic_dcgan/Normal/images/dcgan_Normal_00770.png,Normal,3,stage1_synthesis,DCGAN
data/processed/synthetic_dcgan/Normal/images/dcgan_Normal_00771.png,Normal,3,stage1_synthesis,DCGAN
data/processed/synthetic_dcgan/Normal/images/dcgan_Normal_00772.png,Normal,3,stage1_synthesis,DCGAN
data/processed/synthetic_dcgan/Normal/images/dcgan_Normal_00773.png,Normal,3,stage1_synthesis,DCGAN
data/processed/synthetic_dcgan/Normal/images/dcgan_Normal_00774.png,Normal,3,stage1_synthesis,DCGAN
data/processed/synthetic_dcgan/Normal/images/dcgan_Normal_00775.png,Normal,3,stage1_synthesis,DCGAN
data/processed/synthetic_dcgan/Normal/images/dcgan_Normal_00776.png,Normal,3,stage1_synthesis,DCGAN
data/processed/synthetic_dcgan/Normal/images/dcgan_Normal_00777.png,Normal,3,stage1_synthesis,DCGAN
data/processed/synthetic_dcgan/Normal/images/dcgan_Normal_00778.png,Normal,3,stage1_synthesis,DCGAN
data/processed/synthetic_dcgan/Normal/images/dcgan_Normal_00779.png,Normal,3,stage1_synthesis,DCGAN
data/processed/synthetic_dcgan/Normal/images/dcgan_Normal_00780.png,Normal,3,stage1_synthesis,DCGAN
data/processed/synthetic_dcgan/Normal/images/dcgan_Normal_00781.png,Normal,3,stage1_synthesis,DCGAN
data/processed/synthetic_dcgan/Normal/images/dcgan_Normal_00782.png,Normal,3,stage1_synthesis,DCGAN
data/processed/synthetic_dcgan/Normal/images/dcgan_Normal_00783.png,Normal,3,stage1_synthesis,DCGAN
data/processed/synthetic_dcgan/Normal/images/dcgan_Normal_00784.png,Normal,3,stage1_synthesis,DCGAN
data/processed/synthetic_dcgan/Normal/images/dcgan_Normal_00785.png,Normal,3,stage1_synthesis,DCGAN
data/processed/synthetic_dcgan/Normal/images/dcgan_Normal_00786.png,Normal,3,stage1_synthesis,DCGAN
data/processed/synthetic_dcgan/Normal/images/dcgan_Normal_00787.png,Normal,3,stage1_synthesis,DCGAN
data/processed/synthetic_dcgan/Normal/images/dcgan_Normal_00788.png,Normal,3,stage1_synthesis,DCGAN
data/processed/synthetic_dcgan/Normal/images/dcgan_Normal_00789.png,Normal,3,stage1_synthesis,DCGAN
data/processed/synthetic_dcgan/Normal/images/dcgan_Normal_00790.png,Normal,3,stage1_synthesis,DCGAN
data/processed/synthetic_dcgan/Normal/images/dcgan_Normal_00791.png,Normal,3,stage1_synthesis,DCGAN
data/processed/synthetic_dcgan/Normal/images/dcgan_Normal_00792.png,Normal,3,stage1_synthesis,DCGAN
data/processed/synthetic_dcgan/Normal/images/dcgan_Normal_00793.png,Normal,3,stage1_synthesis,DCGAN
data/processed/synthetic_dcgan/Normal/images/dcgan_Normal_00794.png,Normal,3,stage1_synthesis,DCGAN
data/processed/synthetic_dcgan/Normal/images/dcgan_Normal_00795.png,Normal,3,stage1_synthesis,DCGAN
data/processed/synthetic_dcgan/Normal/images/dcgan_Normal_00796.png,Normal,3,stage1_synthesis,DCGAN
data/processed/synthetic_dcgan/Normal/images/dcgan_Normal_00797.png,Normal,3,stage1_synthesis,DCGAN
data/processed/synthetic_dcgan/Normal/images/dcgan_Normal_00798.png,Normal,3,stage1_synthesis,DCGAN
data/processed/synthetic_dcgan/Normal/images/dcgan_Normal_00799.png,Normal,3,stage1_synthesis,DCGAN
data/processed/synthetic_dcgan/Normal/images/dcgan_Normal_00800.png,Normal,3,stage1_synthesis,DCGAN
data/processed/synthetic_dcgan/Normal/images/dcgan_Normal_00801.png,Normal,3,stage1_synthesis,DCGAN
data/processed/synthetic_dcgan/Normal/images/dcgan_Normal_00802.png,Normal,3,stage1_synthesis,DCGAN
data/processed/synthetic_dcgan/Normal/images/dcgan_Normal_00803.png,Normal,3,stage1_synthesis,DCGAN
data/processed/synthetic_dcgan/Normal/images/dcgan_Normal_00804.png,Normal,3,stage1_synthesis,DCGAN
data/processed/synthetic_dcgan/Normal/images/dcgan_Normal_00805.png,Normal,3,stage1_synthesis,DCGAN
data/processed/synthetic_dcgan/Normal/images/dcgan_Normal_00806.png,Normal,3,stage1_synthesis,DCGAN
data/processed/synthetic_dcgan/Normal/images/dcgan_Normal_00807.png,Normal,3,stage1_synthesis,DCGAN
data/processed/synthetic_dcgan/Normal/images/dcgan_Normal_00808.png,Normal,3,stage1_synthesis,DCGAN
data/processed/synthetic_dcgan/Normal/images/dcgan_Normal_00809.png,Normal,3,stage1_synthesis,DCGAN
data/processed/synthetic_dcgan/Normal/images/dcgan_Normal_00810.png,Normal,3,stage1_synthesis,DCGAN
data/processed/synthetic_dcgan/Normal/images/dcgan_Normal_00811.png,Normal,3,stage1_synthesis,DCGAN
data/processed/synthetic_dcgan/Normal/images/dcgan_Normal_00812.png,Normal,3,stage1_synthesis,DCGAN
data/processed/synthetic_dcgan/Normal/images/dcgan_Normal_00813.png,Normal,3,stage1_synthesis,DCGAN
data/processed/synthetic_dcgan/Normal/images/dcgan_Normal_00814.png,Normal,3,stage1_synthesis,DCGAN
data/processed/synthetic_dcgan/Normal/images/dcgan_Normal_00815.png,Normal,3,stage1_synthesis,DCGAN
data/processed/synthetic_dcgan/Normal/images/dcgan_Normal_00816.png,Normal,3,stage1_synthesis,DCGAN
data/processed/synthetic_dcgan/Normal/images/dcgan_Normal_00817.png,Normal,3,stage1_synthesis,DCGAN
data/processed/synthetic_dcgan/Normal/images/dcgan_Normal_00818.png,Normal,3,stage1_synthesis,DCGAN
data/processed/synthetic_dcgan/Normal/images/dcgan_Normal_00819.png,Normal,3,stage1_synthesis,DCGAN
data/processed/synthetic_dcgan/Normal/images/dcgan_Normal_00820.png,Normal,3,stage1_synthesis,DCGAN
data/processed/synthetic_dcgan/Normal/images/dcgan_Normal_00821.png,Normal,3,stage1_synthesis,DCGAN
data/processed/synthetic_dcgan/Normal/images/dcgan_Normal_00822.png,Normal,3,stage1_synthesis,DCGAN
data/processed/synthetic_dcgan/Normal/images/dcgan_Normal_00823.png,Normal,3,stage1_synthesis,DCGAN
data/processed/synthetic_dcgan/Normal/images/dcgan_Normal_00824.png,Normal,3,stage1_synthesis,DCGAN
data/processed/synthetic_dcgan/Normal/images/dcgan_Normal_00825.png,Normal,3,stage1_synthesis,DCGAN
data/processed/synthetic_dcgan/Normal/images/dcgan_Normal_00826.png,Normal,3,stage1_synthesis,DCGAN
data/processed/synthetic_dcgan/Normal/images/dcgan_Normal_00827.png,Normal,3,stage1_synthesis,DCGAN
data/processed/synthetic_dcgan/Normal/images/dcgan_Normal_00828.png,Normal,3,stage1_synthesis,DCGAN
data/processed/synthetic_dcgan/Normal/images/dcgan_Normal_00829.png,Normal,3,stage1_synthesis,DCGAN
data/processed/synthetic_dcgan/Normal/images/dcgan_Normal_00830.png,Normal,3,stage1_synthesis,DCGAN
data/processed/synthetic_dcgan/Normal/images/dcgan_Normal_00831.png,Normal,3,stage1_synthesis,DCGAN
data/processed/synthetic_dcgan/Normal/images/dcgan_Normal_00832.png,Normal,3,stage1_synthesis,DCGAN
data/processed/synthetic_dcgan/Normal/images/dcgan_Normal_00833.png,Normal,3,stage1_synthesis,DCGAN
data/processed/synthetic_dcgan/Normal/images/dcgan_Normal_00834.png,Normal,3,stage1_synthesis,DCGAN
data/processed/synthetic_dcgan/Normal/images/dcgan_Normal_00835.png,Normal,3,stage1_synthesis,DCGAN
data/processed/synthetic_dcgan/Normal/images/dcgan_Normal_00836.png,Normal,3,stage1_synthesis,DCGAN
data/processed/synthetic_dcgan/Normal/images/dcgan_Normal_00837.png,Normal,3,stage1_synthesis,DCGAN
data/processed/synthetic_dcgan/Normal/images/dcgan_Normal_00838.png,Normal,3,stage1_synthesis,DCGAN
data/processed/synthetic_dcgan/Normal/images/dcgan_Normal_00839.png,Normal,3,stage1_synthesis,DCGAN
data/processed/synthetic_dcgan/Normal/images/dcgan_Normal_00840.png,Normal,3,stage1_synthesis,DCGAN
data/processed/synthetic_dcgan/Normal/images/dcgan_Normal_00841.png,Normal,3,stage1_synthesis,DCGAN
data/processed/synthetic_dcgan/Normal/images/dcgan_Normal_00842.png,Normal,3,stage1_synthesis,DCGAN
data/processed/synthetic_dcgan/Normal/images/dcgan_Normal_00843.png,Normal,3,stage1_synthesis,DCGAN
data/processed/synthetic_dcgan/Normal/images/dcgan_Normal_00844.png,Normal,3,stage1_synthesis,DCGAN
data/processed/synthetic_dcgan/Normal/images/dcgan_Normal_00845.png,Normal,3,stage1_synthesis,DCGAN
data/processed/synthetic_dcgan/Normal/images/dcgan_Normal_00846.png,Normal,3,stage1_synthesis,DCGAN
data/processed/synthetic_dcgan/Normal/images/dcgan_Normal_00847.png,Normal,3,stage1_synthesis,DCGAN
data/processed/synthetic_dcgan/Normal/images/dcgan_Normal_00848.png,Normal,3,stage1_synthesis,DCGAN
data/processed/synthetic_dcgan/Normal/images/dcgan_Normal_00849.png,Normal,3,stage1_synthesis,DCGAN
data/processed/synthetic_dcgan/Normal/images/dcgan_Normal_00850.png,Normal,3,stage1_synthesis,DCGAN
data/processed/synthetic_dcgan/Normal/images/dcgan_Normal_00851.png,Normal,3,stage1_synthesis,DCGAN
data/processed/synthetic_dcgan/Normal/images/dcgan_Normal_00852.png,Normal,3,stage1_synthesis,DCGAN
data/processed/synthetic_dcgan/Normal/images/dcgan_Normal_00853.png,Normal,3,stage1_synthesis,DCGAN
data/processed/synthetic_dcgan/Normal/images/dcgan_Normal_00854.png,Normal,3,stage1_synthesis,DCGAN
data/processed/synthetic_dcgan/Normal/images/dcgan_Normal_00855.png,Normal,3,stage1_synthesis,DCGAN
data/processed/synthetic_dcgan/Normal/images/dcgan_Normal_00856.png,Normal,3,stage1_synthesis,DCGAN
data/processed/synthetic_dcgan/Normal/images/dcgan_Normal_00857.png,Normal,3,stage1_synthesis,DCGAN
data/processed/synthetic_dcgan/Normal/images/dcgan_Normal_00858.png,Normal,3,stage1_synthesis,DCGAN
data/processed/synthetic_dcgan/Normal/images/dcgan_Normal_00859.png,Normal,3,stage1_synthesis,DCGAN
data/processed/synthetic_dcgan/Normal/images/dcgan_Normal_00860.png,Normal,3,stage1_synthesis,DCGAN
data/processed/synthetic_dcgan/Normal/images/dcgan_Normal_00861.png,Normal,3,stage1_synthesis,DCGAN
data/processed/synthetic_dcgan/Normal/images/dcgan_Normal_00862.png,Normal,3,stage1_synthesis,DCGAN
data/processed/synthetic_dcgan/Normal/images/dcgan_Normal_00863.png,Normal,3,stage1_synthesis,DCGAN
data/processed/synthetic_dcgan/Normal/images/dcgan_Normal_00864.png,Normal,3,stage1_synthesis,DCGAN
data/processed/synthetic_dcgan/Normal/images/dcgan_Normal_00865.png,Normal,3,stage1_synthesis,DCGAN
data/processed/synthetic_dcgan/Normal/images/dcgan_Normal_00866.png,Normal,3,stage1_synthesis,DCGAN
data/processed/synthetic_dcgan/Normal/images/dcgan_Normal_00867.png,Normal,3,stage1_synthesis,DCGAN
data/processed/synthetic_dcgan/Normal/images/dcgan_Normal_00868.png,Normal,3,stage1_synthesis,DCGAN
data/processed/synthetic_dcgan/Normal/images/dcgan_Normal_00869.png,Normal,3,stage1_synthesis,DCGAN
data/processed/synthetic_dcgan/Normal/images/dcgan_Normal_00870.png,Normal,3,stage1_synthesis,DCGAN
data/processed/synthetic_dcgan/Normal/images/dcgan_Normal_00871.png,Normal,3,stage1_synthesis,DCGAN
data/processed/synthetic_dcgan/Normal/images/dcgan_Normal_00872.png,Normal,3,stage1_synthesis,DCGAN
data/processed/synthetic_dcgan/Normal/images/dcgan_Normal_00873.png,Normal,3,stage1_synthesis,DCGAN
data/processed/synthetic_dcgan/Normal/images/dcgan_Normal_00874.png,Normal,3,stage1_synthesis,DCGAN
data/processed/synthetic_dcgan/Normal/images/dcgan_Normal_00875.png,Normal,3,stage1_synthesis,DCGAN
data/processed/synthetic_dcgan/Normal/images/dcgan_Normal_00876.png,Normal,3,stage1_synthesis,DCGAN
data/processed/synthetic_dcgan/Normal/images/dcgan_Normal_00877.png,Normal,3,stage1_synthesis,DCGAN
data/processed/synthetic_dcgan/Normal/images/dcgan_Normal_00878.png,Normal,3,stage1_synthesis,DCGAN
data/processed/synthetic_dcgan/Normal/images/dcgan_Normal_00879.png,Normal,3,stage1_synthesis,DCGAN
data/processed/synthetic_dcgan/Normal/images/dcgan_Normal_00880.png,Normal,3,stage1_synthesis,DCGAN
data/processed/synthetic_dcgan/Normal/images/dcgan_Normal_00881.png,Normal,3,stage1_synthesis,DCGAN
data/processed/synthetic_dcgan/Normal/images/dcgan_Normal_00882.png,Normal,3,stage1_synthesis,DCGAN
data/processed/synthetic_dcgan/Normal/images/dcgan_Normal_00883.png,Normal,3,stage1_synthesis,DCGAN
data/processed/synthetic_dcgan/Normal/images/dcgan_Normal_00884.png,Normal,3,stage1_synthesis,DCGAN
data/processed/synthetic_dcgan/Normal/images/dcgan_Normal_00885.png,Normal,3,stage1_synthesis,DCGAN
data/processed/synthetic_dcgan/Normal/images/dcgan_Normal_00886.png,Normal,3,stage1_synthesis,DCGAN
data/processed/synthetic_dcgan/Normal/images/dcgan_Normal_00887.png,Normal,3,stage1_synthesis,DCGAN
data/processed/synthetic_dcgan/Normal/images/dcgan_Normal_00888.png,Normal,3,stage1_synthesis,DCGAN
data/processed/synthetic_dcgan/Normal/images/dcgan_Normal_00889.png,Normal,3,stage1_synthesis,DCGAN
data/processed/synthetic_dcgan/Normal/images/dcgan_Normal_00890.png,Normal,3,stage1_synthesis,DCGAN
data/processed/synthetic_dcgan/Normal/images/dcgan_Normal_00891.png,Normal,3,stage1_synthesis,DCGAN
data/processed/synthetic_dcgan/Normal/images/dcgan_Normal_00892.png,Normal,3,stage1_synthesis,DCGAN
data/processed/synthetic_dcgan/Normal/images/dcgan_Normal_00893.png,Normal,3,stage1_synthesis,DCGAN
data/processed/synthetic_dcgan/Normal/images/dcgan_Normal_00894.png,Normal,3,stage1_synthesis,DCGAN
data/processed/synthetic_dcgan/Normal/images/dcgan_Normal_00895.png,Normal,3,stage1_synthesis,DCGAN
data/processed/synthetic_dcgan/Normal/images/dcgan_Normal_00896.png,Normal,3,stage1_synthesis,DCGAN
data/processed/synthetic_dcgan/Normal/images/dcgan_Normal_00897.png,Normal,3,stage1_synthesis,DCGAN
data/processed/synthetic_dcgan/Normal/images/dcgan_Normal_00898.png,Normal,3,stage1_synthesis,DCGAN
data/processed/synthetic_dcgan/Normal/images/dcgan_Normal_00899.png,Normal,3,stage1_synthesis,DCGAN
data/processed/synthetic_dcgan/Normal/images/dcgan_Normal_00900.png,Normal,3,stage1_synthesis,DCGAN
data/processed/synthetic_dcgan/Normal/images/dcgan_Normal_00901.png,Normal,3,stage1_synthesis,DCGAN
data/processed/synthetic_dcgan/Normal/images/dcgan_Normal_00902.png,Normal,3,stage1_synthesis,DCGAN
data/processed/synthetic_dcgan/Normal/images/dcgan_Normal_00903.png,Normal,3,stage1_synthesis,DCGAN
data/processed/synthetic_dcgan/Normal/images/dcgan_Normal_00904.png,Normal,3,stage1_synthesis,DCGAN
data/processed/synthetic_dcgan/Normal/images/dcgan_Normal_00905.png,Normal,3,stage1_synthesis,DCGAN
data/processed/synthetic_dcgan/Normal/images/dcgan_Normal_00906.png,Normal,3,stage1_synthesis,DCGAN
data/processed/synthetic_dcgan/Normal/images/dcgan_Normal_00907.png,Normal,3,stage1_synthesis,DCGAN
data/processed/synthetic_dcgan/Normal/images/dcgan_Normal_00908.png,Normal,3,stage1_synthesis,DCGAN
data/processed/synthetic_dcgan/Normal/images/dcgan_Normal_00909.png,Normal,3,stage1_synthesis,DCGAN
data/processed/synthetic_dcgan/Normal/images/dcgan_Normal_00910.png,Normal,3,stage1_synthesis,DCGAN
data/processed/synthetic_dcgan/Normal/images/dcgan_Normal_00911.png,Normal,3,stage1_synthesis,DCGAN
data/processed/synthetic_dcgan/Normal/images/dcgan_Normal_00912.png,Normal,3,stage1_synthesis,DCGAN
data/processed/synthetic_dcgan/Normal/images/dcgan_Normal_00913.png,Normal,3,stage1_synthesis,DCGAN
data/processed/synthetic_dcgan/Normal/images/dcgan_Normal_00914.png,Normal,3,stage1_synthesis,DCGAN
data/processed/synthetic_dcgan/Normal/images/dcgan_Normal_00915.png,Normal,3,stage1_synthesis,DCGAN
data/processed/synthetic_dcgan/Normal/images/dcgan_Normal_00916.png,Normal,3,stage1_synthesis,DCGAN
data/processed/synthetic_dcgan/Normal/images/dcgan_Normal_00917.png,Normal,3,stage1_synthesis,DCGAN
data/processed/synthetic_dcgan/Normal/images/dcgan_Normal_00918.png,Normal,3,stage1_synthesis,DCGAN
data/processed/synthetic_dcgan/Normal/images/dcgan_Normal_00919.png,Normal,3,stage1_synthesis,DCGAN
data/processed/synthetic_dcgan/Normal/images/dcgan_Normal_00920.png,Normal,3,stage1_synthesis,DCGAN
data/processed/synthetic_dcgan/Normal/images/dcgan_Normal_00921.png,Normal,3,stage1_synthesis,DCGAN
data/processed/synthetic_dcgan/Normal/images/dcgan_Normal_00922.png,Normal,3,stage1_synthesis,DCGAN
data/processed/synthetic_dcgan/Normal/images/dcgan_Normal_00923.png,Normal,3,stage1_synthesis,DCGAN
data/processed/synthetic_dcgan/Normal/images/dcgan_Normal_00924.png,Normal,3,stage1_synthesis,DCGAN
data/processed/synthetic_dcgan/Normal/images/dcgan_Normal_00925.png,Normal,3,stage1_synthesis,DCGAN
data/processed/synthetic_dcgan/Normal/images/dcgan_Normal_00926.png,Normal,3,stage1_synthesis,DCGAN
data/processed/synthetic_dcgan/Normal/images/dcgan_Normal_00927.png,Normal,3,stage1_synthesis,DCGAN
data/processed/synthetic_dcgan/Normal/images/dcgan_Normal_00928.png,Normal,3,stage1_synthesis,DCGAN
data/processed/synthetic_dcgan/Normal/images/dcgan_Normal_00929.png,Normal,3,stage1_synthesis,DCGAN
data/processed/synthetic_dcgan/Normal/images/dcgan_Normal_00930.png,Normal,3,stage1_synthesis,DCGAN
data/processed/synthetic_dcgan/Normal/images/dcgan_Normal_00931.png,Normal,3,stage1_synthesis,DCGAN
data/processed/synthetic_dcgan/Normal/images/dcgan_Normal_00932.png,Normal,3,stage1_synthesis,DCGAN
data/processed/synthetic_dcgan/Normal/images/dcgan_Normal_00933.png,Normal,3,stage1_synthesis,DCGAN
data/processed/synthetic_dcgan/Normal/images/dcgan_Normal_00934.png,Normal,3,stage1_synthesis,DCGAN
data/processed/synthetic_dcgan/Normal/images/dcgan_Normal_00935.png,Normal,3,stage1_synthesis,DCGAN
data/processed/synthetic_dcgan/Normal/images/dcgan_Normal_00936.png,Normal,3,stage1_synthesis,DCGAN
data/processed/synthetic_dcgan/Normal/images/dcgan_Normal_00937.png,Normal,3,stage1_synthesis,DCGAN
data/processed/synthetic_dcgan/Normal/images/dcgan_Normal_00938.png,Normal,3,stage1_synthesis,DCGAN
data/processed/synthetic_dcgan/Normal/images/dcgan_Normal_00939.png,Normal,3,stage1_synthesis,DCGAN
data/processed/synthetic_dcgan/Normal/images/dcgan_Normal_00940.png,Normal,3,stage1_synthesis,DCGAN
data/processed/synthetic_dcgan/Normal/images/dcgan_Normal_00941.png,Normal,3,stage1_synthesis,DCGAN
data/processed/synthetic_dcgan/Normal/images/dcgan_Normal_00942.png,Normal,3,stage1_synthesis,DCGAN
data/processed/synthetic_dcgan/Normal/images/dcgan_Normal_00943.png,Normal,3,stage1_synthesis,DCGAN
data/processed/synthetic_dcgan/Normal/images/dcgan_Normal_00944.png,Normal,3,stage1_synthesis,DCGAN
data/processed/synthetic_dcgan/Normal/images/dcgan_Normal_00945.png,Normal,3,stage1_synthesis,DCGAN
data/processed/synthetic_dcgan/Normal/images/dcgan_Normal_00946.png,Normal,3,stage1_synthesis,DCGAN
data/processed/synthetic_dcgan/Normal/images/dcgan_Normal_00947.png,Normal,3,stage1_synthesis,DCGAN
data/processed/synthetic_dcgan/Normal/images/dcgan_Normal_00948.png,Normal,3,stage1_synthesis,DCGAN
data/processed/synthetic_dcgan/Normal/images/dcgan_Normal_00949.png,Normal,3,stage1_synthesis,DCGAN
data/processed/synthetic_dcgan/Normal/images/dcgan_Normal_00950.png,Normal,3,stage1_synthesis,DCGAN
data/processed/synthetic_dcgan/Normal/images/dcgan_Normal_00951.png,Normal,3,stage1_synthesis,DCGAN
data/processed/synthetic_dcgan/Normal/images/dcgan_Normal_00952.png,Normal,3,stage1_synthesis,DCGAN
data/processed/synthetic_dcgan/Normal/images/dcgan_Normal_00953.png,Normal,3,stage1_synthesis,DCGAN
data/processed/synthetic_dcgan/Normal/images/dcgan_Normal_00954.png,Normal,3,stage1_synthesis,DCGAN
data/processed/synthetic_dcgan/Normal/images/dcgan_Normal_00955.png,Normal,3,stage1_synthesis,DCGAN
data/processed/synthetic_dcgan/Normal/images/dcgan_Normal_00956.png,Normal,3,stage1_synthesis,DCGAN
data/processed/synthetic_dcgan/Normal/images/dcgan_Normal_00957.png,Normal,3,stage1_synthesis,DCGAN
data/processed/synthetic_dcgan/Normal/images/dcgan_Normal_00958.png,Normal,3,stage1_synthesis,DCGAN
data/processed/synthetic_dcgan/Normal/images/dcgan_Normal_00959.png,Normal,3,stage1_synthesis,DCGAN
data/processed/synthetic_dcgan/Normal/images/dcgan_Normal_00960.png,Normal,3,stage1_synthesis,DCGAN
data/processed/synthetic_dcgan/Normal/images/dcgan_Normal_00961.png,Normal,3,stage1_synthesis,DCGAN
data/processed/synthetic_dcgan/Normal/images/dcgan_Normal_00962.png,Normal,3,stage1_synthesis,DCGAN
data/processed/synthetic_dcgan/Normal/images/dcgan_Normal_00963.png,Normal,3,stage1_synthesis,DCGAN
data/processed/synthetic_dcgan/Normal/images/dcgan_Normal_00964.png,Normal,3,stage1_synthesis,DCGAN
data/processed/synthetic_dcgan/Normal/images/dcgan_Normal_00965.png,Normal,3,stage1_synthesis,DCGAN
data/processed/synthetic_dcgan/Normal/images/dcgan_Normal_00966.png,Normal,3,stage1_synthesis,DCGAN
data/processed/synthetic_dcgan/Normal/images/dcgan_Normal_00967.png,Normal,3,stage1_synthesis,DCGAN
data/processed/synthetic_dcgan/Normal/images/dcgan_Normal_00968.png,Normal,3,stage1_synthesis,DCGAN
data/processed/synthetic_dcgan/Normal/images/dcgan_Normal_00969.png,Normal,3,stage1_synthesis,DCGAN
data/processed/synthetic_dcgan/Normal/images/dcgan_Normal_00970.png,Normal,3,stage1_synthesis,DCGAN
data/processed/synthetic_dcgan/Normal/images/dcgan_Normal_00971.png,Normal,3,stage1_synthesis,DCGAN
data/processed/synthetic_dcgan/Normal/images/dcgan_Normal_00972.png,Normal,3,stage1_synthesis,DCGAN
data/processed/synthetic_dcgan/Normal/images/dcgan_Normal_00973.png,Normal,3,stage1_synthesis,DCGAN
data/processed/synthetic_dcgan/Normal/images/dcgan_Normal_00974.png,Normal,3,stage1_synthesis,DCGAN
data/processed/synthetic_dcgan/Normal/images/dcgan_Normal_00975.png,Normal,3,stage1_synthesis,DCGAN
data/processed/synthetic_dcgan/Normal/images/dcgan_Normal_00976.png,Normal,3,stage1_synthesis,DCGAN
data/processed/synthetic_dcgan/Normal/images/dcgan_Normal_00977.png,Normal,3,stage1_synthesis,DCGAN
data/processed/synthetic_dcgan/Normal/images/dcgan_Normal_00978.png,Normal,3,stage1_synthesis,DCGAN
data/processed/synthetic_dcgan/Normal/images/dcgan_Normal_00979.png,Normal,3,stage1_synthesis,DCGAN
data/processed/synthetic_dcgan/Normal/images/dcgan_Normal_00980.png,Normal,3,stage1_synthesis,DCGAN
data/processed/synthetic_dcgan/Normal/images/dcgan_Normal_00981.png,Normal,3,stage1_synthesis,DCGAN
data/processed/synthetic_dcgan/Normal/images/dcgan_Normal_00982.png,Normal,3,stage1_synthesis,DCGAN
data/processed/synthetic_dcgan/Normal/images/dcgan_Normal_00983.png,Normal,3,stage1_synthesis,DCGAN
data/processed/synthetic_dcgan/Normal/images/dcgan_Normal_00984.png,Normal,3,stage1_synthesis,DCGAN
data/processed/synthetic_dcgan/Normal/images/dcgan_Normal_00985.png,Normal,3,stage1_synthesis,DCGAN
data/processed/synthetic_dcgan/Normal/images/dcgan_Normal_00986.png,Normal,3,stage1_synthesis,DCGAN
data/processed/synthetic_dcgan/Normal/images/dcgan_Normal_00987.png,Normal,3,stage1_synthesis,DCGAN
data/processed/synthetic_dcgan/Normal/images/dcgan_Normal_00988.png,Normal,3,stage1_synthesis,DCGAN
data/processed/synthetic_dcgan/Normal/images/dcgan_Normal_00989.png,Normal,3,stage1_synthesis,DCGAN
data/processed/synthetic_dcgan/Normal/images/dcgan_Normal_00990.png,Normal,3,stage1_synthesis,DCGAN
data/processed/synthetic_dcgan/Normal/images/dcgan_Normal_00991.png,Normal,3,stage1_synthesis,DCGAN
data/processed/synthetic_dcgan/Normal/images/dcgan_Normal_00992.png,Normal,3,stage1_synthesis,DCGAN
data/processed/synthetic_dcgan/Normal/images/dcgan_Normal_00993.png,Normal,3,stage1_synthesis,DCGAN
data/processed/synthetic_dcgan/Normal/images/dcgan_Normal_00994.png,Normal,3,stage1_synthesis,DCGAN
data/processed/synthetic_dcgan/Normal/images/dcgan_Normal_00995.png,Normal,3,stage1_synthesis,DCGAN
data/processed/synthetic_dcgan/Normal/images/dcgan_Normal_00996.png,Normal,3,stage1_synthesis,DCGAN
data/processed/synthetic_dcgan/Normal/images/dcgan_Normal_00997.png,Normal,3,stage1_synthesis,DCGAN
data/processed/synthetic_dcgan/Normal/images/dcgan_Normal_00998.png,Normal,3,stage1_synthesis,DCGAN
data/processed/synthetic_dcgan/Normal/images/dcgan_Normal_00999.png,Normal,3,stage1_synthesis,DCGAN
